node_name,subfamily,distance
XP_014350898_1_geneid_106705580_taxid_7897,TAS1R3,0.566533
**node_10,TAS1R3,0.154441
**node_114,TAS1R3,0.200874
XP_019747950_1_geneid_109529169_taxid_109280,TAS1R3,0.256075
**node_8,TAS1R3,0.026011
**node_9,TAS1R3,0.772817
XP_018556182_1_geneid_108899920_taxid_8187,TAS1R3,0.141295
**node_2,TAS1R3,0.027305
**node_3,TAS1R3,0.013957
**node_6,TAS1R3,0.0309
**node_7,TAS1R3,0.039206
XP_023266029_1_geneid_111657922_taxid_1841481,TAS1R3,0.011431
**node_1,TAS1R3,0.089977
XP_022604054_1_geneid_111223995_taxid_41447,TAS1R3,0.00987
XP_026205130_1_geneid_113154908_taxid_64144,TAS1R3,0.226499
XP_024915801_1_geneid_103385685_taxid_244447,TAS1R3,0.275164
**node_4,TAS1R3,0.024442
**node_5,TAS1R3,0.009855
XP_019956997_1_geneid_109638452_taxid_8255,TAS1R3,0.162178
NP_001098195_1_geneid_100049303_taxid_8090,TAS1R3,0.4453
XP_010729654_2_geneid_104919351_taxid_215358,TAS1R3,0.235678
XP_020787901_1_geneid_110166942_taxid_150288,TAS1R3,0.270939
XP_006886006_1_geneid_102851664_taxid_28737,TAS1R3,0.17725
**node_14,TAS1R3,0.023818
**node_15,TAS1R3,0.089892
**node_100,TAS1R3,0.043816
**node_101,TAS1R3,0.157006
**node_103,TAS1R3,0.406699
**node_113,TAS1R3,0.167866
XP_006871826_1_geneid_102820567_taxid_185453,TAS1R3,0.114918
**node_13,TAS1R3,0.023015
XP_023594554_1_geneid_101341351_taxid_127582,TAS1R3,0.090534
**node_11,TAS1R3,0.063929
**node_12,TAS1R3,0.019721
XP_023407612_1_geneid_100657935_taxid_9785,TAS1R3,0.082628
XP_007943697_1_geneid_103200920_taxid_1230840,TAS1R3,0.092763
XP_004705553_1_geneid_101639538_taxid_9371,TAS1R3,0.144225
XP_008507961_1_geneid_103542808_taxid_9798,TAS1R3,0.042338
**node_16,TAS1R3,0.002485
**node_17,TAS1R3,0.08511
**node_18,TAS1R3,0.086916
**node_31,TAS1R3,0.013234
**node_47,TAS1R3,0.012272
**node_51,TAS1R3,0.022062
**node_52,TAS1R3,0.048887
**node_99,TAS1R3,0.047039
XP_001915813_2_geneid_100065915_taxid_9796,TAS1R3,0.002361
XP_014718657_1_geneid_106845237_taxid_9793,TAS1R3,0.004595
XP_014639207_1_geneid_101394547_taxid_73337,TAS1R3,0.077986
XP_017916021_1_geneid_102189978_taxid_9925,TAS1R3,0.01001
**node_19,TAS1R3,0.026267
**node_24,TAS1R3,0.128749
**node_25,TAS1R3,0.038423
**node_26,TAS1R3,0.008977
**node_30,TAS1R3,0.021156
XP_014963138_1_geneid_101104514_taxid_9940,TAS1R3,2e-06
XP_010848527_1_geneid_104996097_taxid_43346,TAS1R3,0.013639
**node_20,TAS1R3,0.002447
**node_22,TAS1R3,0.004908
**node_23,TAS1R3,0.006679
XP_014338417_1_geneid_102274056_taxid_72004,TAS1R3,0.001207
XP_019831762_1_geneid_109570333_taxid_9915,TAS1R3,0.014935
**node_21,TAS1R3,0.001218
XP_024832578_1_geneid_101904771_taxid_9913,TAS1R3,0.001217
XP_025141518_1_geneid_102389580_taxid_89462,TAS1R3,0.031234
XP_023981430_1_geneid_102989736_taxid_9755,TAS1R3,0.254775
NP_001106759_1_geneid_100127440_taxid_9823,TAS1R3,0.10482
XP_010955978_1_geneid_105071068_taxid_9837,TAS1R3,0.001225
**node_27,TAS1R3,0.001444
**node_28,TAS1R3,0.006605
**node_29,TAS1R3,0.12017
XP_006175459_2_geneid_102520719_taxid_419612,TAS1R3,0.001443
XP_010997678_1_geneid_105105576_taxid_9838,TAS1R3,0.006196
XP_015093694_1_geneid_102534438_taxid_30538,TAS1R3,0.011678
XP_012420299_1_geneid_101372597_taxid_9708,TAS1R3,0.044872
**node_32,TAS1R3,0.042404
**node_33,TAS1R3,0.025912
**node_35,TAS1R3,0.008026
**node_37,TAS1R3,0.010866
**node_40,TAS1R3,0.023426
**node_45,TAS1R3,0.022596
**node_46,TAS1R3,0.017307
XP_025711627_1_geneid_112811646_taxid_34884,TAS1R3,0.05819
XP_021539011_1_geneid_110574593_taxid_29088,TAS1R3,0.115748
XP_019648209_1_geneid_100471724_taxid_9646,TAS1R3,0.033275
**node_34,TAS1R3,0.013206
XP_008709880_1_geneid_103682076_taxid_29073,TAS1R3,0.021187
XP_004781383_2_geneid_101671043_taxid_9669,TAS1R3,0.031964
**node_36,TAS1R3,0.050696
XP_022370063_1_geneid_111154624_taxid_391180,TAS1R3,0.021236
XP_025862688_1_geneid_112926032_taxid_9627,TAS1R3,0.004992
**node_39,TAS1R3,0.05758
XP_025284569_1_geneid_112647619_taxid_286419,TAS1R3,1e-06
**node_38,TAS1R3,0.002452
NP_001026991_1_geneid_489594_taxid_9615,TAS1R3,0.002477
XP_025768113_1_geneid_112848576_taxid_9696,TAS1R3,0.008588
**node_41,TAS1R3,0.001257
**node_44,TAS1R3,0.085688
XP_014942723_1_geneid_106988771_taxid_32536,TAS1R3,0.015201
XP_019316589_1_geneid_109273919_taxid_9691,TAS1R3,0.001213
**node_42,TAS1R3,0.006095
**node_43,TAS1R3,0.002472
XP_007094661_1_geneid_102972417_taxid_74533,TAS1R3,0.002442
NP_001108019_1_geneid_100136905_taxid_9685,TAS1R3,0.009799
XP_017534743_1_geneid_108408960_taxid_9974,TAS1R3,0.149221
XP_011375591_1_geneid_105303572_taxid_132908,TAS1R3,0.003872
**node_48,TAS1R3,0.039721
**node_49,TAS1R3,0.118225
**node_50,TAS1R3,0.045796
XP_006903993_1_geneid_102888936_taxid_9402,TAS1R3,0.007162
XP_015999953_1_geneid_107510702_taxid_9407,TAS1R3,0.069185
XP_019514084_1_geneid_109391190_taxid_186990,TAS1R3,0.128585
XP_007525799_1_geneid_103115877_taxid_9365,TAS1R3,0.249624
XP_008576365_1_geneid_103594863_taxid_482537,TAS1R3,0.137549
**node_55,TAS1R3,0.022664
**node_98,TAS1R3,0.044013
XP_003793347_2_geneid_100940837_taxid_30611,TAS1R3,0.153222
**node_54,TAS1R3,0.046031
XP_012631854_1_geneid_105877643_taxid_30608,TAS1R3,0.084367
**node_53,TAS1R3,0.061926
XP_012513011_1_geneid_105820956_taxid_379532,TAS1R3,0.060078
XP_020011315_1_geneid_109681151_taxid_51338,TAS1R3,0.089742
**node_56,TAS1R3,0.018637
**node_66,TAS1R3,0.033501
**node_73,TAS1R3,0.065865
**node_74,TAS1R3,0.021922
**node_97,TAS1R3,0.011249
XP_012892764_1_geneid_106002432_taxid_10020,TAS1R3,0.160854
XP_006992419_1_geneid_102922940_taxid_230844,TAS1R3,0.03426
**node_58,TAS1R3,0.009512
**node_63,TAS1R3,0.011581
**node_64,TAS1R3,0.029031
**node_65,TAS1R3,0.079851
XP_016819910_1_geneid_100770003_taxid_10029,TAS1R3,0.053957
**node_57,TAS1R3,0.018309
XP_005079286_2_geneid_101835087_taxid_10036,TAS1R3,0.059566
XP_021056774_1_geneid_110323753_taxid_10093,TAS1R3,0.021815
**node_60,TAS1R3,0.01871
**node_61,TAS1R3,0.026627
**node_62,TAS1R3,0.006541
XP_021016768_1_geneid_110293242_taxid_10089,TAS1R3,0.007205
**node_59,TAS1R3,0.008043
NP_114078_1_geneid_83771_taxid_10090,TAS1R3,0.018435
XP_008762556_1_geneid_170634_taxid_10116,TAS1R3,0.036389
XP_021511517_1_geneid_110560102_taxid_10047,TAS1R3,0.08025
XP_005368750_1_geneid_101983677_taxid_79684,TAS1R3,0.071927
XP_008850804_1_geneid_103749745_taxid_1026970,TAS1R3,0.068019
XP_015357014_1_geneid_107155593_taxid_9994,TAS1R3,0.01112
**node_68,TAS1R3,0.102673
**node_72,TAS1R3,0.01585
XP_026270684_1_geneid_113201251_taxid_9999,TAS1R3,0.015522
**node_67,TAS1R3,0.0104
XP_005339353_1_geneid_101964506_taxid_43179,TAS1R3,0.008633
XP_010626001_1_geneid_104864623_taxid_885580,TAS1R3,0.036304
**node_69,TAS1R3,0.011002
**node_71,TAS1R3,0.111397
XP_004863917_1_geneid_101715064_taxid_10181,TAS1R3,0.052386
XP_013359638_1_geneid_102024012_taxid_34839,TAS1R3,0.049885
**node_70,TAS1R3,0.039371
XP_004639736_2_geneid_101586288_taxid_10160,TAS1R3,0.062649
XP_006164228_1_geneid_102468702_taxid_246437,TAS1R3,0.174354
XP_021563929_1_geneid_103250887_taxid_1868482,TAS1R3,0.267361
**node_96,TAS1R3,0.045045
XP_003891006_2_geneid_101006688_taxid_9555,TAS1R3,0.002895
**node_75,TAS1R3,0.003945
**node_80,TAS1R3,0.005169
**node_81,TAS1R3,0.014633
**node_85,TAS1R3,0.032417
**node_91,TAS1R3,0.055445
**node_95,TAS1R3,0.061016
XP_025229549_1_geneid_112617033_taxid_9565,TAS1R3,0.006133
XP_011886488_1_geneid_105572430_taxid_9531,TAS1R3,0.002395
**node_76,TAS1R3,0.006234
**node_79,TAS1R3,0.001774
XP_011857372_1_geneid_105555177_taxid_9568,TAS1R3,0.001222
XP_011768650_1_geneid_105498315_taxid_9545,TAS1R3,0.004945
**node_78,TAS1R3,0.018264
XP_014977766_1_geneid_722378_taxid_9544,TAS1R3,0.004665
**node_77,TAS1R3,0.003237
XP_005545155_1_geneid_102138565_taxid_9541,TAS1R3,1e-06
XP_007979211_1_geneid_103225805_taxid_60711,TAS1R3,0.009179
XP_011811782_1_geneid_105522018_taxid_336983,TAS1R3,0.008823
**node_84,TAS1R3,0.013364
XP_017750722_1_geneid_108544208_taxid_61621,TAS1R3,0.108792
**node_82,TAS1R3,0.01172
**node_83,TAS1R3,0.002488
XP_010375617_1_geneid_104673322_taxid_61622,TAS1R3,1e-06
XP_023048582_1_geneid_111526839_taxid_591936,TAS1R3,0.023471
XP_024111307_1_geneid_100454856_taxid_9601,TAS1R3,0.022675
**node_89,TAS1R3,0.007327
**node_90,TAS1R3,0.011809
XP_003809536_1_geneid_100991225_taxid_9597,TAS1R3,0.004909
**node_86,TAS1R3,0.00372
**node_88,TAS1R3,0.021744
XP_016807477_1_geneid_100610821_taxid_9598,TAS1R3,1e-06
XP_004024510_1_geneid_101140940_taxid_9595,TAS1R3,0.016088
**node_87,TAS1R3,0.001117
NP_689414_2_geneid_83756_taxid_9606,TAS1R3,0.007447
XP_003282847_2_geneid_100603078_taxid_61853,TAS1R3,0.050766
XP_017398058_1_geneid_108313929_taxid_1737458,TAS1R3,0.091487
**node_94,TAS1R3,0.068817
XP_003939708_1_geneid_101044568_taxid_39432,TAS1R3,0.035587
**node_93,TAS1R3,0.007014
XP_017829444_1_geneid_100388211_taxid_9483,TAS1R3,0.039542
**node_92,TAS1R3,0.010059
XP_012323332_1_geneid_105727793_taxid_37293,TAS1R3,0.03118
XP_023441805_1_geneid_101411677_taxid_9361,TAS1R3,0.220089
XP_020827518_1_geneid_110197809_taxid_38626,TAS1R3,0.109988
**node_102,TAS1R3,0.181849
XP_007481142_1_geneid_103094777_taxid_13616,TAS1R3,0.116356
XP_015276089_1_geneid_107118299_taxid_146911,TAS1R3,0.208622
**node_104,TAS1R3,0.140203
**node_112,TAS1R3,0.160344
XP_003228982_3_geneid_100553279_taxid_28377,TAS1R3,0.34193
XP_019367377_1_geneid_109293745_taxid_94835,TAS1R3,0.025907
**node_105,TAS1R3,0.02735
**node_107,TAS1R3,0.231192
**node_111,TAS1R3,0.168992
XP_019397125_1_geneid_109314415_taxid_8502,TAS1R3,0.04956
XP_006277857_1_geneid_102570370_taxid_8496,TAS1R3,0.031578
**node_106,TAS1R3,0.031582
XP_006018901_1_geneid_102374715_taxid_38654,TAS1R3,0.019623
XP_007070304_1_geneid_102932548_taxid_8469,TAS1R3,0.065161
**node_109,TAS1R3,0.066026
**node_110,TAS1R3,0.177731
XP_008165571_1_geneid_101953900_taxid_8478,TAS1R3,0.013627
**node_108,TAS1R3,0.018445
XP_024057393_1_geneid_112107766_taxid_1415176,TAS1R3,0.022911
XP_006127185_1_geneid_102447934_taxid_13735,TAS1R3,0.13159
XP_020637656_1_geneid_110073127_taxid_103695,TAS1R3,0.827892
XP_014350145_1_geneid_102354003_taxid_7897,GPRC6A,0.364209
**node_105,GPRC6A,0.134799
XP_007484529_1_geneid_100029974_taxid_13616,GPRC6A,0.071531
**node_1,GPRC6A,0.08363
**node_93,GPRC6A,0.129221
**node_104,GPRC6A,0.275536
XP_020827314_1_geneid_110197615_taxid_38626,GPRC6A,0.172883
XP_004471287_1_geneid_101444360_taxid_9361,GPRC6A,0.071193
**node_92,GPRC6A,0.141684
XP_004382812_1_geneid_101352647_taxid_127582,GPRC6A,0.07411
**node_2,GPRC6A,0.008435
**node_6,GPRC6A,0.027118
**node_91,GPRC6A,0.01141
XP_003404312_1_geneid_100668965_taxid_9785,GPRC6A,0.040085
XP_006879070_1_geneid_102853499_taxid_28737,GPRC6A,0.077001
**node_4,GPRC6A,0.005923
**node_5,GPRC6A,0.010819
XP_004702079_1_geneid_101641402_taxid_9371,GPRC6A,0.094718
**node_3,GPRC6A,0.011049
XP_006839963_1_geneid_102820080_taxid_185453,GPRC6A,0.05654
XP_007954458_1_geneid_103210347_taxid_1230840,GPRC6A,0.060512
XP_017517352_1_geneid_108398091_taxid_9974,GPRC6A,0.067522
**node_19,GPRC6A,0.005481
**node_20,GPRC6A,0.003174
**node_24,GPRC6A,0.002386
**node_43,GPRC6A,0.004734
**node_90,GPRC6A,0.009433
XP_006205751_1_geneid_102544947_taxid_30538,GPRC6A,0.003106
**node_9,GPRC6A,0.069942
**node_10,GPRC6A,0.003763
**node_18,GPRC6A,0.012259
XP_010963773_1_geneid_105077163_taxid_9837,GPRC6A,1e-06
**node_7,GPRC6A,0.001063
**node_8,GPRC6A,0.004435
XP_006193142_1_geneid_102524145_taxid_419612,GPRC6A,0.001064
XP_010977454_1_geneid_105088336_taxid_9838,GPRC6A,1e-06
XP_020944846_1_geneid_100152099_taxid_9823,GPRC6A,0.046044
XP_024852970_1_geneid_783669_taxid_9913,GPRC6A,0.012411
**node_13,GPRC6A,0.026342
**node_14,GPRC6A,0.029681
**node_16,GPRC6A,0.112073
**node_17,GPRC6A,0.007151
XP_019822458_1_geneid_109563496_taxid_9915,GPRC6A,0.004276
**node_12,GPRC6A,0.004174
XP_010860113_1_geneid_105004259_taxid_43346,GPRC6A,0.010881
**node_11,GPRC6A,0.005513
XP_014334060_1_geneid_102276271_taxid_72004,GPRC6A,0.028326
XP_025150015_1_geneid_102415742_taxid_89462,GPRC6A,0.021903
XP_017909000_1_geneid_102174303_taxid_9925,GPRC6A,0.061263
**node_15,GPRC6A,0.059721
XP_014952743_1_geneid_101104322_taxid_9940,GPRC6A,0.022897
XP_007123900_1_geneid_102979846_taxid_9755,GPRC6A,0.075281
XP_007521091_1_geneid_103111701_taxid_9365,GPRC6A,0.108422
XP_004443936_1_geneid_101396519_taxid_73337,GPRC6A,0.044482
**node_23,GPRC6A,0.012752
XP_014721699_1_geneid_106847086_taxid_9793,GPRC6A,0.00411
**node_22,GPRC6A,0.038116
XP_008516180_1_geneid_103549550_taxid_9798,GPRC6A,1e-06
**node_21,GPRC6A,0.002311
XP_001504197_1_geneid_100067090_taxid_9796,GPRC6A,1e-06
XP_011363066_1_geneid_105295197_taxid_132908,GPRC6A,0.004215
**node_25,GPRC6A,0.021519
**node_26,GPRC6A,0.035899
**node_27,GPRC6A,0.011675
**node_42,GPRC6A,0.001069
XP_006926176_1_geneid_102883451_taxid_9402,GPRC6A,0.004323
XP_016019138_1_geneid_107520186_taxid_9407,GPRC6A,0.023137
XP_019523816_1_geneid_109396449_taxid_186990,GPRC6A,0.156998
XP_025858081_1_geneid_112922649_taxid_9627,GPRC6A,0.004873
**node_29,GPRC6A,0.02936
**node_36,GPRC6A,0.012206
**node_41,GPRC6A,0.014032
XP_541212_1_geneid_484095_taxid_9615,GPRC6A,0.00106
**node_28,GPRC6A,0.002563
XP_025278613_1_geneid_112644465_taxid_286419,GPRC6A,1e-06
XP_022359833_1_geneid_111147858_taxid_391180,GPRC6A,0.02136
**node_30,GPRC6A,0.025552
**node_33,GPRC6A,0.003801
**node_35,GPRC6A,0.009691
XP_004740129_1_geneid_101678504_taxid_9669,GPRC6A,0.0133
XP_025716486_1_geneid_112814929_taxid_34884,GPRC6A,0.005334
**node_31,GPRC6A,0.004294
**node_32,GPRC6A,0.006757
XP_004397999_1_geneid_101382705_taxid_9708,GPRC6A,0.003195
XP_021549241_1_geneid_110583518_taxid_29088,GPRC6A,0.019243
XP_008689398_1_geneid_103663465_taxid_29073,GPRC6A,0.004974
**node_34,GPRC6A,0.014634
XP_002924144_1_geneid_100476076_taxid_9646,GPRC6A,0.006782
XP_003986541_3_geneid_101092611_taxid_9685,GPRC6A,0.007426
**node_38,GPRC6A,0.003966
**node_40,GPRC6A,0.041452
XP_014920181_1_geneid_106968347_taxid_32536,GPRC6A,0.003178
**node_37,GPRC6A,0.001057
XP_025781435_1_geneid_112862360_taxid_9696,GPRC6A,1e-06
XP_007078750_1_geneid_102971183_taxid_74533,GPRC6A,0.003178
**node_39,GPRC6A,0.004529
XP_019273722_1_geneid_109248459_taxid_9691,GPRC6A,0.006383
XP_006157935_1_geneid_102472038_taxid_246437,GPRC6A,0.071867
**node_44,GPRC6A,0.004047
**node_89,GPRC6A,0.010139
XP_008565973_1_geneid_103586464_taxid_482537,GPRC6A,0.072635
XP_008066020_1_geneid_103270293_taxid_1868482,GPRC6A,0.111716
**node_47,GPRC6A,0.002891
**node_69,GPRC6A,0.005417
**node_88,GPRC6A,0.0012
XP_012505579_1_geneid_105815005_taxid_379532,GPRC6A,0.052876
**node_45,GPRC6A,0.027782
**node_46,GPRC6A,0.017586
XP_012609277_1_geneid_105865345_taxid_30608,GPRC6A,0.010883
XP_003781664_1_geneid_100962406_taxid_30611,GPRC6A,0.059766
XP_012315819_1_geneid_105722723_taxid_37293,GPRC6A,0.021368
**node_50,GPRC6A,0.02545
**node_68,GPRC6A,0.044836
XP_017404688_1_geneid_108318266_taxid_1737458,GPRC6A,0.019371
**node_49,GPRC6A,0.001244
XP_003938678_1_geneid_101031009_taxid_39432,GPRC6A,0.014533
**node_48,GPRC6A,0.001973
XP_002746942_1_geneid_100412340_taxid_9483,GPRC6A,0.027378
XP_002817324_2_geneid_100454304_taxid_9601,GPRC6A,0.013923
**node_54,GPRC6A,0.006913
**node_55,GPRC6A,0.00414
**node_67,GPRC6A,0.005192
XP_527484_2_geneid_472105_taxid_9598,GPRC6A,0.005316
**node_51,GPRC6A,0.002123
**node_52,GPRC6A,0.003187
**node_53,GPRC6A,0.006393
XP_003827625_1_geneid_100969940_taxid_9597,GPRC6A,0.001062
NP_683766_2_geneid_222545_taxid_9606,GPRC6A,0.005334
XP_004044633_1_geneid_101133888_taxid_9595,GPRC6A,0.003191
XP_012359521_1_geneid_100582033_taxid_61853,GPRC6A,0.009185
XP_003898316_1_geneid_101014037_taxid_9555,GPRC6A,0.005316
**node_56,GPRC6A,1e-06
**node_62,GPRC6A,0.003185
**node_66,GPRC6A,0.007077
XP_011905982_1_geneid_105581428_taxid_9531,GPRC6A,0.002123
XP_011712231_1_geneid_105465481_taxid_9545,GPRC6A,0.00106
**node_58,GPRC6A,0.001061
**node_60,GPRC6A,1e-06
**node_61,GPRC6A,0.001061
XP_005551721_1_geneid_102122280_taxid_9541,GPRC6A,0.004255
**node_57,GPRC6A,0.001056
XP_001111107_2_geneid_715520_taxid_9544,GPRC6A,0.004248
XP_025238164_1_geneid_112622673_taxid_9565,GPRC6A,0.003036
**node_59,GPRC6A,1e-06
XP_008005426_1_geneid_103240498_taxid_60711,GPRC6A,0.005315
XP_011857731_1_geneid_105555405_taxid_9568,GPRC6A,0.001061
XP_011790458_1_geneid_105506779_taxid_336983,GPRC6A,0.012603
**node_65,GPRC6A,0.005539
XP_023074762_1_geneid_111547280_taxid_591936,GPRC6A,0.00768
**node_64,GPRC6A,0.001051
XP_010371543_1_geneid_104670069_taxid_61622,GPRC6A,0.003187
**node_63,GPRC6A,0.005119
XP_017710943_1_geneid_108517481_taxid_61621,GPRC6A,0.004248
XP_012888265_1_geneid_105998164_taxid_10020,GPRC6A,0.096876
**node_70,GPRC6A,0.015351
**node_84,GPRC6A,0.006672
**node_87,GPRC6A,0.028975
XP_020007068_1_geneid_109674535_taxid_51338,GPRC6A,0.068512
XP_008834016_1_geneid_103736306_taxid_1026970,GPRC6A,0.056335
**node_79,GPRC6A,0.042832
**node_83,GPRC6A,0.005732
XP_021084703_1_geneid_106021400_taxid_10036,GPRC6A,0.098907
**node_71,GPRC6A,0.013402
**node_72,GPRC6A,0.004214
**node_73,GPRC6A,0.015464
**node_78,GPRC6A,0.04019
XP_007631767_1_geneid_100773740_taxid_10029,GPRC6A,0.024397
XP_006991450_1_geneid_102923661_taxid_230844,GPRC6A,0.039883
XP_005363665_1_geneid_101996725_taxid_79684,GPRC6A,0.039392
XP_021516216_1_geneid_110563466_taxid_10047,GPRC6A,0.087528
**node_77,GPRC6A,0.014226
XP_021061257_1_geneid_110326938_taxid_10093,GPRC6A,0.030569
**node_75,GPRC6A,0.007715
**node_76,GPRC6A,0.025611
XP_021030764_1_geneid_110303883_taxid_10089,GPRC6A,0.01076
**node_74,GPRC6A,0.016942
NP_694711_1_geneid_210198_taxid_10090,GPRC6A,0.010641
NP_001258035_1_geneid_294394_taxid_10116,GPRC6A,0.041193
XP_010643275_1_geneid_104876772_taxid_885580,GPRC6A,0.044975
**node_80,GPRC6A,0.025685
**node_82,GPRC6A,0.0762
XP_004860227_1_geneid_101702476_taxid_10181,GPRC6A,0.05309
XP_012369981_1_geneid_101590827_taxid_10160,GPRC6A,0.280326
**node_81,GPRC6A,0.021674
XP_005389175_1_geneid_102006948_taxid_34839,GPRC6A,0.105584
XP_015353960_1_geneid_107152948_taxid_9994,GPRC6A,0.012298
**node_86,GPRC6A,0.061829
XP_005336135_1_geneid_101973946_taxid_43179,GPRC6A,0.004522
**node_85,GPRC6A,0.004895
XP_026249872_1_geneid_113186601_taxid_9999,GPRC6A,0.005152
XP_015264573_1_geneid_107108619_taxid_146911,GPRC6A,0.057899
**node_95,GPRC6A,0.133517
**node_103,GPRC6A,0.06781
XP_008118621_1_geneid_100554469_taxid_28377,GPRC6A,0.061016
**node_94,GPRC6A,0.030204
XP_020657848_1_geneid_110083622_taxid_103695,GPRC6A,0.044898
XP_006123144_1_geneid_102450631_taxid_13735,GPRC6A,0.067395
**node_98,GPRC6A,0.067906
**node_102,GPRC6A,0.053256
XP_007056835_1_geneid_102935516_taxid_8469,GPRC6A,0.029293
**node_97,GPRC6A,0.018866
XP_005306435_1_geneid_101942863_taxid_8478,GPRC6A,0.003118
**node_96,GPRC6A,0.008348
XP_024061134_1_geneid_112110396_taxid_1415176,GPRC6A,0.004524
XP_019375771_1_geneid_109299705_taxid_94835,GPRC6A,0.008263
**node_99,GPRC6A,0.00815
**node_101,GPRC6A,0.116987
XP_019393734_1_geneid_109312145_taxid_8502,GPRC6A,0.011107
XP_006026226_1_geneid_102374742_taxid_38654,GPRC6A,0.003358
**node_100,GPRC6A,0.007147
XP_006258988_1_geneid_102565338_taxid_8496,GPRC6A,0.014979
XP_020789298_1_geneid_110168215_taxid_150288,GPRC6A,0.453606
**node_106,GPRC6A,0.01589
**node_112,GPRC6A,0.052969
**node_113,GPRC6A,0.056809
**node_114,GPRC6A,0.705236
XP_019118243_1_geneid_104931724_taxid_215358,GPRC6A,0.142192
XP_026228336_1_geneid_113170446_taxid_64144,GPRC6A,0.161054
**node_111,GPRC6A,0.011532
XP_019946969_1_geneid_109632223_taxid_8255,GPRC6A,0.202938
**node_107,GPRC6A,0.042713
**node_110,GPRC6A,0.030889
XP_008322092_2_geneid_103388738_taxid_244447,GPRC6A,0.309041
XP_022608934_1_geneid_111227629_taxid_41447,GPRC6A,0.019135
**node_108,GPRC6A,0.277489
**node_109,GPRC6A,0.019325
XP_023274374_1_geneid_111664131_taxid_1841481,GPRC6A,0.021657
XP_018536215_1_geneid_108886081_taxid_8187,GPRC6A,0.106339
XP_011483296_1_geneid_101162627_taxid_8090,GPRC6A,0.328353
XP_019735522_1_geneid_109521884_taxid_109280,GPRC6A,0.367666
XP_014351121_1_geneid_102364749_taxid_7897,CaSR,0.137026
**node_105,CaSR,0.020878
XP_007069528_1_geneid_102946726_taxid_8469,CaSR,0.011377
**node_2,CaSR,0.001132
**node_3,CaSR,0.029866
**node_7,CaSR,0.015708
**node_10,CaSR,0.023861
**node_104,CaSR,0.084365
XP_023964092_1_geneid_101949569_taxid_8478,CaSR,0.001892
**node_1,CaSR,0.012359
XP_024073519_1_geneid_112119176_taxid_1415176,CaSR,0.001871
XP_014436121_2_geneid_106732971_taxid_13735,CaSR,0.012955
XP_019371624_1_geneid_109296607_taxid_94835,CaSR,0.001882
**node_4,CaSR,0.008248
**node_6,CaSR,0.040574
XP_019399674_1_geneid_109316224_taxid_8502,CaSR,0.001884
XP_014382009_2_geneid_102382107_taxid_38654,CaSR,1e-06
**node_5,CaSR,0.001187
XP_019335657_1_geneid_102575409_taxid_8496,CaSR,0.001924
XP_015271946_1_geneid_107114860_taxid_146911,CaSR,0.043165
**node_8,CaSR,0.005348
**node_9,CaSR,0.054285
XP_020659777_1_geneid_110084625_taxid_103695,CaSR,0.037808
XP_008113475_1_geneid_100561507_taxid_28377,CaSR,0.03935
XP_001371567_1_geneid_100018274_taxid_13616,CaSR,0.010361
**node_11,CaSR,0.039834
**node_103,CaSR,0.055988
XP_020841592_1_geneid_110208103_taxid_38626,CaSR,0.022528
XP_007942093_1_geneid_103199586_taxid_1230840,CaSR,0.017539
**node_16,CaSR,0.014749
**node_101,CaSR,0.007952
**node_102,CaSR,0.052999
XP_004373689_1_geneid_101344617_taxid_127582,CaSR,0.010653
**node_12,CaSR,0.003941
**node_15,CaSR,0.002795
XP_003413014_1_geneid_100671950_taxid_9785,CaSR,0.027607
XP_004712283_1_geneid_101644174_taxid_9371,CaSR,0.04619
**node_13,CaSR,0.004961
**node_14,CaSR,0.003986
XP_006869482_1_geneid_102828455_taxid_185453,CaSR,0.019538
XP_006884299_1_geneid_102859651_taxid_28737,CaSR,0.048452
XP_008589364_1_geneid_103606565_taxid_482537,CaSR,0.027591
**node_99,CaSR,0.002503
**node_100,CaSR,0.00281
XP_021565612_1_geneid_103255016_taxid_1868482,CaSR,0.025482
**node_41,CaSR,0.004253
**node_79,CaSR,0.002111
**node_98,CaSR,0.001296
XP_011720429_1_geneid_105470290_taxid_9545,CaSR,1e-06
**node_21,CaSR,1e-06
**node_22,CaSR,0.002768
**node_23,CaSR,1e-06
**node_27,CaSR,0.00369
**node_33,CaSR,0.001844
**node_37,CaSR,0.01356
**node_40,CaSR,0.002747
XP_005548053_1_geneid_101867346_taxid_9541,CaSR,1e-06
**node_20,CaSR,1e-06
XP_014985476_1_geneid_714441_taxid_9544,CaSR,1e-06
**node_17,CaSR,1e-06
**node_19,CaSR,1e-06
XP_025232035_1_geneid_112618778_taxid_9565,CaSR,1e-06
XP_011826968_1_geneid_105533200_taxid_9568,CaSR,1e-06
**node_18,CaSR,1e-06
XP_011923914_1_geneid_105589770_taxid_9531,CaSR,1e-06
XP_009198358_1_geneid_101006482_taxid_9555,CaSR,0.000991
XP_007983805_1_geneid_103228191_taxid_60711,CaSR,0.00093
XP_010368831_1_geneid_104667917_taxid_61622,CaSR,0.000998
**node_24,CaSR,0.001998
**node_26,CaSR,0.003459
XP_017746497_1_geneid_108541446_taxid_61621,CaSR,1e-06
XP_023066861_1_geneid_111541991_taxid_591936,CaSR,0.002077
**node_25,CaSR,0.00092
XP_011806208_1_geneid_105518007_taxid_336983,CaSR,0.004389
XP_003275567_1_geneid_100602462_taxid_61853,CaSR,0.003687
**node_32,CaSR,0.002766
XP_018878448_1_geneid_101140602_taxid_9595,CaSR,0.000929
**node_29,CaSR,1e-06
**node_30,CaSR,0.00093
**node_31,CaSR,0.001845
XP_008948736_1_geneid_100982027_taxid_9597,CaSR,0.00093
**node_28,CaSR,0.001859
XP_516689_2_geneid_460628_taxid_9598,CaSR,0.00093
XP_006713852_1_geneid_846_taxid_9606,CaSR,0.003722
XP_024100653_1_geneid_100459602_taxid_9601,CaSR,0.003691
XP_012331660_1_geneid_105733676_taxid_37293,CaSR,0.004646
**node_36,CaSR,0.001859
XP_010350715_1_geneid_101044482_taxid_39432,CaSR,0.004642
**node_35,CaSR,1e-06
XP_002807659_2_geneid_100406413_taxid_9483,CaSR,0.007481
**node_34,CaSR,0.001857
XP_017363658_1_geneid_108288946_taxid_1737458,CaSR,0.00279
XP_012635959_1_geneid_105879893_taxid_30608,CaSR,0.015893
**node_38,CaSR,0.005688
**node_39,CaSR,0.008243
XP_012496041_1_geneid_105807262_taxid_379532,CaSR,0.003889
XP_003795128_1_geneid_100958607_taxid_30611,CaSR,0.016797
XP_017532270_1_geneid_108407427_taxid_9974,CaSR,0.02551
**node_54,CaSR,0.00523
**node_73,CaSR,0.000979
**node_74,CaSR,0.001023
**node_78,CaSR,0.007017
XP_006189944_1_geneid_102504794_taxid_419612,CaSR,0.001897
**node_42,CaSR,1e-06
**node_43,CaSR,0.001882
**node_44,CaSR,0.01117
**node_53,CaSR,0.011518
XP_010979844_1_geneid_105090302_taxid_9838,CaSR,1e-06
XP_010969195_1_geneid_105081618_taxid_9837,CaSR,0.00191
XP_006215809_1_geneid_102528218_taxid_30538,CaSR,0.003684
NP_001265677_1_geneid_100520980_taxid_9823,CaSR,0.021242
**node_52,CaSR,0.001875
XP_007112232_1_geneid_102978777_taxid_9755,CaSR,0.009612
**node_51,CaSR,0.002558
XP_012018386_1_geneid_101112527_taxid_9940,CaSR,0.001845
**node_45,CaSR,0.002582
**node_50,CaSR,0.015659
XP_017915478_1_geneid_102185783_taxid_9925,CaSR,0.005173
XP_005893486_1_geneid_102275412_taxid_72004,CaSR,0.000925
**node_48,CaSR,0.001385
**node_49,CaSR,0.000921
XP_010832554_1_geneid_104984500_taxid_43346,CaSR,0.002798
**node_47,CaSR,0.001384
XP_019810056_1_geneid_109554157_taxid_9915,CaSR,1e-06
**node_46,CaSR,0.002771
XP_005201442_2_geneid_281038_taxid_9913,CaSR,1e-06
XP_025140837_1_geneid_102407958_taxid_89462,CaSR,0.0037
XP_008514436_1_geneid_103548438_taxid_9798,CaSR,0.0094
**node_56,CaSR,0.017421
**node_57,CaSR,0.008222
**node_72,CaSR,0.002889
XP_014685100_1_geneid_106823746_taxid_9793,CaSR,0.000922
**node_55,CaSR,1e-06
XP_023478898_1_geneid_100034084_taxid_9796,CaSR,1e-06
XP_014647688_1_geneid_101397437_taxid_73337,CaSR,0.016164
XP_014937784_1_geneid_106984104_taxid_32536,CaSR,0.001855
**node_58,CaSR,1e-06
**node_59,CaSR,1e-06
**node_60,CaSR,1e-06
**node_61,CaSR,0.010169
**node_71,CaSR,0.008188
XP_007098381_1_geneid_102954246_taxid_74533,CaSR,0.000927
XP_019304099_1_geneid_109266471_taxid_9691,CaSR,1e-06
XP_019694773_1_geneid_100302732_taxid_9685,CaSR,1e-06
XP_025769166_1_geneid_112849689_taxid_9696,CaSR,0.000926
XP_004392008_1_geneid_101385726_taxid_9708,CaSR,0.003693
**node_62,CaSR,0.00103
**node_63,CaSR,0.017776
**node_65,CaSR,0.000984
**node_67,CaSR,0.00282
**node_70,CaSR,0.00262
XP_025724704_1_geneid_112821626_taxid_34884,CaSR,0.000927
XP_021548155_1_geneid_110582450_taxid_29088,CaSR,0.006493
XP_022370878_1_geneid_111155111_taxid_391180,CaSR,0.00282
**node_64,CaSR,0.004744
XP_012908141_1_geneid_101686145_taxid_9669,CaSR,0.00192
XP_008706394_1_geneid_103678767_taxid_29073,CaSR,0.000932
**node_66,CaSR,0.006259
XP_019663503_1_geneid_100483630_taxid_9646,CaSR,0.003095
XP_025845950_1_geneid_112913490_taxid_9627,CaSR,0.001115
**node_69,CaSR,0.024759
XP_022269434_1_geneid_488007_taxid_9615,CaSR,1e-06
**node_68,CaSR,0.000763
XP_025331321_1_geneid_112677341_taxid_286419,CaSR,1e-06
XP_007536588_1_geneid_103125705_taxid_9365,CaSR,0.045712
XP_015975536_1_geneid_107497789_taxid_9407,CaSR,0.008229
**node_76,CaSR,0.007143
**node_77,CaSR,0.007283
XP_006905618_1_geneid_102886543_taxid_9402,CaSR,0.001358
**node_75,CaSR,0.008348
XP_011369347_1_geneid_105299330_taxid_132908,CaSR,0.003241
XP_019506116_1_geneid_109386938_taxid_186990,CaSR,0.012132
XP_005327716_1_geneid_101959624_taxid_43179,CaSR,0.003712
**node_81,CaSR,0.017592
**node_97,CaSR,0.003531
XP_026251443_1_geneid_113187692_taxid_9999,CaSR,0.001836
**node_80,CaSR,0.000958
XP_015342774_1_geneid_107143540_taxid_9994,CaSR,0.003656
XP_020009014_1_geneid_109677456_taxid_51338,CaSR,0.052993
**node_92,CaSR,0.003135
**node_96,CaSR,0.008203
XP_012874826_1_geneid_105987931_taxid_10020,CaSR,0.043445
**node_91,CaSR,0.004714
XP_005345138_1_geneid_102001961_taxid_79684,CaSR,0.015382
**node_89,CaSR,0.008997
**node_90,CaSR,0.008973
XP_021040928_1_geneid_110311755_taxid_10089,CaSR,0.00537
**node_82,CaSR,0.004308
**node_83,CaSR,0.007286
**node_84,CaSR,0.0146
**node_88,CaSR,0.003079
XP_006521792_1_geneid_12374_taxid_10090,CaSR,1e-06
XP_021065216_1_geneid_110329728_taxid_10093,CaSR,0.005974
XP_017453360_1_geneid_24247_taxid_10116,CaSR,0.007266
XP_021083768_1_geneid_101837593_taxid_10036,CaSR,0.092372
**node_87,CaSR,1e-06
XP_021483480_1_geneid_110541014_taxid_10047,CaSR,0.026042
**node_85,CaSR,0.003838
**node_86,CaSR,0.001447
XP_007639986_1_geneid_100766791_taxid_10029,CaSR,0.009262
XP_006975769_1_geneid_102905972_taxid_230844,CaSR,0.009397
XP_008841154_1_geneid_103741970_taxid_1026970,CaSR,0.031263
XP_021106938_1_geneid_101725174_taxid_10181,CaSR,0.020927
**node_94,CaSR,0.006485
**node_95,CaSR,0.026722
XP_012372606_1_geneid_101571942_taxid_10160,CaSR,0.022298
**node_93,CaSR,0.012059
XP_013370496_1_geneid_102008556_taxid_34839,CaSR,0.026694
XP_010628282_1_geneid_104866161_taxid_885580,CaSR,0.04155
XP_006162423_1_geneid_102477960_taxid_246437,CaSR,0.024469
XP_004467230_1_geneid_101412395_taxid_9361,CaSR,0.026015
XP_019728762_1_geneid_109517814_taxid_109280,CaSR,0.072352
**node_106,CaSR,0.010665
**node_114,CaSR,0.269378
XP_020778770_1_geneid_110158605_taxid_150288,CaSR,0.058782
XP_018547145_1_geneid_108893522_taxid_8187,CaSR,0.019144
**node_113,CaSR,0.009985
XP_026227695_1_geneid_113170037_taxid_64144,CaSR,0.031721
**node_110,CaSR,0.002363
**node_112,CaSR,0.001397
XP_008331554_2_geneid_103395578_taxid_244447,CaSR,0.038514
**node_107,CaSR,0.008307
**node_109,CaSR,0.003597
XP_019941776_1_geneid_109628817_taxid_8255,CaSR,0.020752
XP_022618493_1_geneid_111234605_taxid_41447,CaSR,0.005288
**node_108,CaSR,0.007788
XP_023277490_1_geneid_111666385_taxid_1841481,CaSR,0.006334
XP_010749787_1_geneid_104935625_taxid_215358,CaSR,0.038833
**node_111,CaSR,0.001292
XP_023818522_1_geneid_101160185_taxid_8090,CaSR,0.080239
XP_020778156_1_geneid_110158070_taxid_150288,TAS1R2,0.302524
**node_9,TAS1R2,0.564157
XP_019743593_1_geneid_109526633_taxid_109280,TAS1R2,0.301288
**node_8,TAS1R2,0.108359
XP_026224386_1_geneid_113167762_taxid_64144,TAS1R2,0.23862
**node_1,TAS1R2,0.015275
**node_5,TAS1R2,0.009119
**node_7,TAS1R2,0.009517
XP_019944573_1_geneid_109630699_taxid_8255,TAS1R2,0.173867
XP_022597330_1_geneid_111219040_taxid_41447,TAS1R2,0.007996
**node_2,TAS1R2,0.096876
**node_3,TAS1R2,0.010499
**node_4,TAS1R2,0.011363
XP_023283332_1_geneid_111670718_taxid_1841481,TAS1R2,0.012287
XP_018544393_1_geneid_108891645_taxid_8187,TAS1R2,0.123564
XP_019131842_1_geneid_109142456_taxid_215358,TAS1R2,0.108243
XP_023812005_1_geneid_101155274_taxid_8090,TAS1R2,0.534159
**node_6,TAS1R2,0.086196
XP_008316229_1_geneid_103384478_taxid_244447,TAS1R2,0.234667
XP_005986178_1_geneid_102363609_taxid_7897,TAS1R2,0.532495
**node_114,TAS1R2,0.18581
XP_008122812_1_geneid_100567953_taxid_28377,TAS1R2,0.293186
**node_10,TAS1R2,0.063685
**node_11,TAS1R2,0.163438
**node_19,TAS1R2,0.11215
**node_113,TAS1R2,0.267086
XP_020637632_1_geneid_110073104_taxid_103695,TAS1R2,0.307182
XP_015268046_1_geneid_107111580_taxid_146911,TAS1R2,0.285844
XP_019367118_1_geneid_109293568_taxid_94835,TAS1R2,0.027538
**node_12,TAS1R2,0.018273
**node_14,TAS1R2,0.303539
**node_18,TAS1R2,0.08406
XP_019397270_1_geneid_109314511_taxid_8502,TAS1R2,0.040231
XP_025068918_1_geneid_102373501_taxid_38654,TAS1R2,0.017254
**node_13,TAS1R2,0.025693
XP_014457146_2_geneid_102577362_taxid_8496,TAS1R2,0.038847
XP_006115160_1_geneid_102444589_taxid_13735,TAS1R2,0.143765
**node_17,TAS1R2,0.141246
XP_007067784_1_geneid_102936152_taxid_8469,TAS1R2,0.06669
**node_16,TAS1R2,0.047053
XP_008174285_2_geneid_101942177_taxid_8478,TAS1R2,0.022663
**node_15,TAS1R2,0.053516
XP_024073048_1_geneid_112118832_taxid_1415176,TAS1R2,0.026356
XP_020828900_1_geneid_110198764_taxid_38626,TAS1R2,0.13728
**node_20,TAS1R2,0.091735
**node_112,TAS1R2,0.32015
XP_003342223_2_geneid_100619414_taxid_13616,TAS1R2,0.188627
XP_006866393_1_geneid_102842503_taxid_185453,TAS1R2,0.112043
**node_22,TAS1R2,0.016329
**node_24,TAS1R2,0.020143
**node_25,TAS1R2,0.02998
**node_26,TAS1R2,0.022866
**node_111,TAS1R2,0.133871
XP_004377250_1_geneid_101350301_taxid_127582,TAS1R2,0.087446
**node_21,TAS1R2,0.039116
XP_023408243_1_geneid_100674917_taxid_9785,TAS1R2,0.115949
XP_007933827_1_geneid_103192633_taxid_1230840,TAS1R2,0.091289
**node_23,TAS1R2,0.013073
XP_006883750_1_geneid_102855991_taxid_28737,TAS1R2,0.156944
XP_004705204_1_geneid_101653866_taxid_9371,TAS1R2,0.128748
XP_023441378_1_geneid_101429829_taxid_9361,TAS1R2,0.209144
XP_008587677_1_geneid_103604875_taxid_482537,TAS1R2,0.158698
**node_51,TAS1R2,0.011323
**node_53,TAS1R2,0.009028
**node_72,TAS1R2,0.020939
**node_110,TAS1R2,0.038506
XP_003783898_1_geneid_100961490_taxid_30611,TAS1R2,0.143234
**node_28,TAS1R2,0.036882
**node_50,TAS1R2,0.021125
XP_012512382_1_geneid_105820447_taxid_379532,TAS1R2,0.050431
**node_27,TAS1R2,0.027854
XP_012609522_1_geneid_105865469_taxid_30608,TAS1R2,0.074097
XP_010383867_1_geneid_104679840_taxid_61622,TAS1R2,1e-06
**node_29,TAS1R2,0.015277
**node_31,TAS1R2,0.017289
**node_39,TAS1R2,0.022581
**node_45,TAS1R2,0.026517
**node_49,TAS1R2,0.087024
XP_017707516_1_geneid_108515296_taxid_61621,TAS1R2,0.001202
XP_011789431_1_geneid_105506027_taxid_336983,TAS1R2,0.006441
**node_30,TAS1R2,0.007067
XP_023075521_1_geneid_111547727_taxid_591936,TAS1R2,0.015343
XP_007978475_1_geneid_103225488_taxid_60711,TAS1R2,0.005998
**node_33,TAS1R2,0.002398
**node_38,TAS1R2,0.018783
XP_011941503_1_geneid_105597651_taxid_9531,TAS1R2,0.004737
**node_32,TAS1R2,0.001339
XP_011848504_1_geneid_105548888_taxid_9568,TAS1R2,0.007203
XP_025220894_1_geneid_112611377_taxid_9565,TAS1R2,0.003621
**node_34,TAS1R2,0.001199
**node_37,TAS1R2,0.001231
XP_021788173_1_geneid_101007241_taxid_9555,TAS1R2,0.115006
XP_015297344_1_geneid_102116947_taxid_9541,TAS1R2,0.001354
**node_35,TAS1R2,1e-06
**node_36,TAS1R2,0.00121
NP_001121561_1_geneid_714666_taxid_9544,TAS1R2,0.001203
XP_011742099_1_geneid_105483125_taxid_9545,TAS1R2,0.002409
XP_024091464_1_geneid_100462415_taxid_9601,TAS1R2,0.014236
**node_44,TAS1R2,0.019708
XP_012353841_1_geneid_100607810_taxid_61853,TAS1R2,0.020333
**node_43,TAS1R2,0.007222
XP_018894731_1_geneid_101150263_taxid_9595,TAS1R2,0.004715
**node_41,TAS1R2,0.002487
**node_42,TAS1R2,0.010157
XP_003814485_1_geneid_100984878_taxid_9597,TAS1R2,0.002407
**node_40,TAS1R2,0.001306
XP_016805789_1_geneid_100615078_taxid_9598,TAS1R2,1e-06
NP_689418_2_geneid_80834_taxid_9606,TAS1R2,0.006099
XP_002750402_2_geneid_100386065_taxid_9483,TAS1R2,0.088668
**node_47,TAS1R2,0.002638
**node_48,TAS1R2,0.04258
XP_017361310_1_geneid_108287411_taxid_1737458,TAS1R2,0.017224
**node_46,TAS1R2,0.009248
XP_003934997_1_geneid_101040276_taxid_39432,TAS1R2,0.021892
XP_012295197_1_geneid_105708422_taxid_37293,TAS1R2,0.01491
XP_008049523_1_geneid_103252745_taxid_1868482,TAS1R2,0.149851
**node_52,TAS1R2,0.027018
XP_006145277_1_geneid_102474616_taxid_246437,TAS1R2,0.154686
XP_015341122_1_geneid_107142191_taxid_9994,TAS1R2,0.008752
**node_55,TAS1R2,0.131511
**node_59,TAS1R2,0.02845
**node_71,TAS1R2,0.081994
XP_005317575_1_geneid_101971863_taxid_43179,TAS1R2,0.014071
**node_54,TAS1R2,0.017011
XP_026256637_1_geneid_113191180_taxid_9999,TAS1R2,0.014107
XP_004637731_1_geneid_101570696_taxid_10160,TAS1R2,0.096586
**node_56,TAS1R2,0.021924
**node_58,TAS1R2,0.109488
XP_013362827_1_geneid_102018219_taxid_34839,TAS1R2,0.102564
XP_012929678_2_geneid_101697614_taxid_10181,TAS1R2,0.039894
**node_57,TAS1R2,0.061424
XP_010612505_1_geneid_104855374_taxid_885580,TAS1R2,0.063795
XP_020019055_1_geneid_109686240_taxid_51338,TAS1R2,0.091488
**node_70,TAS1R2,0.018766
XP_012888125_1_geneid_105998065_taxid_10020,TAS1R2,0.235243
**node_69,TAS1R2,0.026391
XP_021056619_1_geneid_110323631_taxid_10093,TAS1R2,0.011515
**node_61,TAS1R2,0.024164
**node_62,TAS1R2,0.029725
**node_63,TAS1R2,0.016755
**node_67,TAS1R2,0.047933
**node_68,TAS1R2,0.079564
NP_114079_1_geneid_83770_taxid_10090,TAS1R2,0.010398
**node_60,TAS1R2,0.020116
XP_021017025_1_geneid_110293519_taxid_10089,TAS1R2,0.01146
NP_001258195_1_geneid_100270683_taxid_10116,TAS1R2,0.045168
XP_021486977_1_geneid_110545293_taxid_10047,TAS1R2,0.104935
XP_005081124_1_geneid_101837989_taxid_10036,TAS1R2,0.051588
**node_64,TAS1R2,0.029407
**node_65,TAS1R2,0.016268
**node_66,TAS1R2,0.013739
XP_007625997_1_geneid_100763814_taxid_10029,TAS1R2,0.039659
XP_006980980_1_geneid_102914850_taxid_230844,TAS1R2,0.056118
XP_005352994_1_geneid_101987409_taxid_79684,TAS1R2,0.103028
XP_008820034_1_geneid_103724706_taxid_1026970,TAS1R2,0.105182
XP_007537339_1_geneid_103126376_taxid_9365,TAS1R2,0.384477
**node_76,TAS1R2,0.019248
**node_91,TAS1R2,0.011308
**node_109,TAS1R2,0.011069
XP_006914364_1_geneid_102892016_taxid_9402,TAS1R2,0.004228
**node_73,TAS1R2,0.033843
**node_74,TAS1R2,0.098902
**node_75,TAS1R2,0.029682
XP_011378050_1_geneid_105305251_taxid_132908,TAS1R2,0.004263
XP_015983731_1_geneid_107501779_taxid_9407,TAS1R2,0.085518
XP_019510412_1_geneid_109389397_taxid_186990,TAS1R2,0.106045
XP_019316523_1_geneid_109273885_taxid_9691,TAS1R2,0.103638
**node_77,TAS1R2,0.073986
**node_80,TAS1R2,0.226022
**node_90,TAS1R2,0.060503
XP_019694603_1_geneid_101089786_taxid_9685,TAS1R2,0.04534
XP_015393619_1_geneid_102958541_taxid_74533,TAS1R2,0.046153
**node_79,TAS1R2,0.011114
XP_014937048_1_geneid_106983374_taxid_32536,TAS1R2,0.035643
**node_78,TAS1R2,0.019675
XP_025781050_1_geneid_112862047_taxid_9696,TAS1R2,0.058778
XP_008692890_1_geneid_103666607_taxid_29073,TAS1R2,0.018822
**node_81,TAS1R2,0.022903
**node_84,TAS1R2,0.003057
**node_86,TAS1R2,0.022297
**node_89,TAS1R2,0.017409
XP_002926877_1_geneid_100475590_taxid_9646,TAS1R2,0.024704
XP_012416685_1_geneid_101367331_taxid_9708,TAS1R2,0.036564
**node_82,TAS1R2,0.035142
**node_83,TAS1R2,0.013824
XP_025711725_1_geneid_112811704_taxid_34884,TAS1R2,0.07454
XP_021539181_1_geneid_110574717_taxid_29088,TAS1R2,0.054197
XP_022370553_1_geneid_111154897_taxid_391180,TAS1R2,0.036491
**node_85,TAS1R2,0.036347
XP_004741399_1_geneid_101687462_taxid_9669,TAS1R2,0.025934
XP_025303866_1_geneid_112660535_taxid_286419,TAS1R2,0.030219
**node_87,TAS1R2,0.002693
**node_88,TAS1R2,0.071226
NP_001026989_1_geneid_478213_taxid_9615,TAS1R2,0.004877
XP_025867680_1_geneid_112929719_taxid_9627,TAS1R2,0.008314
XP_017503567_1_geneid_108389627_taxid_9974,TAS1R2,0.415367
**node_108,TAS1R2,0.006356
XP_014691743_1_geneid_106828018_taxid_9793,TAS1R2,0.007137
**node_93,TAS1R2,0.085064
**node_94,TAS1R2,0.061844
**node_107,TAS1R2,0.007306
XP_008542906_1_geneid_103567936_taxid_9798,TAS1R2,0.003633
**node_92,TAS1R2,0.003769
XP_023491044_1_geneid_111772302_taxid_9796,TAS1R2,3e-06
XP_004425699_1_geneid_101407492_taxid_73337,TAS1R2,0.088998
XP_006196770_1_geneid_102543826_taxid_30538,TAS1R2,0.02517
**node_97,TAS1R2,0.113525
**node_106,TAS1R2,0.053395
XP_010955758_1_geneid_105070914_taxid_9837,TAS1R2,0.001213
**node_95,TAS1R2,0.001212
**node_96,TAS1R2,0.015086
XP_006188328_1_geneid_102505300_taxid_419612,TAS1R2,1e-06
XP_010995965_1_geneid_105103984_taxid_9838,TAS1R2,1e-06
XP_023980966_1_geneid_102983125_taxid_9755,TAS1R2,0.161184
**node_104,TAS1R2,0.01791
**node_105,TAS1R2,0.019351
XP_019841593_1_geneid_109577204_taxid_9915,TAS1R2,0.013449
**node_98,TAS1R2,0.004138
**node_100,TAS1R2,0.005118
**node_101,TAS1R2,0.017299
**node_103,TAS1R2,0.087128
NP_001193458_2_geneid_529847_taxid_9913,TAS1R2,0.005567
XP_010828524_1_geneid_104981218_taxid_43346,TAS1R2,0.004835
**node_99,TAS1R2,0.004885
XP_005910276_1_geneid_102265018_taxid_72004,TAS1R2,0.003877
XP_025119023_1_geneid_102411885_taxid_89462,TAS1R2,0.008553
XP_017922505_1_geneid_102171940_taxid_9925,TAS1R2,0.006688
**node_102,TAS1R2,0.031288
XP_012003779_1_geneid_101106153_taxid_9940,TAS1R2,0.007922
XP_020949103_1_geneid_100913086_taxid_9823,TAS1R2,0.110985
XP_014342829_1_geneid_102345930_taxid_7897,TAS1R1,0.327603
**node_10,TAS1R1,0.069084
XP_023283503_1_geneid_111670823_taxid_1841481,TAS1R1,0.010765
**node_1,TAS1R1,0.071232
**node_2,TAS1R1,0.006802
**node_4,TAS1R1,0.020444
**node_5,TAS1R1,0.021261
**node_6,TAS1R1,0.02457
**node_7,TAS1R1,0.03416
**node_8,TAS1R1,0.041587
**node_9,TAS1R1,0.75428
XP_022597598_1_geneid_111219257_taxid_41447,TAS1R1,1e-06
XP_018544391_1_geneid_108891643_taxid_8187,TAS1R1,0.091075
XP_019944390_1_geneid_109630567_taxid_8255,TAS1R1,0.073773
**node_3,TAS1R1,0.022646
XP_024915442_1_geneid_103384497_taxid_244447,TAS1R1,0.183939
XP_026224309_1_geneid_113167712_taxid_64144,TAS1R1,0.165396
XP_019112244_1_geneid_109137942_taxid_215358,TAS1R1,0.277841
NP_001098192_1_geneid_100049300_taxid_8090,TAS1R1,0.261607
XP_019723651_1_geneid_109514738_taxid_109280,TAS1R1,0.223233
XP_020781486_1_geneid_110161115_taxid_150288,TAS1R1,0.236011
XP_024063677_1_geneid_112112144_taxid_1415176,TAS1R1,0.012571
**node_11,TAS1R1,0.029979
**node_12,TAS1R1,0.046371
**node_13,TAS1R1,0.139124
**node_17,TAS1R1,0.077093
**node_20,TAS1R1,0.112544
**node_114,TAS1R1,0.174824
XP_023966018_1_geneid_101938968_taxid_8478,TAS1R1,0.018964
XP_007060388_1_geneid_102932061_taxid_8469,TAS1R1,0.053735
XP_006123180_1_geneid_102462752_taxid_13735,TAS1R1,0.14344
XP_006025640_2_geneid_102374236_taxid_38654,TAS1R1,0.015992
**node_14,TAS1R1,0.018658
**node_16,TAS1R1,0.292812
XP_006262139_2_geneid_102576284_taxid_8496,TAS1R1,0.014481
XP_019396704_1_geneid_109314182_taxid_8502,TAS1R1,0.022465
**node_15,TAS1R1,0.023648
XP_019367141_1_geneid_109293589_taxid_94835,TAS1R1,0.018679
XP_015261739_1_geneid_107106144_taxid_146911,TAS1R1,0.307828
**node_18,TAS1R1,0.05581
**node_19,TAS1R1,0.193669
XP_020655657_1_geneid_110082447_taxid_103695,TAS1R1,0.370448
XP_016854180_1_geneid_100566779_taxid_28377,TAS1R1,0.429293
XP_001377313_1_geneid_100026826_taxid_13616,TAS1R1,0.110712
**node_21,TAS1R1,0.17857
**node_113,TAS1R1,0.291975
XP_020827759_1_geneid_110198018_taxid_38626,TAS1R1,0.163341
XP_012378759_1_geneid_101426354_taxid_9361,TAS1R1,0.134044
**node_112,TAS1R1,0.165454
XP_004705255_1_geneid_101645092_taxid_9371,TAS1R1,0.152791
**node_22,TAS1R1,0.025249
**node_25,TAS1R1,0.013234
**node_26,TAS1R1,0.060717
**node_111,TAS1R1,0.039203
XP_006873170_1_geneid_102812092_taxid_185453,TAS1R1,0.108969
XP_007940773_1_geneid_103198417_taxid_1230840,TAS1R1,0.077859
**node_24,TAS1R1,0.009734
XP_003413239_1_geneid_100670245_taxid_9785,TAS1R1,0.09102
**node_23,TAS1R1,0.03969
XP_004385176_1_geneid_101354364_taxid_127582,TAS1R1,0.082548
XP_006885978_1_geneid_102869297_taxid_28737,TAS1R1,0.155751
XP_014935853_1_geneid_106982204_taxid_32536,TAS1R1,0.002446
**node_27,TAS1R1,0.002464
**node_30,TAS1R1,0.040167
**node_40,TAS1R1,0.040324
**node_57,TAS1R1,0.005723
**node_63,TAS1R1,0.024548
**node_110,TAS1R1,0.021732
XP_025791189_1_geneid_112872280_taxid_9696,TAS1R1,0.021275
XP_007078406_1_geneid_102958335_taxid_74533,TAS1R1,0.001216
**node_28,TAS1R1,0.006102
**node_29,TAS1R1,0.001188
XP_019316788_1_geneid_109274024_taxid_9691,TAS1R1,0.002428
XP_003989510_3_geneid_101091714_taxid_9685,TAS1R1,0.002428
XP_012421581_1_geneid_101381309_taxid_9708,TAS1R1,0.045754
**node_31,TAS1R1,0.019819
**node_32,TAS1R1,0.014518
**node_36,TAS1R1,0.007405
**node_39,TAS1R1,0.013365
XP_025711673_1_geneid_112811670_taxid_34884,TAS1R1,0.036745
XP_021540041_1_geneid_110575350_taxid_29088,TAS1R1,0.054646
XP_022370375_1_geneid_111154770_taxid_391180,TAS1R1,0.031234
**node_33,TAS1R1,0.04893
**node_35,TAS1R1,0.005527
XP_004768715_1_geneid_101691192_taxid_9669,TAS1R1,0.024456
XP_011228903_1_geneid_100471779_taxid_9646,TAS1R1,0.059413
**node_34,TAS1R1,0.021629
XP_008692999_1_geneid_103666693_taxid_29073,TAS1R1,0.011865
XP_005620526_2_geneid_489633_taxid_9615,TAS1R1,1e-06
**node_37,TAS1R1,0.001222
**node_38,TAS1R1,0.039834
XP_025283088_1_geneid_112646922_taxid_286419,TAS1R1,1e-06
XP_025860897_1_geneid_112924695_taxid_9627,TAS1R1,0.003654
XP_019515903_1_geneid_109392148_taxid_186990,TAS1R1,0.174858
**node_43,TAS1R1,0.045416
**node_56,TAS1R1,0.00609
XP_016020806_1_geneid_107520995_taxid_9407,TAS1R1,0.120258
**node_42,TAS1R1,0.105712
XP_024904301_1_geneid_102886663_taxid_9402,TAS1R1,0.016189
**node_41,TAS1R1,0.07081
XP_023391387_1_geneid_105297685_taxid_132908,TAS1R1,0.03424
XP_006177931_1_geneid_102519999_taxid_419612,TAS1R1,0.001758
**node_44,TAS1R1,1e-06
**node_45,TAS1R1,0.010587
**node_46,TAS1R1,0.085626
**node_55,TAS1R1,0.030166
XP_010991551_1_geneid_105100258_taxid_9838,TAS1R1,0.001343
XP_010955905_1_geneid_105071015_taxid_9837,TAS1R1,1e-06
XP_006196672_1_geneid_102542252_taxid_30538,TAS1R1,0.011159
XP_013844202_2_geneid_100626842_taxid_9823,TAS1R1,0.095466
**node_53,TAS1R1,0.014971
**node_54,TAS1R1,0.014424
XP_019831719_1_geneid_109570311_taxid_9915,TAS1R1,0.004895
**node_47,TAS1R1,0.002433
**node_49,TAS1R1,0.007329
**node_50,TAS1R1,0.008395
**node_52,TAS1R1,0.117637
XP_002694212_2_geneid_523473_taxid_9913,TAS1R1,1e-06
XP_010848249_1_geneid_104995893_taxid_43346,TAS1R1,0.004886
**node_48,TAS1R1,1e-06
XP_014332762_1_geneid_102285511_taxid_72004,TAS1R1,0.009906
XP_025141622_1_geneid_102396729_taxid_89462,TAS1R1,0.02337
XP_005690802_2_geneid_102179795_taxid_9925,TAS1R1,0.014615
**node_51,TAS1R1,0.017419
XP_004014075_1_geneid_101116416_taxid_9940,TAS1R1,0.003756
XP_023981486_1_geneid_102975549_taxid_9755,TAS1R1,0.178172
XP_004425588_1_geneid_101402513_taxid_73337,TAS1R1,0.068713
**node_60,TAS1R1,0.061226
**node_61,TAS1R1,0.011114
**node_62,TAS1R1,0.007893
XP_008532916_1_geneid_103560541_taxid_9798,TAS1R1,0.001205
**node_58,TAS1R1,1e-06
**node_59,TAS1R1,0.071326
XP_001496162_2_geneid_100052182_taxid_9796,TAS1R1,1e-06
XP_014717987_1_geneid_106844822_taxid_9793,TAS1R1,0.001205
XP_017497316_1_geneid_108384679_taxid_9974,TAS1R1,0.085487
XP_007532832_1_geneid_103122173_taxid_9365,TAS1R1,0.176763
XP_006145516_2_geneid_102483998_taxid_246437,TAS1R1,0.137257
**node_90,TAS1R1,0.009634
**node_109,TAS1R1,0.021887
XP_008565220_1_geneid_103585895_taxid_482537,TAS1R1,0.138212
**node_89,TAS1R1,0.007658
XP_008047641_2_geneid_103250872_taxid_1868482,TAS1R1,0.092165
**node_85,TAS1R1,0.008537
**node_88,TAS1R1,0.013179
XP_017812251_2_geneid_103876805_taxid_9555,TAS1R1,0.001224
**node_64,TAS1R1,0.001225
**node_65,TAS1R1,1e-06
**node_68,TAS1R1,1e-06
**node_69,TAS1R1,0.00941
**node_70,TAS1R1,0.004308
**node_74,TAS1R1,0.033253
**node_80,TAS1R1,0.030601
**node_84,TAS1R1,0.058922
XP_025219657_1_geneid_112610389_taxid_9565,TAS1R1,0.00245
XP_011904935_1_geneid_105580933_taxid_9531,TAS1R1,0.002451
XP_014998460_1_geneid_720987_taxid_9544,TAS1R1,0.001225
**node_66,TAS1R1,0.001226
**node_67,TAS1R1,0.00245
XP_015298786_1_geneid_107128437_taxid_9541,TAS1R1,0.001226
XP_011735793_1_geneid_105479495_taxid_9545,TAS1R1,0.003677
XP_011836691_1_geneid_105540601_taxid_9568,TAS1R1,0.002451
XP_007978929_1_geneid_103225686_taxid_60711,TAS1R1,0.04675
XP_011793657_1_geneid_105509158_taxid_336983,TAS1R1,0.009827
**node_71,TAS1R1,0.002457
**node_73,TAS1R1,0.00246
XP_023071101_1_geneid_111544679_taxid_591936,TAS1R1,0.012341
XP_010355697_1_geneid_104657571_taxid_61622,TAS1R1,1e-06
**node_72,TAS1R1,0.006179
XP_017711525_1_geneid_108517934_taxid_61621,TAS1R1,0.001225
XP_018866034_1_geneid_101154111_taxid_9595,TAS1R1,0.059807
**node_76,TAS1R1,1e-06
**node_77,TAS1R1,0.015585
**node_78,TAS1R1,0.004501
**node_79,TAS1R1,0.016868
XP_525169_2_geneid_469785_taxid_9598,TAS1R1,1e-06
**node_75,TAS1R1,0.006119
XP_003822192_1_geneid_100975242_taxid_9597,TAS1R1,0.001221
NP_619642_2_geneid_80835_taxid_9606,TAS1R1,0.004888
XP_002811604_3_geneid_100451290_taxid_9601,TAS1R1,0.011445
XP_003274316_1_geneid_100584094_taxid_61853,TAS1R1,0.041579
XP_012329072_1_geneid_105731765_taxid_37293,TAS1R1,0.024219
**node_82,TAS1R1,0.004105
**node_83,TAS1R1,0.041354
XP_017353802_1_geneid_108282384_taxid_1737458,TAS1R1,0.016928
**node_81,TAS1R1,0.002228
XP_008998589_1_geneid_100391962_taxid_9483,TAS1R1,0.042362
XP_003939661_1_geneid_101030160_taxid_39432,TAS1R1,0.016572
XP_012517991_1_geneid_105824919_taxid_379532,TAS1R1,0.067473
**node_86,TAS1R1,0.036301
**node_87,TAS1R1,0.03944
XP_012646977_1_geneid_105886106_taxid_30608,TAS1R1,0.045117
XP_012662714_2_geneid_100950312_taxid_30611,TAS1R1,0.080176
XP_015356839_1_geneid_107155473_taxid_9994,TAS1R1,0.01285
**node_92,TAS1R1,0.086645
**node_96,TAS1R1,0.013709
**node_107,TAS1R1,0.004935
**node_108,TAS1R1,0.049542
XP_026241947_1_geneid_113180936_taxid_9999,TAS1R1,0.00603
**node_91,TAS1R1,0.008839
XP_005334842_1_geneid_101963351_taxid_43179,TAS1R1,0.006296
XP_004863765_1_geneid_101701597_taxid_10181,TAS1R1,0.052348
**node_93,TAS1R1,0.02678
**node_95,TAS1R1,0.088181
XP_010626165_1_geneid_104864682_taxid_885580,TAS1R1,0.060359
XP_023555147_1_geneid_101566336_taxid_10160,TAS1R1,0.089878
**node_94,TAS1R1,0.040435
XP_005404135_1_geneid_102007774_taxid_34839,TAS1R1,0.050697
XP_005079339_2_geneid_101824981_taxid_10036,TAS1R1,0.072679
**node_97,TAS1R1,0.027858
**node_99,TAS1R1,0.027171
**node_104,TAS1R1,0.041054
**node_105,TAS1R1,0.082967
**node_106,TAS1R1,0.018223
XP_007631709_1_geneid_100759079_taxid_10029,TAS1R1,0.037734
XP_005353718_1_geneid_101996599_taxid_79684,TAS1R1,0.075061
**node_98,TAS1R1,0.00565
XP_006993861_1_geneid_102907706_taxid_230844,TAS1R1,0.042875
XP_021055226_1_geneid_110322792_taxid_10093,TAS1R1,0.025425
**node_101,TAS1R1,0.031654
**node_102,TAS1R1,0.035575
**node_103,TAS1R1,0.011363
XP_021015303_1_geneid_110292360_taxid_10089,TAS1R1,0.009484
**node_100,TAS1R1,0.015738
NP_114073_1_geneid_110326_taxid_10090,TAS1R1,0.012195
NP_445757_1_geneid_29407_taxid_10116,TAS1R1,0.053898
XP_021499945_1_geneid_110552737_taxid_10047,TAS1R1,0.072922
XP_008820652_1_geneid_103725132_taxid_1026970,TAS1R1,0.115323
XP_020017479_1_geneid_109685170_taxid_51338,TAS1R1,0.046362
XP_012887106_1_geneid_105997278_taxid_10020,TAS1R1,0.149583
