position,aa_0_A,aa_0_R,aa_0_N,aa_0_D,aa_0_C,aa_0_Q,aa_0_E,aa_0_G,aa_0_H,aa_0_I,aa_0_L,aa_0_K,aa_0_M,aa_0_F,aa_0_P,aa_0_S,aa_0_T,aa_0_W,aa_0_Y,aa_0_V,aa_0_B,aa_0_Z,aa_0_X,aa_0_*,CaSR_a0,GPRC6A_a0,TAS1R1_a0,TAS1R2_a0,TAS1R3_a0,CaSR_like_a0,zimmerman_polarity_a0,average_flexibility_a0,dayhoff_a0,avg_buried_area_a0,hydropathicity_a0,atomic_weight_ratio_a0,molecular_weight_a0,bulkiness_a0,tm_tendency_a0,VFT,CR,TM,ICL,ECL,Cytoplasmic,aa_1_A,aa_1_R,aa_1_N,aa_1_D,aa_1_C,aa_1_Q,aa_1_E,aa_1_G,aa_1_H,aa_1_I,aa_1_L,aa_1_K,aa_1_M,aa_1_F,aa_1_P,aa_1_S,aa_1_T,aa_1_W,aa_1_Y,aa_1_V,aa_1_B,aa_1_Z,aa_1_X,aa_1_*,CaSR_a1,GPRC6A_a1,TAS1R1_a1,TAS1R2_a1,TAS1R3_a1,CaSR_like_a1,zimmerman_polarity_a1,average_flexibility_a1,dayhoff_a1,avg_buried_area_a1,hydropathicity_a1,atomic_weight_ratio_a1,molecular_weight_a1,bulkiness_a1,tm_tendency_a1,consequence
820,1.0,-1.0,1.0,0.0,-1.0,0.0,0.0,0.0,-1.0,-2.0,-2.0,0.0,-1.0,-2.0,-1.0,4.0,1.0,-3.0,-2.0,-2.0,0.0,0.0,0.0,-4.0,1.0,0.006944444444444444,0.2833333333333333,0.5392156862745098,0.3888888888888889,0.2812182741116751,1.67,0.51,120.0,85.6,-0.8,1.42,105.0,9.47,-0.53,0,0,1,0,0,0,4.0,-1.0,-2.0,-2.0,0.0,-1.0,-1.0,0.0,-2.0,-1.0,-1.0,-1.0,-1.0,-2.0,-1.0,1.0,0.0,-3.0,-2.0,0.0,-2.0,-1.0,0.0,-4.0,0.0,0.0,0.38333333333333336,0.0392156862745098,0.012345679012345678,0.18104906937394247,0.0,0.36,100.0,86.6,1.8,0.0,89.0,11.5,0.38,loss-of-function
693,1.0,-1.0,1.0,0.0,-1.0,0.0,0.0,0.0,-1.0,-2.0,-2.0,0.0,-1.0,-2.0,-1.0,4.0,1.0,-3.0,-2.0,-2.0,0.0,0.0,0.0,-4.0,1.0,0.9375,0.6885245901639344,0.7128712871287128,0.9693251533742331,0.9524601063829787,1.67,0.51,120.0,85.6,-0.8,1.42,105.0,9.47,-0.53,0,0,1,0,0,0,-1.0,-2.0,-3.0,-4.0,-1.0,-2.0,-3.0,-4.0,-3.0,2.0,4.0,-2.0,2.0,0.0,-3.0,-2.0,-1.0,-2.0,-1.0,1.0,-4.0,-3.0,-1.0,-4.0,0.0,0.0,0.00819672131147541,0.0,0.0,0.0,0.13,0.37,40.0,164.1,3.8,0.0,131.0,21.4,1.82,loss-of-function
765,0.0,-3.0,-3.0,-3.0,9.0,-3.0,-4.0,-3.0,-3.0,-1.0,-1.0,-3.0,-1.0,-2.0,-3.0,-1.0,-1.0,-2.0,-2.0,-1.0,-3.0,-3.0,-2.0,-4.0,1.0,0.9861111111111112,0.991304347826087,1.0,1.0,0.9966510381781648,1.48,0.35,20.0,132.3,2.5,2.75,121.0,13.46,-0.3,0,0,0,0,1,0,-1.0,5.0,0.0,-2.0,-3.0,1.0,0.0,-2.0,0.0,-3.0,-2.0,2.0,-1.0,-3.0,-2.0,-1.0,-1.0,-3.0,-2.0,-3.0,-1.0,0.0,-1.0,-4.0,0.0,0.0,0.008695652173913044,0.0,0.0,0.0003348961821835231,52.0,0.53,65.0,162.2,-4.5,0.65,174.0,14.28,-2.57,loss-of-function
297,-1.0,0.0,0.0,2.0,-4.0,2.0,5.0,-2.0,0.0,-3.0,-3.0,1.0,-2.0,-3.0,-1.0,0.0,-1.0,-3.0,-2.0,-2.0,1.0,4.0,-1.0,-4.0,1.0,0.0,0.9568965517241379,0.7575757575757576,0.6193548387096774,0.5965417867435159,49.9,0.5,102.0,113.9,-3.5,0.92,147.0,13.57,-2.9,1,0,0,0,0,0,-1.0,2.0,0.0,-1.0,-3.0,1.0,1.0,-2.0,-1.0,-3.0,-2.0,5.0,-1.0,-3.0,-1.0,0.0,-1.0,-3.0,-2.0,-2.0,0.0,1.0,-1.0,-4.0,0.0,0.0,0.008620689655172414,0.0,0.0,0.019349526554137506,49.5,0.47,56.0,115.5,-3.9,0.33,146.0,15.71,-3.46,loss-of-function
161,-2.0,-2.0,-2.0,-3.0,-2.0,-1.0,-2.0,-3.0,2.0,-1.0,-1.0,-2.0,-1.0,3.0,-3.0,-2.0,-2.0,2.0,7.0,-1.0,-3.0,-2.0,-1.0,-4.0,0.9802631578947368,0.0,0.16521739130434782,0.0,0.0,0.44254473161033797,1.61,0.42,41.0,177.7,-1.3,0.2,181.0,18.03,0.49,1,0,0,0,0,0,0.0,-3.0,-3.0,-3.0,9.0,-3.0,-4.0,-3.0,-3.0,-1.0,-1.0,-3.0,-1.0,-2.0,-3.0,-1.0,-1.0,-2.0,-2.0,-1.0,-3.0,-3.0,-2.0,-4.0,0.0,0.0,0.0,0.0,0.0,0.002385685884691849,1.48,0.35,20.0,132.3,2.5,2.75,121.0,13.46,-0.3,loss-of-function
701,-1.0,5.0,0.0,-2.0,-3.0,1.0,0.0,-2.0,0.0,-3.0,-2.0,2.0,-1.0,-3.0,-2.0,-1.0,-1.0,-3.0,-2.0,-3.0,-1.0,0.0,-1.0,-4.0,0.9936708860759493,0.0,0.008064516129032258,0.0,0.006172839506172839,0.0,52.0,0.53,65.0,162.2,-4.5,0.65,174.0,14.28,-2.57,0,0,1,0,0,0,-1.0,-2.0,-2.0,-1.0,-3.0,-1.0,-1.0,-2.0,-2.0,-3.0,-3.0,-1.0,-2.0,-4.0,7.0,-1.0,-1.0,-4.0,-3.0,-2.0,-2.0,-1.0,-2.0,-4.0,0.0,0.0,0.0,0.0,0.0,0.0,1.58,0.51,56.0,92.9,-1.6,0.39,115.0,17.43,-1.44,loss-of-function
225,-1.0,2.0,0.0,-1.0,-3.0,1.0,1.0,-2.0,-1.0,-3.0,-2.0,5.0,-1.0,-3.0,-1.0,0.0,-1.0,-3.0,-2.0,-2.0,0.0,1.0,-1.0,-4.0,0.993421052631579,0.0,0.017391304347826087,0.0,0.0,0.018867924528301886,49.5,0.47,56.0,115.5,-3.9,0.33,146.0,15.71,-3.46,1,0,0,0,0,0,0.0,-1.0,0.0,-1.0,-1.0,-1.0,-1.0,-2.0,-2.0,-1.0,-1.0,-1.0,-1.0,-2.0,-1.0,1.0,5.0,-2.0,-2.0,0.0,-1.0,-1.0,0.0,-4.0,0.0,0.41134751773049644,0.0782608695652174,0.01,0.04516129032258064,0.1276595744680851,1.66,0.44,97.0,106.5,-0.7,0.71,119.0,15.77,-0.32,loss-of-function
1019,0.0,-2.0,0.0,-1.0,-3.0,-2.0,-2.0,6.0,-2.0,-4.0,-4.0,-2.0,-3.0,-3.0,-2.0,0.0,-2.0,-2.0,-3.0,-3.0,-1.0,-2.0,-1.0,-4.0,0.416,0.0,0.0,0.0,0.0,0.0006516780710329097,0.0,0.54,49.0,62.9,-0.4,0.74,75.0,3.4,-0.19,0,0,0,0,0,1,-1.0,5.0,0.0,-2.0,-3.0,1.0,0.0,-2.0,0.0,-3.0,-2.0,2.0,-1.0,-3.0,-2.0,-1.0,-1.0,-3.0,-2.0,-3.0,-1.0,0.0,-1.0,-4.0,0.056,0.0,0.0,0.0,0.0,0.0,52.0,0.53,65.0,162.2,-4.5,0.65,174.0,14.28,-2.57,loss-of-function
861,-1.0,-2.0,-3.0,-4.0,-1.0,-2.0,-3.0,-4.0,-3.0,2.0,4.0,-2.0,2.0,0.0,-3.0,-2.0,-1.0,-2.0,-1.0,1.0,-4.0,-3.0,-1.0,-4.0,1.0,0.5763888888888888,0.6859504132231405,0.7128712871287128,0.8209876543209876,0.7757264957264958,0.13,0.37,40.0,164.1,3.8,0.0,131.0,21.4,1.82,0,0,1,0,0,0,-1.0,-2.0,-2.0,-1.0,-3.0,-1.0,-1.0,-2.0,-2.0,-3.0,-3.0,-1.0,-2.0,-4.0,7.0,-1.0,-1.0,-4.0,-3.0,-2.0,-2.0,-1.0,-2.0,-4.0,0.0,0.006944444444444444,0.008264462809917356,0.0,0.0,0.0003418803418803419,1.58,0.51,56.0,92.9,-1.6,0.39,115.0,17.43,-1.44,loss-of-function
125,-1.0,-2.0,-3.0,-4.0,-1.0,-2.0,-3.0,-4.0,-3.0,2.0,4.0,-2.0,2.0,0.0,-3.0,-2.0,-1.0,-2.0,-1.0,1.0,-4.0,-3.0,-1.0,-4.0,1.0,0.0,0.0,0.0,0.0,0.0,0.13,0.37,40.0,164.1,3.8,0.0,131.0,21.4,1.82,1,0,0,0,0,0,-1.0,-2.0,-2.0,-1.0,-3.0,-1.0,-1.0,-2.0,-2.0,-3.0,-3.0,-1.0,-2.0,-4.0,7.0,-1.0,-1.0,-4.0,-3.0,-2.0,-2.0,-1.0,-2.0,-4.0,0.0,0.0,0.0,0.0,0.0,0.0,1.58,0.51,56.0,92.9,-1.6,0.39,115.0,17.43,-1.44,gain-of-function
530,-3.0,-3.0,-4.0,-4.0,-2.0,-2.0,-3.0,-2.0,-2.0,-3.0,-2.0,-3.0,-1.0,1.0,-4.0,-3.0,-2.0,11.0,2.0,-3.0,-4.0,-3.0,-2.0,-4.0,1.0,0.0,0.9914529914529915,1.0,0.7080745341614907,0.9705540488182874,2.1,0.31,18.0,224.6,-0.9,0.13,204.0,21.67,1.53,1,0,0,0,0,0,0.0,-2.0,0.0,-1.0,-3.0,-2.0,-2.0,6.0,-2.0,-4.0,-4.0,-2.0,-3.0,-3.0,-2.0,0.0,-2.0,-2.0,-3.0,-3.0,-1.0,-2.0,-1.0,-4.0,0.0,0.0,0.008547008547008548,0.0,0.006211180124223602,0.0003874467260751647,0.0,0.54,49.0,62.9,-0.4,0.74,75.0,3.4,-0.19,loss-of-function
802,-2.0,0.0,6.0,1.0,-3.0,0.0,0.0,0.0,1.0,-3.0,-3.0,0.0,-2.0,-3.0,-2.0,1.0,0.0,-4.0,-2.0,-3.0,3.0,0.0,-1.0,-4.0,0.8089171974522293,1.0,0.8583333333333333,0.9607843137254902,0.9629629629629629,0.9576101468624834,3.38,0.46,134.0,103.3,-3.5,1.33,132.0,12.82,-1.62,0,0,1,0,0,0,-1.0,-3.0,-3.0,-3.0,-1.0,-3.0,-3.0,-4.0,-3.0,4.0,2.0,-3.0,1.0,0.0,-3.0,-2.0,-1.0,-3.0,-1.0,3.0,-3.0,-3.0,-1.0,-4.0,0.0,0.0,0.0,0.0,0.0,0.0003337783711615487,0.13,0.46,96.0,158.0,4.5,0.0,131.0,21.4,1.97,gain-of-function
221,-1.0,-2.0,-2.0,-1.0,-3.0,-1.0,-1.0,-2.0,-2.0,-3.0,-3.0,-1.0,-2.0,-4.0,7.0,-1.0,-1.0,-4.0,-3.0,-2.0,-2.0,-1.0,-2.0,-4.0,1.0,0.0,0.0,0.0,0.0,0.0008051529790660225,1.58,0.51,56.0,92.9,-1.6,0.39,115.0,17.43,-1.44,1,0,0,0,0,0,-1.0,1.0,0.0,0.0,-3.0,5.0,2.0,-2.0,0.0,-3.0,-2.0,1.0,0.0,-3.0,-1.0,0.0,-1.0,-2.0,-1.0,-2.0,0.0,3.0,-1.0,-4.0,0.0,0.0,0.30434782608695654,0.04,0.47770700636942676,0.17592592592592593,3.53,0.49,93.0,119.2,-3.5,0.89,146.0,14.45,-1.84,loss-of-function
183,-2.0,-3.0,-3.0,-3.0,-2.0,-3.0,-3.0,-3.0,-1.0,0.0,0.0,-3.0,0.0,6.0,-4.0,-2.0,-2.0,1.0,3.0,-1.0,-3.0,-3.0,-1.0,-4.0,1.0,0.9858156028368794,1.0,0.24,1.0,0.6880884158821121,0.35,0.31,41.0,194.1,2.8,0.0,165.0,19.8,1.98,1,0,0,0,0,0,-1.0,-2.0,-3.0,-4.0,-1.0,-2.0,-3.0,-4.0,-3.0,2.0,4.0,-2.0,2.0,0.0,-3.0,-2.0,-1.0,-2.0,-1.0,1.0,-4.0,-3.0,-1.0,-4.0,0.0,0.0070921985815602835,0.0,0.34,0.0,0.1932050757265657,0.13,0.37,40.0,164.1,3.8,0.0,131.0,21.4,1.82,loss-of-function
735,-1.0,1.0,0.0,0.0,-3.0,5.0,2.0,-2.0,0.0,-3.0,-2.0,1.0,0.0,-3.0,-1.0,0.0,-1.0,-2.0,-1.0,-2.0,0.0,3.0,-1.0,-4.0,1.0,0.9712230215827338,0.635593220338983,0.22,0.39622641509433965,0.9504159733777038,3.53,0.49,93.0,119.2,-3.5,0.89,146.0,14.45,-1.84,0,0,1,0,0,0,-1.0,-2.0,-2.0,-1.0,-3.0,-1.0,-1.0,-2.0,-2.0,-3.0,-3.0,-1.0,-2.0,-4.0,7.0,-1.0,-1.0,-4.0,-3.0,-2.0,-2.0,-1.0,-2.0,-4.0,0.0,0.0,0.0,0.0,0.0,0.00033277870216306157,1.58,0.51,56.0,92.9,-1.6,0.39,115.0,17.43,-1.44,gain-of-function
178,-2.0,0.0,6.0,1.0,-3.0,0.0,0.0,0.0,1.0,-3.0,-3.0,0.0,-2.0,-3.0,-2.0,1.0,0.0,-4.0,-2.0,-3.0,3.0,0.0,-1.0,-4.0,0.993421052631579,0.04964539007092199,0.0,0.0,0.00641025641025641,0.04161516275236918,3.38,0.46,134.0,103.3,-3.5,1.33,132.0,12.82,-1.62,1,0,0,0,0,0,-2.0,-2.0,-2.0,-3.0,-2.0,-1.0,-2.0,-3.0,2.0,-1.0,-1.0,-2.0,-1.0,3.0,-3.0,-2.0,-2.0,2.0,7.0,-1.0,-3.0,-2.0,-1.0,-4.0,0.0,0.0,0.017391304347826087,0.0,0.0,0.019777503090234856,1.61,0.42,41.0,177.7,-1.3,0.2,181.0,18.03,0.49,gain-of-function
123,-1.0,-2.0,-3.0,-4.0,-1.0,-2.0,-3.0,-4.0,-3.0,2.0,4.0,-2.0,2.0,0.0,-3.0,-2.0,-1.0,-2.0,-1.0,1.0,-4.0,-3.0,-1.0,-4.0,0.993421052631579,0.0,0.0,0.0,0.0,0.014336917562724014,0.13,0.37,40.0,164.1,3.8,0.0,131.0,21.4,1.82,1,0,0,0,0,0,-1.0,-1.0,-2.0,-3.0,-1.0,0.0,-2.0,-3.0,-2.0,1.0,2.0,-1.0,5.0,0.0,-2.0,-1.0,-1.0,-1.0,-1.0,1.0,-3.0,-1.0,-1.0,-4.0,0.0,0.0,0.0,0.0,0.0,0.018898664059954384,1.43,0.3,94.0,172.9,1.9,0.0,149.0,16.25,1.4,gain-of-function
748,-1.0,-2.0,-2.0,-1.0,-3.0,-1.0,-1.0,-2.0,-2.0,-3.0,-3.0,-1.0,-2.0,-4.0,7.0,-1.0,-1.0,-4.0,-3.0,-2.0,-2.0,-1.0,-2.0,-4.0,1.0,0.8194444444444444,0.8793103448275862,0.3,0.3950617283950617,0.9850199733688415,1.58,0.51,56.0,92.9,-1.6,0.39,115.0,17.43,-1.44,0,0,0,0,1,0,-1.0,-2.0,-3.0,-4.0,-1.0,-2.0,-3.0,-4.0,-3.0,2.0,4.0,-2.0,2.0,0.0,-3.0,-2.0,-1.0,-2.0,-1.0,1.0,-4.0,-3.0,-1.0,-4.0,0.0,0.0,0.0,0.17,0.0,0.0013315579227696406,0.13,0.37,40.0,164.1,3.8,0.0,131.0,21.4,1.82,loss-of-function
82,-2.0,0.0,6.0,1.0,-3.0,0.0,0.0,0.0,1.0,-3.0,-3.0,0.0,-2.0,-3.0,-2.0,1.0,0.0,-4.0,-2.0,-3.0,3.0,0.0,-1.0,-4.0,1.0,0.9928571428571429,1.0,0.9797979797979798,1.0,0.9810387469084914,3.38,0.46,134.0,103.3,-3.5,1.33,132.0,12.82,-1.62,1,0,0,0,0,0,-1.0,2.0,0.0,-1.0,-3.0,1.0,1.0,-2.0,-1.0,-3.0,-2.0,5.0,-1.0,-3.0,-1.0,0.0,-1.0,-3.0,-2.0,-2.0,0.0,1.0,-1.0,-4.0,0.0,0.007142857142857143,0.0,0.0,0.0,0.0032976092333058533,49.5,0.47,56.0,115.5,-3.9,0.33,146.0,15.71,-3.46,loss-of-function
828,0.0,-1.0,0.0,-1.0,-1.0,-1.0,-1.0,-2.0,-2.0,-1.0,-1.0,-1.0,-1.0,-2.0,-1.0,1.0,5.0,-2.0,-2.0,0.0,-1.0,-1.0,0.0,-4.0,1.0,0.9722222222222222,0.0,0.0,0.012269938650306749,0.41872254139912135,1.66,0.44,97.0,106.5,-0.7,0.71,119.0,15.77,-0.32,0,0,1,0,0,0,-2.0,0.0,6.0,1.0,-3.0,0.0,0.0,0.0,1.0,-3.0,-3.0,0.0,-2.0,-3.0,-2.0,1.0,0.0,-4.0,-2.0,-3.0,3.0,0.0,-1.0,-4.0,0.0,0.006944444444444444,0.0,0.0,0.0,0.002027712064886786,3.38,0.46,134.0,103.3,-3.5,1.33,132.0,12.82,-1.62,gain-of-function
158,0.0,-2.0,0.0,-1.0,-3.0,-2.0,-2.0,6.0,-2.0,-4.0,-4.0,-2.0,-3.0,-3.0,-2.0,0.0,-2.0,-2.0,-3.0,-3.0,-1.0,-2.0,-1.0,-4.0,0.9869281045751634,0.0,0.49122807017543857,0.0,0.43870967741935485,0.6233922829581994,0.0,0.54,49.0,62.9,-0.4,0.74,75.0,3.4,-0.19,1,0,0,0,0,0,-1.0,0.0,0.0,2.0,-4.0,2.0,5.0,-2.0,0.0,-3.0,-3.0,1.0,-2.0,-3.0,-1.0,0.0,-1.0,-3.0,-2.0,-2.0,1.0,4.0,-1.0,-4.0,0.0,0.0,0.0,0.0,0.0,0.08842443729903537,49.9,0.5,102.0,113.9,-3.5,0.92,147.0,13.57,-2.9,loss-of-function
227,-1.0,5.0,0.0,-2.0,-3.0,1.0,0.0,-2.0,0.0,-3.0,-2.0,2.0,-1.0,-3.0,-2.0,-1.0,-1.0,-3.0,-2.0,-3.0,-1.0,0.0,-1.0,-4.0,0.7894736842105263,0.0,0.008620689655172414,0.09,0.0,0.16274431591543678,52.0,0.53,65.0,162.2,-4.5,0.65,174.0,14.28,-2.57,1,0,0,0,0,0,-1.0,1.0,0.0,0.0,-3.0,5.0,2.0,-2.0,0.0,-3.0,-2.0,1.0,0.0,-3.0,-1.0,0.0,-1.0,-2.0,-1.0,-2.0,0.0,3.0,-1.0,-4.0,0.0,0.014184397163120567,0.06896551724137931,0.05,0.0,0.12165935380933386,3.53,0.49,93.0,119.2,-3.5,0.89,146.0,14.45,-1.84,loss-of-function
241,-1.0,0.0,0.0,2.0,-4.0,2.0,5.0,-2.0,0.0,-3.0,-3.0,1.0,-2.0,-3.0,-1.0,0.0,-1.0,-3.0,-2.0,-2.0,1.0,4.0,-1.0,-4.0,0.9407894736842105,0.8723404255319149,0.0,0.76,0.00641025641025641,0.5420098846787479,49.9,0.5,102.0,113.9,-3.5,0.92,147.0,13.57,-2.9,1,0,0,0,0,0,-1.0,2.0,0.0,-1.0,-3.0,1.0,1.0,-2.0,-1.0,-3.0,-2.0,5.0,-1.0,-3.0,-1.0,0.0,-1.0,-3.0,-2.0,-2.0,0.0,1.0,-1.0,-4.0,0.0,0.0,0.0,0.21,0.0,0.08772652388797364,49.5,0.47,56.0,115.5,-3.9,0.33,146.0,15.71,-3.46,gain-of-function
509,0.0,-2.0,0.0,-1.0,-3.0,-2.0,-2.0,6.0,-2.0,-4.0,-4.0,-2.0,-3.0,-3.0,-2.0,0.0,-2.0,-2.0,-3.0,-3.0,-1.0,-2.0,-1.0,-4.0,1.0,0.0,0.9914529914529915,0.25,1.0,0.9761001517450683,0.0,0.54,49.0,62.9,-0.4,0.74,75.0,3.4,-0.19,1,0,0,0,0,0,-1.0,5.0,0.0,-2.0,-3.0,1.0,0.0,-2.0,0.0,-3.0,-2.0,2.0,-1.0,-3.0,-2.0,-1.0,-1.0,-3.0,-2.0,-3.0,-1.0,0.0,-1.0,-4.0,0.0,0.0,0.0,0.0,0.0,0.00037936267071320183,52.0,0.53,65.0,162.2,-4.5,0.65,174.0,14.28,-2.57,loss-of-function
867,-2.0,0.0,6.0,1.0,-3.0,0.0,0.0,0.0,1.0,-3.0,-3.0,0.0,-2.0,-3.0,-2.0,1.0,0.0,-4.0,-2.0,-3.0,3.0,0.0,-1.0,-4.0,1.0,0.9930555555555556,0.925,0.9900990099009901,0.9876543209876543,0.9630263608353303,3.38,0.46,134.0,103.3,-3.5,1.33,132.0,12.82,-1.62,0,0,0,0,0,1,-1.0,-3.0,-3.0,-3.0,-1.0,-3.0,-3.0,-4.0,-3.0,4.0,2.0,-3.0,1.0,0.0,-3.0,-2.0,-1.0,-3.0,-1.0,3.0,-3.0,-3.0,-1.0,-4.0,0.0,0.0,0.0,0.0,0.0,0.0013693940431359123,0.13,0.46,96.0,158.0,4.5,0.0,131.0,21.4,1.97,loss-of-function
231,-1.0,0.0,0.0,2.0,-4.0,2.0,5.0,-2.0,0.0,-3.0,-3.0,1.0,-2.0,-3.0,-1.0,0.0,-1.0,-3.0,-2.0,-2.0,1.0,4.0,-1.0,-4.0,0.9473684210526315,0.05,0.0,0.0,0.0,0.13978494623655913,49.9,0.5,102.0,113.9,-3.5,0.92,147.0,13.57,-2.9,1,0,0,0,0,0,-1.0,2.0,0.0,-1.0,-3.0,1.0,1.0,-2.0,-1.0,-3.0,-2.0,5.0,-1.0,-3.0,-1.0,0.0,-1.0,-3.0,-2.0,-2.0,0.0,1.0,-1.0,-4.0,0.0,0.05714285714285714,0.0,0.22330097087378642,0.0,0.044965786901270774,49.5,0.47,56.0,115.5,-3.9,0.33,146.0,15.71,-3.46,loss-of-function
832,-2.0,-3.0,-3.0,-3.0,-2.0,-3.0,-3.0,-3.0,-1.0,0.0,0.0,-3.0,0.0,6.0,-4.0,-2.0,-2.0,1.0,3.0,-1.0,-3.0,-3.0,-1.0,-4.0,0.9936305732484076,0.006944444444444444,0.25210084033613445,0.0196078431372549,0.037267080745341616,0.2998638529611981,0.35,0.31,41.0,194.1,2.8,0.0,165.0,19.8,1.98,0,0,1,0,0,0,-1.0,-2.0,-3.0,-4.0,-1.0,-2.0,-3.0,-4.0,-3.0,2.0,4.0,-2.0,2.0,0.0,-3.0,-2.0,-1.0,-2.0,-1.0,1.0,-4.0,-3.0,-1.0,-4.0,0.0,0.0,0.008403361344537815,0.7549019607843137,0.30434782608695654,0.023825731790333562,0.13,0.37,40.0,164.1,3.8,0.0,131.0,21.4,1.82,gain-of-function
565,0.0,-3.0,-3.0,-3.0,9.0,-3.0,-4.0,-3.0,-3.0,-1.0,-1.0,-3.0,-1.0,-2.0,-3.0,-1.0,-1.0,-2.0,-2.0,-1.0,-3.0,-3.0,-2.0,-4.0,0.9935897435897436,1.0,0.9833333333333333,0.970873786407767,0.96875,0.989388043862752,1.48,0.35,20.0,132.3,2.5,2.75,121.0,13.46,-0.3,0,1,0,0,0,0,0.0,-2.0,0.0,-1.0,-3.0,-2.0,-2.0,6.0,-2.0,-4.0,-4.0,-2.0,-3.0,-3.0,-2.0,0.0,-2.0,-2.0,-3.0,-3.0,-1.0,-2.0,-1.0,-4.0,0.0,0.0,0.0,0.0,0.01875,0.00035373187124159886,0.0,0.54,49.0,62.9,-0.4,0.74,75.0,3.4,-0.19,loss-of-function
26,4.0,-1.0,-2.0,-2.0,0.0,-1.0,-1.0,0.0,-2.0,-1.0,-1.0,-1.0,-1.0,-2.0,-1.0,1.0,0.0,-3.0,-2.0,0.0,-2.0,-1.0,0.0,-4.0,0.9801324503311258,0.0,0.0,0.0,0.0,0.00032583903551645487,0.0,0.36,100.0,86.6,1.8,0.0,89.0,11.5,0.38,1,0,0,0,0,0,1.0,-1.0,1.0,0.0,-1.0,0.0,0.0,0.0,-1.0,-2.0,-2.0,0.0,-1.0,-2.0,-1.0,4.0,1.0,-3.0,-2.0,-2.0,0.0,0.0,0.0,-4.0,0.0,0.0,0.0,0.0,0.0,0.0013033561420658195,1.67,0.51,120.0,85.6,-0.8,1.42,105.0,9.47,-0.53,loss-of-function
553,0.0,-2.0,0.0,-1.0,-3.0,-2.0,-2.0,6.0,-2.0,-4.0,-4.0,-2.0,-3.0,-3.0,-2.0,0.0,-2.0,-2.0,-3.0,-3.0,-1.0,-2.0,-1.0,-4.0,0.9935483870967742,0.0,0.0,0.0,0.0,0.0,0.0,0.54,49.0,62.9,-0.4,0.74,75.0,3.4,-0.19,1,0,0,0,0,0,-1.0,5.0,0.0,-2.0,-3.0,1.0,0.0,-2.0,0.0,-3.0,-2.0,2.0,-1.0,-3.0,-2.0,-1.0,-1.0,-3.0,-2.0,-3.0,-1.0,0.0,-1.0,-4.0,0.0,0.0,0.0,0.0,0.0,0.0,52.0,0.53,65.0,162.2,-4.5,0.65,174.0,14.28,-2.57,loss-of-function
173,-1.0,-2.0,-3.0,-4.0,-1.0,-2.0,-3.0,-4.0,-3.0,2.0,4.0,-2.0,2.0,0.0,-3.0,-2.0,-1.0,-2.0,-1.0,1.0,-4.0,-3.0,-1.0,-4.0,1.0,0.0,0.09482758620689655,0.0,0.08974358974358974,0.04887585532746823,0.13,0.37,40.0,164.1,3.8,0.0,131.0,21.4,1.82,1,0,0,0,0,0,-1.0,-2.0,-2.0,-1.0,-3.0,-1.0,-1.0,-2.0,-2.0,-3.0,-3.0,-1.0,-2.0,-4.0,7.0,-1.0,-1.0,-4.0,-3.0,-2.0,-2.0,-1.0,-2.0,-4.0,0.0,0.0,0.008620689655172414,0.0,0.0,0.002606712284131639,1.58,0.51,56.0,92.9,-1.6,0.39,115.0,17.43,-1.44,loss-of-function
410,-2.0,-2.0,1.0,6.0,-3.0,0.0,2.0,-1.0,-1.0,-3.0,-4.0,-1.0,-3.0,-3.0,-1.0,0.0,-1.0,-4.0,-3.0,-3.0,4.0,1.0,-1.0,-4.0,1.0,0.022222222222222223,0.010752688172043012,0.2755102040816326,0.0,0.6913223140495868,49.7,0.51,106.0,97.8,-3.5,1.38,133.0,11.68,-3.27,1,0,0,0,0,0,-1.0,0.0,0.0,2.0,-4.0,2.0,5.0,-2.0,0.0,-3.0,-3.0,1.0,-2.0,-3.0,-1.0,0.0,-1.0,-3.0,-2.0,-2.0,1.0,4.0,-1.0,-4.0,0.0,0.7851851851851852,0.053763440860215055,0.6938775510204082,0.0,0.20826446280991737,49.9,0.5,102.0,113.9,-3.5,0.92,147.0,13.57,-2.9,gain-of-function
124,-2.0,0.0,6.0,1.0,-3.0,0.0,0.0,0.0,1.0,-3.0,-3.0,0.0,-2.0,-3.0,-2.0,1.0,0.0,-4.0,-2.0,-3.0,3.0,0.0,-1.0,-4.0,0.993421052631579,0.9469026548672567,0.27956989247311825,0.16,0.7643312101910829,0.38220918866080156,3.38,0.46,134.0,103.3,-3.5,1.33,132.0,12.82,-1.62,1,0,0,0,0,0,-1.0,2.0,0.0,-1.0,-3.0,1.0,1.0,-2.0,-1.0,-3.0,-2.0,5.0,-1.0,-3.0,-1.0,0.0,-1.0,-3.0,-2.0,-2.0,0.0,1.0,-1.0,-4.0,0.0,0.0,0.0,0.0,0.0,0.014336917562724014,49.5,0.47,56.0,115.5,-3.9,0.33,146.0,15.71,-3.46,gain-of-function
481,-1.0,0.0,0.0,2.0,-4.0,2.0,5.0,-2.0,0.0,-3.0,-3.0,1.0,-2.0,-3.0,-1.0,0.0,-1.0,-3.0,-2.0,-2.0,1.0,4.0,-1.0,-4.0,0.934640522875817,0.03597122302158273,0.09322033898305085,0.37,0.06875,0.3620493358633776,49.9,0.5,102.0,113.9,-3.5,0.92,147.0,13.57,-2.9,1,0,0,0,0,0,-1.0,2.0,0.0,-1.0,-3.0,1.0,1.0,-2.0,-1.0,-3.0,-2.0,5.0,-1.0,-3.0,-1.0,0.0,-1.0,-3.0,-2.0,-2.0,0.0,1.0,-1.0,-4.0,0.0,0.0,0.0847457627118644,0.1,0.05,0.10056925996204934,49.5,0.47,56.0,115.5,-3.9,0.33,146.0,15.71,-3.46,gain-of-function
123,-1.0,-2.0,-3.0,-4.0,-1.0,-2.0,-3.0,-4.0,-3.0,2.0,4.0,-2.0,2.0,0.0,-3.0,-2.0,-1.0,-2.0,-1.0,1.0,-4.0,-3.0,-1.0,-4.0,0.993421052631579,0.0,0.0,0.0,0.0,0.014336917562724014,0.13,0.37,40.0,164.1,3.8,0.0,131.0,21.4,1.82,1,0,0,0,0,0,1.0,-1.0,1.0,0.0,-1.0,0.0,0.0,0.0,-1.0,-2.0,-2.0,0.0,-1.0,-2.0,-1.0,4.0,1.0,-3.0,-2.0,-2.0,0.0,0.0,0.0,-4.0,0.0,0.0,0.0,0.0,0.0,0.03160638644509612,1.67,0.51,120.0,85.6,-0.8,1.42,105.0,9.47,-0.53,gain-of-function
638,-1.0,5.0,0.0,-2.0,-3.0,1.0,0.0,-2.0,0.0,-3.0,-2.0,2.0,-1.0,-3.0,-2.0,-1.0,-1.0,-3.0,-2.0,-3.0,-1.0,0.0,-1.0,-4.0,0.9810126582278481,0.13194444444444445,0.0,0.019417475728155338,0.49693251533742333,0.6006611570247934,52.0,0.53,65.0,162.2,-4.5,0.65,174.0,14.28,-2.57,0,0,0,1,0,0,-1.0,-2.0,-3.0,-4.0,-1.0,-2.0,-3.0,-4.0,-3.0,2.0,4.0,-2.0,2.0,0.0,-3.0,-2.0,-1.0,-2.0,-1.0,1.0,-4.0,-3.0,-1.0,-4.0,0.0,0.7222222222222222,0.7723577235772358,0.1262135922330097,0.3067484662576687,0.011900826446280991,0.13,0.37,40.0,164.1,3.8,0.0,131.0,21.4,1.82,loss-of-function
678,-1.0,5.0,0.0,-2.0,-3.0,1.0,0.0,-2.0,0.0,-3.0,-2.0,2.0,-1.0,-3.0,-2.0,-1.0,-1.0,-3.0,-2.0,-3.0,-1.0,0.0,-1.0,-4.0,0.9746835443037974,0.006944444444444444,0.0,0.0,0.27672955974842767,0.04875621890547264,52.0,0.53,65.0,162.2,-4.5,0.65,174.0,14.28,-2.57,0,0,1,0,0,0,-2.0,0.0,1.0,-1.0,-3.0,0.0,0.0,-2.0,8.0,-3.0,-3.0,-1.0,-2.0,-1.0,-2.0,-1.0,-2.0,-2.0,2.0,-3.0,0.0,0.0,-1.0,-4.0,0.0,0.0,0.0,0.0,0.03773584905660377,0.001990049751243781,51.6,0.32,66.0,155.8,-3.2,0.58,155.0,13.69,-1.44,loss-of-function
926,-1.0,1.0,0.0,0.0,-3.0,5.0,2.0,-2.0,0.0,-3.0,-2.0,1.0,0.0,-3.0,-1.0,0.0,-1.0,-2.0,-1.0,-2.0,0.0,3.0,-1.0,-4.0,0.4342105263157895,0.0,0.0,0.0,0.0,0.00032583903551645487,3.53,0.49,93.0,119.2,-3.5,0.89,146.0,14.45,-1.84,0,0,0,0,0,1,-1.0,5.0,0.0,-2.0,-3.0,1.0,0.0,-2.0,0.0,-3.0,-2.0,2.0,-1.0,-3.0,-2.0,-1.0,-1.0,-3.0,-2.0,-3.0,-1.0,0.0,-1.0,-4.0,0.0,0.0,0.0,0.0,0.012269938650306749,0.0,52.0,0.53,65.0,162.2,-4.5,0.65,174.0,14.28,-2.57,loss-of-function
551,-1.0,5.0,0.0,-2.0,-3.0,1.0,0.0,-2.0,0.0,-3.0,-2.0,2.0,-1.0,-3.0,-2.0,-1.0,-1.0,-3.0,-2.0,-3.0,-1.0,0.0,-1.0,-4.0,1.0,0.0070921985815602835,0.6666666666666666,0.038834951456310676,0.81875,0.7501764290755116,52.0,0.53,65.0,162.2,-4.5,0.65,174.0,14.28,-2.57,1,0,0,0,0,0,0.0,-2.0,0.0,-1.0,-3.0,-2.0,-2.0,6.0,-2.0,-4.0,-4.0,-2.0,-3.0,-3.0,-2.0,0.0,-2.0,-2.0,-3.0,-3.0,-1.0,-2.0,-1.0,-4.0,0.0,0.0,0.0,0.0,0.0,0.0017642907551164433,0.0,0.54,49.0,62.9,-0.4,0.74,75.0,3.4,-0.19,loss-of-function
119,-1.0,2.0,0.0,-1.0,-3.0,1.0,1.0,-2.0,-1.0,-3.0,-2.0,5.0,-1.0,-3.0,-1.0,0.0,-1.0,-3.0,-2.0,-2.0,0.0,1.0,-1.0,-4.0,1.0,0.0,0.0,0.013157894736842105,0.00641025641025641,0.0,49.5,0.47,56.0,115.5,-3.9,0.33,146.0,15.71,-3.46,1,0,0,0,0,0,-1.0,-3.0,-3.0,-3.0,-1.0,-3.0,-3.0,-4.0,-3.0,4.0,2.0,-3.0,1.0,0.0,-3.0,-2.0,-1.0,-3.0,-1.0,3.0,-3.0,-3.0,-1.0,-4.0,0.0,0.0,0.0,0.0,0.0,0.0,0.13,0.46,96.0,158.0,4.5,0.0,131.0,21.4,1.97,gain-of-function
151,0.0,-1.0,0.0,-1.0,-1.0,-1.0,-1.0,-2.0,-2.0,-1.0,-1.0,-1.0,-1.0,-2.0,-1.0,1.0,5.0,-2.0,-2.0,0.0,-1.0,-1.0,0.0,-4.0,0.9933774834437086,0.0,0.043859649122807015,0.04040404040404041,0.03205128205128205,0.16312346688470972,1.66,0.44,97.0,106.5,-0.7,0.71,119.0,15.77,-0.32,1,0,0,0,0,0,-1.0,-1.0,-2.0,-3.0,-1.0,0.0,-2.0,-3.0,-2.0,1.0,2.0,-1.0,5.0,0.0,-2.0,-1.0,-1.0,-1.0,-1.0,1.0,-3.0,-1.0,-1.0,-4.0,0.0,0.7428571428571429,0.0,0.32323232323232326,0.038461538461538464,0.08585445625511039,1.43,0.3,94.0,172.9,1.9,0.0,149.0,16.25,1.4,gain-of-function
570,-2.0,-2.0,1.0,6.0,-3.0,0.0,2.0,-1.0,-1.0,-3.0,-4.0,-1.0,-3.0,-3.0,-1.0,0.0,-1.0,-4.0,-3.0,-3.0,4.0,1.0,-1.0,-4.0,0.9612903225806452,0.0,0.0,0.009708737864077669,0.0,0.19971771347918138,49.7,0.51,106.0,97.8,-3.5,1.38,133.0,11.68,-3.27,0,1,0,0,0,0,0.0,-2.0,0.0,-1.0,-3.0,-2.0,-2.0,6.0,-2.0,-4.0,-4.0,-2.0,-3.0,-3.0,-2.0,0.0,-2.0,-2.0,-3.0,-3.0,-1.0,-2.0,-1.0,-4.0,0.0,0.0,0.0,0.0,0.0,0.0077628793225123505,0.0,0.54,49.0,62.9,-0.4,0.74,75.0,3.4,-0.19,loss-of-function
62,-1.0,5.0,0.0,-2.0,-3.0,1.0,0.0,-2.0,0.0,-3.0,-2.0,2.0,-1.0,-3.0,-2.0,-1.0,-1.0,-3.0,-2.0,-3.0,-1.0,0.0,-1.0,-4.0,1.0,0.0,0.018518518518518517,0.010416666666666666,0.0,0.021179537308569567,52.0,0.53,65.0,162.2,-4.5,0.65,174.0,14.28,-2.57,1,0,0,0,0,0,-1.0,-1.0,-2.0,-3.0,-1.0,0.0,-2.0,-3.0,-2.0,1.0,2.0,-1.0,5.0,0.0,-2.0,-1.0,-1.0,-1.0,-1.0,1.0,-3.0,-1.0,-1.0,-4.0,0.0,0.0,0.0,0.0,0.0,0.0013033561420658195,1.43,0.3,94.0,172.9,1.9,0.0,149.0,16.25,1.4,loss-of-function
74,-1.0,-1.0,-2.0,-3.0,-1.0,0.0,-2.0,-3.0,-2.0,1.0,2.0,-1.0,5.0,0.0,-2.0,-1.0,-1.0,-1.0,-1.0,1.0,-3.0,-1.0,-1.0,-4.0,1.0,0.9857142857142858,0.8468468468468469,0.9797979797979798,0.7658227848101266,0.5884070058381985,1.43,0.3,94.0,172.9,1.9,0.0,149.0,16.25,1.4,1,0,0,0,0,0,0.0,-3.0,-3.0,-3.0,-1.0,-2.0,-2.0,-3.0,-3.0,3.0,1.0,-2.0,1.0,-1.0,-2.0,-2.0,0.0,-3.0,-1.0,4.0,-3.0,-2.0,-1.0,-4.0,0.0,0.007142857142857143,0.018018018018018018,0.010101010101010102,0.17088607594936708,0.02543786488740617,0.13,0.39,74.0,141.0,4.2,0.0,117.0,21.57,1.46,loss-of-function
831,-1.0,2.0,0.0,-1.0,-3.0,1.0,1.0,-2.0,-1.0,-3.0,-2.0,5.0,-1.0,-3.0,-1.0,0.0,-1.0,-3.0,-2.0,-2.0,0.0,1.0,-1.0,-4.0,1.0,0.9097222222222222,0.45,0.18811881188118812,0.2857142857142857,0.9246947082767978,49.5,0.47,56.0,115.5,-3.9,0.33,146.0,15.71,-3.46,0,0,1,0,0,0,0.0,-1.0,0.0,-1.0,-1.0,-1.0,-1.0,-2.0,-2.0,-1.0,-1.0,-1.0,-1.0,-2.0,-1.0,1.0,5.0,-2.0,-2.0,0.0,-1.0,-1.0,0.0,-4.0,0.0,0.0,0.1,0.0,0.037267080745341616,0.0030529172320217096,1.66,0.44,97.0,106.5,-0.7,0.71,119.0,15.77,-0.32,gain-of-function
604,-1.0,0.0,0.0,2.0,-4.0,2.0,5.0,-2.0,0.0,-3.0,-3.0,1.0,-2.0,-3.0,-1.0,0.0,-1.0,-3.0,-2.0,-2.0,1.0,4.0,-1.0,-4.0,1.0,0.5902777777777778,0.2601626016260163,0.24271844660194175,0.08588957055214724,0.49933288859239494,49.9,0.5,102.0,113.9,-3.5,0.92,147.0,13.57,-2.9,0,1,0,0,0,0,-1.0,2.0,0.0,-1.0,-3.0,1.0,1.0,-2.0,-1.0,-3.0,-2.0,5.0,-1.0,-3.0,-1.0,0.0,-1.0,-3.0,-2.0,-2.0,0.0,1.0,-1.0,-4.0,0.0,0.013888888888888888,0.0,0.019417475728155338,0.2147239263803681,0.0023348899266177454,49.5,0.47,56.0,115.5,-3.9,0.33,146.0,15.71,-3.46,gain-of-function
164,-1.0,1.0,0.0,0.0,-3.0,5.0,2.0,-2.0,0.0,-3.0,-2.0,1.0,0.0,-3.0,-1.0,0.0,-1.0,-2.0,-1.0,-2.0,0.0,3.0,-1.0,-4.0,0.993421052631579,0.9357142857142857,0.2719298245614035,0.7326732673267327,0.9290322580645162,0.5350912778904665,3.53,0.49,93.0,119.2,-3.5,0.89,146.0,14.45,-1.84,1,0,0,0,0,0,-1.0,2.0,0.0,-1.0,-3.0,1.0,1.0,-2.0,-1.0,-3.0,-2.0,5.0,-1.0,-3.0,-1.0,0.0,-1.0,-3.0,-2.0,-2.0,0.0,1.0,-1.0,-4.0,0.006578947368421052,0.0,0.0,0.0,0.0064516129032258064,0.012170385395537525,49.5,0.47,56.0,115.5,-3.9,0.33,146.0,15.71,-3.46,loss-of-function
650,-1.0,-2.0,-3.0,-4.0,-1.0,-2.0,-3.0,-4.0,-3.0,2.0,4.0,-2.0,2.0,0.0,-3.0,-2.0,-1.0,-2.0,-1.0,1.0,-4.0,-3.0,-1.0,-4.0,1.0,0.1888111888111888,0.47540983606557374,0.019417475728155338,0.6329113924050633,0.9424909628655932,0.13,0.37,40.0,164.1,3.8,0.0,131.0,21.4,1.82,0,0,1,0,0,0,-1.0,-2.0,-2.0,-1.0,-3.0,-1.0,-1.0,-2.0,-2.0,-3.0,-3.0,-1.0,-2.0,-4.0,7.0,-1.0,-1.0,-4.0,-3.0,-2.0,-2.0,-1.0,-2.0,-4.0,0.0,0.0,0.0,0.0,0.006329113924050633,0.00032862306933946765,1.58,0.51,56.0,92.9,-1.6,0.39,115.0,17.43,-1.44,loss-of-function
417,1.0,-1.0,1.0,0.0,-1.0,0.0,0.0,0.0,-1.0,-2.0,-2.0,0.0,-1.0,-2.0,-1.0,4.0,1.0,-3.0,-2.0,-2.0,0.0,0.0,0.0,-4.0,0.993421052631579,0.0,0.3949579831932773,0.24242424242424243,0.044585987261146494,0.24307592049527532,1.67,0.51,120.0,85.6,-0.8,1.42,105.0,9.47,-0.53,1,0,0,0,0,0,0.0,-3.0,-3.0,-3.0,9.0,-3.0,-4.0,-3.0,-3.0,-1.0,-1.0,-3.0,-1.0,-2.0,-3.0,-1.0,-1.0,-2.0,-2.0,-1.0,-3.0,-3.0,-2.0,-4.0,0.0,0.0,0.0,0.0,0.0,0.0,1.48,0.35,20.0,132.3,2.5,2.75,121.0,13.46,-0.3,loss-of-function
60,0.0,-3.0,-3.0,-3.0,9.0,-3.0,-4.0,-3.0,-3.0,-1.0,-1.0,-3.0,-1.0,-2.0,-3.0,-1.0,-1.0,-2.0,-2.0,-1.0,-3.0,-3.0,-2.0,-4.0,0.9933774834437086,1.0,0.9711538461538461,0.9894736842105263,0.9932885906040269,0.4079504724666015,1.48,0.35,20.0,132.3,2.5,2.75,121.0,13.46,-0.3,1,0,0,0,0,0,-2.0,-3.0,-3.0,-3.0,-2.0,-3.0,-3.0,-3.0,-1.0,0.0,0.0,-3.0,0.0,6.0,-4.0,-2.0,-2.0,1.0,3.0,-1.0,-3.0,-3.0,-1.0,-4.0,0.0,0.0,0.0,0.0,0.0,0.0009775171065493646,0.35,0.31,41.0,194.1,2.8,0.0,165.0,19.8,1.98,loss-of-function
561,0.0,-3.0,-3.0,-3.0,9.0,-3.0,-4.0,-3.0,-3.0,-1.0,-1.0,-3.0,-1.0,-2.0,-3.0,-1.0,-1.0,-2.0,-2.0,-1.0,-3.0,-3.0,-2.0,-4.0,1.0,0.9857142857142858,0.9833333333333333,1.0,1.0,0.991861288039632,1.48,0.35,20.0,132.3,2.5,2.75,121.0,13.46,-0.3,0,1,0,0,0,0,0.0,-2.0,0.0,-1.0,-3.0,-2.0,-2.0,6.0,-2.0,-4.0,-4.0,-2.0,-3.0,-3.0,-2.0,0.0,-2.0,-2.0,-3.0,-3.0,-1.0,-2.0,-1.0,-4.0,0.0,0.0,0.0,0.0,0.0,0.00035385704175513094,0.0,0.54,49.0,62.9,-0.4,0.74,75.0,3.4,-0.19,loss-of-function
791,4.0,-1.0,-2.0,-2.0,0.0,-1.0,-1.0,0.0,-2.0,-1.0,-1.0,-1.0,-1.0,-2.0,-1.0,1.0,0.0,-3.0,-2.0,0.0,-2.0,-1.0,0.0,-4.0,1.0,1.0,0.0,0.76,0.0,0.968,0.0,0.36,100.0,86.6,1.8,0.0,89.0,11.5,0.38,0,0,1,0,0,0,-1.0,-2.0,-2.0,-1.0,-3.0,-1.0,-1.0,-2.0,-2.0,-3.0,-3.0,-1.0,-2.0,-4.0,7.0,-1.0,-1.0,-4.0,-3.0,-2.0,-2.0,-1.0,-2.0,-4.0,0.0,0.0,0.0,0.0,0.0,0.0,1.58,0.51,56.0,92.9,-1.6,0.39,115.0,17.43,-1.44,loss-of-function
809,-2.0,-3.0,-3.0,-3.0,-2.0,-3.0,-3.0,-3.0,-1.0,0.0,0.0,-3.0,0.0,6.0,-4.0,-2.0,-2.0,1.0,3.0,-1.0,-3.0,-3.0,-1.0,-4.0,1.0,0.9930555555555556,0.8677685950413223,0.5490196078431373,0.9444444444444444,0.9828282828282828,0.35,0.31,41.0,194.1,2.8,0.0,165.0,19.8,1.98,0,0,1,0,0,0,-1.0,-3.0,-3.0,-3.0,-1.0,-3.0,-3.0,-4.0,-3.0,4.0,2.0,-3.0,1.0,0.0,-3.0,-2.0,-1.0,-3.0,-1.0,3.0,-3.0,-3.0,-1.0,-4.0,0.0,0.0,0.0,0.0,0.043209876543209874,0.0030303030303030303,0.13,0.46,96.0,158.0,4.5,0.0,131.0,21.4,1.97,loss-of-function
129,0.0,-3.0,-3.0,-3.0,9.0,-3.0,-4.0,-3.0,-3.0,-1.0,-1.0,-3.0,-1.0,-2.0,-3.0,-1.0,-1.0,-2.0,-2.0,-1.0,-3.0,-3.0,-2.0,-4.0,1.0,0.0,0.0,0.0,0.0,0.0,1.48,0.35,20.0,132.3,2.5,2.75,121.0,13.46,-0.3,1,0,0,0,0,0,-2.0,-2.0,-2.0,-3.0,-2.0,-1.0,-2.0,-3.0,2.0,-1.0,-1.0,-2.0,-1.0,3.0,-3.0,-2.0,-2.0,2.0,7.0,-1.0,-3.0,-2.0,-1.0,-4.0,0.0,0.0,0.0,0.009708737864077669,0.0,0.00032583903551645487,1.61,0.42,41.0,177.7,-1.3,0.2,181.0,18.03,0.49,gain-of-function
55,-1.0,-2.0,-2.0,-1.0,-3.0,-1.0,-1.0,-2.0,-2.0,-3.0,-3.0,-1.0,-2.0,-4.0,7.0,-1.0,-1.0,-4.0,-3.0,-2.0,-2.0,-1.0,-2.0,-4.0,0.9933333333333333,0.9855072463768116,0.9711538461538461,0.96875,0.9865771812080537,0.5431736722059303,1.58,0.51,56.0,92.9,-1.6,0.39,115.0,17.43,-1.44,1,0,0,0,0,0,-1.0,-2.0,-3.0,-4.0,-1.0,-2.0,-3.0,-4.0,-3.0,2.0,4.0,-2.0,2.0,0.0,-3.0,-2.0,-1.0,-2.0,-1.0,1.0,-4.0,-3.0,-1.0,-4.0,0.0,0.0,0.009615384615384616,0.0,0.006711409395973154,0.008145975887911373,0.13,0.37,40.0,164.1,3.8,0.0,131.0,21.4,1.82,loss-of-function
423,4.0,-1.0,-2.0,-2.0,0.0,-1.0,-1.0,0.0,-2.0,-1.0,-1.0,-1.0,-1.0,-2.0,-1.0,1.0,0.0,-3.0,-2.0,0.0,-2.0,-1.0,0.0,-4.0,0.993421052631579,0.9777777777777777,1.0,0.8888888888888888,0.9741935483870968,0.8342031312725813,0.0,0.36,100.0,86.6,1.8,0.0,89.0,11.5,0.38,1,0,0,0,0,0,-1.0,2.0,0.0,-1.0,-3.0,1.0,1.0,-2.0,-1.0,-3.0,-2.0,5.0,-1.0,-3.0,-1.0,0.0,-1.0,-3.0,-2.0,-2.0,0.0,1.0,-1.0,-4.0,0.0,0.0,0.0,0.0,0.0,0.0004014452027298274,49.5,0.47,56.0,115.5,-3.9,0.33,146.0,15.71,-3.46,loss-of-function
798,-1.0,-2.0,-2.0,-1.0,-3.0,-1.0,-1.0,-2.0,-2.0,-3.0,-3.0,-1.0,-2.0,-4.0,7.0,-1.0,-1.0,-4.0,-3.0,-2.0,-2.0,-1.0,-2.0,-4.0,1.0,1.0,1.0,1.0,0.4444444444444444,0.9833166499833167,1.58,0.51,56.0,92.9,-1.6,0.39,115.0,17.43,-1.44,0,0,0,1,0,0,0.0,-1.0,0.0,-1.0,-1.0,-1.0,-1.0,-2.0,-2.0,-1.0,-1.0,-1.0,-1.0,-2.0,-1.0,1.0,5.0,-2.0,-2.0,0.0,-1.0,-1.0,0.0,-4.0,0.0,0.0,0.0,0.0,0.0,0.000333667000333667,1.66,0.44,97.0,106.5,-0.7,0.71,119.0,15.77,-0.32,loss-of-function
245,-1.0,1.0,0.0,0.0,-3.0,5.0,2.0,-2.0,0.0,-3.0,-2.0,1.0,0.0,-3.0,-1.0,0.0,-1.0,-2.0,-1.0,-2.0,0.0,3.0,-1.0,-4.0,1.0,0.028368794326241134,0.0,0.0,0.006578947368421052,0.016437139049311416,3.53,0.49,93.0,119.2,-3.5,0.89,146.0,14.45,-1.84,1,0,0,0,0,0,-1.0,5.0,0.0,-2.0,-3.0,1.0,0.0,-2.0,0.0,-3.0,-2.0,2.0,-1.0,-3.0,-2.0,-1.0,-1.0,-3.0,-2.0,-3.0,-1.0,0.0,-1.0,-4.0,0.0,0.0,0.0,0.013333333333333334,0.006578947368421052,0.3109729009329187,52.0,0.53,65.0,162.2,-4.5,0.65,174.0,14.28,-2.57,gain-of-function
888,0.0,-1.0,0.0,-1.0,-1.0,-1.0,-1.0,-2.0,-2.0,-1.0,-1.0,-1.0,-1.0,-2.0,-1.0,1.0,5.0,-2.0,-2.0,0.0,-1.0,-1.0,0.0,-4.0,0.9870967741935484,0.0,0.0,0.0,0.0,0.00032583903551645487,1.66,0.44,97.0,106.5,-0.7,0.71,119.0,15.77,-0.32,0,0,0,0,0,1,-1.0,-1.0,-2.0,-3.0,-1.0,0.0,-2.0,-3.0,-2.0,1.0,2.0,-1.0,5.0,0.0,-2.0,-1.0,-1.0,-1.0,-1.0,1.0,-3.0,-1.0,-1.0,-4.0,0.0,0.0,0.0,0.0,0.0,0.0,1.43,0.3,94.0,172.9,1.9,0.0,149.0,16.25,1.4,gain-of-function
746,4.0,-1.0,-2.0,-2.0,0.0,-1.0,-1.0,0.0,-2.0,-1.0,-1.0,-1.0,-1.0,-2.0,-1.0,1.0,0.0,-3.0,-2.0,0.0,-2.0,-1.0,0.0,-4.0,1.0,0.4097222222222222,0.008695652173913044,0.1,0.049689440993788817,0.14509151414309485,0.0,0.36,100.0,86.6,1.8,0.0,89.0,11.5,0.38,0,0,1,0,0,0,0.0,-3.0,-3.0,-3.0,-1.0,-2.0,-2.0,-3.0,-3.0,3.0,1.0,-2.0,1.0,-1.0,-2.0,-2.0,0.0,-3.0,-1.0,4.0,-3.0,-2.0,-1.0,-4.0,0.0,0.006944444444444444,0.0,0.03,0.037267080745341616,0.003660565723793677,0.13,0.39,74.0,141.0,4.2,0.0,117.0,21.57,1.46,loss-of-function
110,4.0,-1.0,-2.0,-2.0,0.0,-1.0,-1.0,0.0,-2.0,-1.0,-1.0,-1.0,-1.0,-2.0,-1.0,1.0,0.0,-3.0,-2.0,0.0,-2.0,-1.0,0.0,-4.0,1.0,0.7071428571428572,0.9482758620689655,0.0,0.01910828025477707,0.3408632513110125,0.0,0.36,100.0,86.6,1.8,0.0,89.0,11.5,0.38,1,0,0,0,0,0,0.0,-1.0,0.0,-1.0,-1.0,-1.0,-1.0,-2.0,-2.0,-1.0,-1.0,-1.0,-1.0,-2.0,-1.0,1.0,5.0,-2.0,-2.0,0.0,-1.0,-1.0,0.0,-4.0,0.0,0.007142857142857143,0.0,0.0,0.012738853503184714,0.05929810407422348,1.66,0.44,97.0,106.5,-0.7,0.71,119.0,15.77,-0.32,loss-of-function
165,0.0,-3.0,-3.0,-3.0,-1.0,-2.0,-2.0,-3.0,-3.0,3.0,1.0,-2.0,1.0,-1.0,-2.0,-2.0,0.0,-3.0,-1.0,4.0,-3.0,-2.0,-1.0,-4.0,0.7960526315789473,0.7730496453900709,0.15517241379310345,0.2828282828282828,0.6730769230769231,0.4359291306139267,0.13,0.39,74.0,141.0,4.2,0.0,117.0,21.57,1.46,1,0,0,0,0,0,-2.0,-2.0,1.0,6.0,-3.0,0.0,2.0,-1.0,-1.0,-3.0,-4.0,-1.0,-3.0,-3.0,-1.0,0.0,-1.0,-4.0,-3.0,-3.0,4.0,1.0,-1.0,-4.0,0.0,0.0,0.0,0.0,0.0,0.0,49.7,0.51,106.0,97.8,-3.5,1.38,133.0,11.68,-3.27,loss-of-function
138,0.0,-1.0,0.0,-1.0,-1.0,-1.0,-1.0,-2.0,-2.0,-1.0,-1.0,-1.0,-1.0,-2.0,-1.0,1.0,5.0,-2.0,-2.0,0.0,-1.0,-1.0,0.0,-4.0,1.0,0.007142857142857143,0.07894736842105263,0.0,0.025806451612903226,0.027375201288244767,1.66,0.44,97.0,106.5,-0.7,0.71,119.0,15.77,-0.32,1,0,0,0,0,0,-1.0,-1.0,-2.0,-3.0,-1.0,0.0,-2.0,-3.0,-2.0,1.0,2.0,-1.0,5.0,0.0,-2.0,-1.0,-1.0,-1.0,-1.0,1.0,-3.0,-1.0,-1.0,-4.0,0.0,0.0,0.03508771929824561,0.01,0.012903225806451613,0.017310789049919485,1.43,0.3,94.0,172.9,1.9,0.0,149.0,16.25,1.4,loss-of-function
835,4.0,-1.0,-2.0,-2.0,0.0,-1.0,-1.0,0.0,-2.0,-1.0,-1.0,-1.0,-1.0,-2.0,-1.0,1.0,0.0,-3.0,-2.0,0.0,-2.0,-1.0,0.0,-4.0,1.0,0.9305555555555556,0.8067226890756303,0.22549019607843138,0.39751552795031053,0.9123045547246771,0.0,0.36,100.0,86.6,1.8,0.0,89.0,11.5,0.38,0,0,1,0,0,0,0.0,-1.0,0.0,-1.0,-1.0,-1.0,-1.0,-2.0,-2.0,-1.0,-1.0,-1.0,-1.0,-2.0,-1.0,1.0,5.0,-2.0,-2.0,0.0,-1.0,-1.0,0.0,-4.0,0.0,0.013888888888888888,0.01680672268907563,0.0196078431372549,0.055900621118012424,0.01291638341264446,1.66,0.44,97.0,106.5,-0.7,0.71,119.0,15.77,-0.32,gain-of-function
557,0.0,-2.0,0.0,-1.0,-3.0,-2.0,-2.0,6.0,-2.0,-4.0,-4.0,-2.0,-3.0,-3.0,-2.0,0.0,-2.0,-2.0,-3.0,-3.0,-1.0,-2.0,-1.0,-4.0,0.8516129032258064,0.19858156028368795,0.847457627118644,0.941747572815534,1.0,0.8927053824362606,0.0,0.54,49.0,62.9,-0.4,0.74,75.0,3.4,-0.19,1,0,0,0,0,0,-1.0,0.0,0.0,2.0,-4.0,2.0,5.0,-2.0,0.0,-3.0,-3.0,1.0,-2.0,-3.0,-1.0,0.0,-1.0,-3.0,-2.0,-2.0,1.0,4.0,-1.0,-4.0,0.0,0.0,0.0,0.009708737864077669,0.0,0.02868271954674221,49.9,0.5,102.0,113.9,-3.5,0.92,147.0,13.57,-2.9,loss-of-function
830,0.0,-2.0,0.0,-1.0,-3.0,-2.0,-2.0,6.0,-2.0,-4.0,-4.0,-2.0,-3.0,-3.0,-2.0,0.0,-2.0,-2.0,-3.0,-3.0,-1.0,-2.0,-1.0,-4.0,1.0,1.0,0.775,0.9705882352941176,0.012422360248447204,0.9884784818705523,0.0,0.54,49.0,62.9,-0.4,0.74,75.0,3.4,-0.19,0,0,1,0,0,0,1.0,-1.0,1.0,0.0,-1.0,0.0,0.0,0.0,-1.0,-2.0,-2.0,0.0,-1.0,-2.0,-1.0,4.0,1.0,-3.0,-2.0,-2.0,0.0,0.0,0.0,-4.0,0.0,0.0,0.008333333333333333,0.0,0.037267080745341616,0.0010166045408336157,1.67,0.51,120.0,85.6,-0.8,1.42,105.0,9.47,-0.53,gain-of-function
228,-1.0,0.0,0.0,2.0,-4.0,2.0,5.0,-2.0,0.0,-3.0,-3.0,1.0,-2.0,-3.0,-1.0,0.0,-1.0,-3.0,-2.0,-2.0,1.0,4.0,-1.0,-4.0,0.7894736842105263,0.02127659574468085,0.35344827586206895,0.23157894736842105,0.0,0.30821371610845294,49.9,0.5,102.0,113.9,-3.5,0.92,147.0,13.57,-2.9,1,0,0,0,0,0,-1.0,2.0,0.0,-1.0,-3.0,1.0,1.0,-2.0,-1.0,-3.0,-2.0,5.0,-1.0,-3.0,-1.0,0.0,-1.0,-3.0,-2.0,-2.0,0.0,1.0,-1.0,-4.0,0.15789473684210525,0.0,0.19827586206896552,0.14736842105263157,0.21935483870967742,0.11124401913875598,49.5,0.47,56.0,115.5,-3.9,0.33,146.0,15.71,-3.46,gain-of-function
143,0.0,-2.0,0.0,-1.0,-3.0,-2.0,-2.0,6.0,-2.0,-4.0,-4.0,-2.0,-3.0,-3.0,-2.0,0.0,-2.0,-2.0,-3.0,-3.0,-1.0,-2.0,-1.0,-4.0,1.0,1.0,0.9912280701754386,1.0,1.0,0.6018246985988921,0.0,0.54,49.0,62.9,-0.4,0.74,75.0,3.4,-0.19,1,0,0,0,0,0,-1.0,0.0,0.0,2.0,-4.0,2.0,5.0,-2.0,0.0,-3.0,-3.0,1.0,-2.0,-3.0,-1.0,0.0,-1.0,-3.0,-2.0,-2.0,1.0,4.0,-1.0,-4.0,0.0,0.0,0.0,0.0,0.0,0.012056044314108831,49.9,0.5,102.0,113.9,-3.5,0.92,147.0,13.57,-2.9,loss-of-function
140,4.0,-1.0,-2.0,-2.0,0.0,-1.0,-1.0,0.0,-2.0,-1.0,-1.0,-1.0,-1.0,-2.0,-1.0,1.0,0.0,-3.0,-2.0,0.0,-2.0,-1.0,0.0,-4.0,1.0,1.0,0.9122807017543859,0.9696969696969697,0.9870967741935484,0.6206477732793523,0.0,0.36,100.0,86.6,1.8,0.0,89.0,11.5,0.38,1,0,0,0,0,0,0.0,-3.0,-3.0,-3.0,-1.0,-2.0,-2.0,-3.0,-3.0,3.0,1.0,-2.0,1.0,-1.0,-2.0,-2.0,0.0,-3.0,-1.0,4.0,-3.0,-2.0,-1.0,-4.0,0.0,0.0,0.0,0.0,0.012903225806451613,0.07773279352226721,0.13,0.39,74.0,141.0,4.2,0.0,117.0,21.57,1.46,loss-of-function
127,-1.0,0.0,0.0,2.0,-4.0,2.0,5.0,-2.0,0.0,-3.0,-3.0,1.0,-2.0,-3.0,-1.0,0.0,-1.0,-3.0,-2.0,-2.0,1.0,4.0,-1.0,-4.0,0.9867549668874173,0.0,0.0,0.0,0.0,0.00032583903551645487,49.9,0.5,102.0,113.9,-3.5,0.92,147.0,13.57,-2.9,1,0,0,0,0,0,4.0,-1.0,-2.0,-2.0,0.0,-1.0,-1.0,0.0,-2.0,-1.0,-1.0,-1.0,-1.0,-2.0,-1.0,1.0,0.0,-3.0,-2.0,0.0,-2.0,-1.0,0.0,-4.0,0.0,0.0,0.0,0.0,0.0,0.0,0.0,0.36,100.0,86.6,1.8,0.0,89.0,11.5,0.38,gain-of-function
680,-1.0,5.0,0.0,-2.0,-3.0,1.0,0.0,-2.0,0.0,-3.0,-2.0,2.0,-1.0,-3.0,-2.0,-1.0,-1.0,-3.0,-2.0,-3.0,-1.0,0.0,-1.0,-4.0,1.0,0.9861111111111112,0.6209677419354839,0.9603960396039604,0.0125,0.73558648111332,52.0,0.53,65.0,162.2,-4.5,0.65,174.0,14.28,-2.57,0,0,1,0,0,0,-2.0,0.0,1.0,-1.0,-3.0,0.0,0.0,-2.0,8.0,-3.0,-3.0,-1.0,-2.0,-1.0,-2.0,-1.0,-2.0,-2.0,2.0,-3.0,0.0,0.0,-1.0,-4.0,0.0,0.0,0.03225806451612903,0.009900990099009901,0.0,0.0026507620941020544,51.6,0.32,66.0,155.8,-3.2,0.58,155.0,13.69,-1.44,loss-of-function
131,0.0,-3.0,-3.0,-3.0,9.0,-3.0,-4.0,-3.0,-3.0,-1.0,-1.0,-3.0,-1.0,-2.0,-3.0,-1.0,-1.0,-2.0,-2.0,-1.0,-3.0,-3.0,-2.0,-4.0,1.0,1.0,0.0,0.0,0.0,0.9625453080950463,1.48,0.35,20.0,132.3,2.5,2.75,121.0,13.46,-0.3,1,0,0,0,0,0,-2.0,-3.0,-3.0,-3.0,-2.0,-3.0,-3.0,-3.0,-1.0,0.0,0.0,-3.0,0.0,6.0,-4.0,-2.0,-2.0,1.0,3.0,-1.0,-3.0,-3.0,-1.0,-4.0,0.0,0.0,0.0,0.0,0.0,0.0012082158679017317,0.35,0.31,41.0,194.1,2.8,0.0,165.0,19.8,1.98,gain-of-function
542,0.0,-3.0,-3.0,-3.0,9.0,-3.0,-4.0,-3.0,-3.0,-1.0,-1.0,-3.0,-1.0,-2.0,-3.0,-1.0,-1.0,-2.0,-2.0,-1.0,-3.0,-3.0,-2.0,-4.0,1.0,0.95,0.9917355371900827,1.0,0.9938271604938271,0.9914953933380581,1.48,0.35,20.0,132.3,2.5,2.75,121.0,13.46,-0.3,1,0,0,0,0,0,-1.0,5.0,0.0,-2.0,-3.0,1.0,0.0,-2.0,0.0,-3.0,-2.0,2.0,-1.0,-3.0,-2.0,-1.0,-1.0,-3.0,-2.0,-3.0,-1.0,0.0,-1.0,-4.0,0.0,0.0,0.0,0.0,0.0,0.0007087172218284905,52.0,0.53,65.0,162.2,-4.5,0.65,174.0,14.28,-2.57,loss-of-function
829,-2.0,-2.0,-2.0,-3.0,-2.0,-1.0,-2.0,-3.0,2.0,-1.0,-1.0,-2.0,-1.0,3.0,-3.0,-2.0,-2.0,2.0,7.0,-1.0,-3.0,-2.0,-1.0,-4.0,0.9872611464968153,0.0,0.0,0.0,0.0,0.00032583903551645487,1.61,0.42,41.0,177.7,-1.3,0.2,181.0,18.03,0.49,0,0,0,0,1,0,0.0,-3.0,-3.0,-3.0,9.0,-3.0,-4.0,-3.0,-3.0,-1.0,-1.0,-3.0,-1.0,-2.0,-3.0,-1.0,-1.0,-2.0,-2.0,-1.0,-3.0,-3.0,-2.0,-4.0,0.0,0.0,0.0,0.0,0.0,0.0,1.48,0.35,20.0,132.3,2.5,2.75,121.0,13.46,-0.3,gain-of-function
571,0.0,-2.0,0.0,-1.0,-3.0,-2.0,-2.0,6.0,-2.0,-4.0,-4.0,-2.0,-3.0,-3.0,-2.0,0.0,-2.0,-2.0,-3.0,-3.0,-1.0,-2.0,-1.0,-4.0,1.0,0.0,0.6859504132231405,0.9805825242718447,0.7375,0.792166549047283,0.0,0.54,49.0,62.9,-0.4,0.74,75.0,3.4,-0.19,0,1,0,0,0,0,-3.0,-3.0,-4.0,-4.0,-2.0,-2.0,-3.0,-2.0,-2.0,-3.0,-2.0,-3.0,-1.0,1.0,-4.0,-3.0,-2.0,11.0,2.0,-3.0,-4.0,-3.0,-2.0,-4.0,0.0,0.0,0.0,0.0,0.0,0.00035285815102328866,2.1,0.31,18.0,224.6,-0.9,0.13,204.0,21.67,1.53,loss-of-function
747,-1.0,-2.0,-2.0,-1.0,-3.0,-1.0,-1.0,-2.0,-2.0,-3.0,-3.0,-1.0,-2.0,-4.0,7.0,-1.0,-1.0,-4.0,-3.0,-2.0,-2.0,-1.0,-2.0,-4.0,1.0,1.0,0.29310344827586204,0.26,0.9440993788819876,0.8698402130492676,1.58,0.51,56.0,92.9,-1.6,0.39,115.0,17.43,-1.44,0,0,0,0,1,0,-1.0,-2.0,-3.0,-4.0,-1.0,-2.0,-3.0,-4.0,-3.0,2.0,4.0,-2.0,2.0,0.0,-3.0,-2.0,-1.0,-2.0,-1.0,1.0,-4.0,-3.0,-1.0,-4.0,0.0,0.0,0.0,0.0,0.0,0.0016644474034620505,0.13,0.37,40.0,164.1,3.8,0.0,131.0,21.4,1.82,loss-of-function
670,0.0,-2.0,0.0,-1.0,-3.0,-2.0,-2.0,6.0,-2.0,-4.0,-4.0,-2.0,-3.0,-3.0,-2.0,0.0,-2.0,-2.0,-3.0,-3.0,-1.0,-2.0,-1.0,-4.0,1.0,0.7222222222222222,0.9590163934426229,0.9207920792079208,0.9627329192546584,0.9666666666666667,0.0,0.54,49.0,62.9,-0.4,0.74,75.0,3.4,-0.19,0,0,0,0,1,0,-1.0,5.0,0.0,-2.0,-3.0,1.0,0.0,-2.0,0.0,-3.0,-2.0,2.0,-1.0,-3.0,-2.0,-1.0,-1.0,-3.0,-2.0,-3.0,-1.0,0.0,-1.0,-4.0,0.0,0.05555555555555555,0.0,0.0,0.0,0.0006600660066006601,52.0,0.53,65.0,162.2,-4.5,0.65,174.0,14.28,-2.57,loss-of-function
610,-1.0,0.0,0.0,2.0,-4.0,2.0,5.0,-2.0,0.0,-3.0,-3.0,1.0,-2.0,-3.0,-1.0,0.0,-1.0,-3.0,-2.0,-2.0,1.0,4.0,-1.0,-4.0,1.0,0.0,0.5887096774193549,0.6407766990291263,0.6012269938650306,0.6313856427378965,49.9,0.5,102.0,113.9,-3.5,0.92,147.0,13.57,-2.9,0,0,1,0,0,0,0.0,-2.0,0.0,-1.0,-3.0,-2.0,-2.0,6.0,-2.0,-4.0,-4.0,-2.0,-3.0,-3.0,-2.0,0.0,-2.0,-2.0,-3.0,-3.0,-1.0,-2.0,-1.0,-4.0,0.0,0.0,0.0,0.0,0.0,0.009348914858096828,0.0,0.54,49.0,62.9,-0.4,0.74,75.0,3.4,-0.19,gain-of-function
595,-2.0,0.0,1.0,-1.0,-3.0,0.0,0.0,-2.0,8.0,-3.0,-3.0,-1.0,-2.0,-1.0,-2.0,-1.0,-2.0,-2.0,2.0,-3.0,0.0,0.0,-1.0,-4.0,1.0,0.0,0.024390243902439025,0.0,0.006134969325153374,0.053864168618266976,51.6,0.32,66.0,155.8,-3.2,0.58,155.0,13.69,-1.44,0,1,0,0,0,0,-2.0,-2.0,-2.0,-3.0,-2.0,-1.0,-2.0,-3.0,2.0,-1.0,-1.0,-2.0,-1.0,3.0,-3.0,-2.0,-2.0,2.0,7.0,-1.0,-3.0,-2.0,-1.0,-4.0,0.0,0.0,0.0,0.0,0.0,0.0,1.61,0.42,41.0,177.7,-1.3,0.2,181.0,18.03,0.49,loss-of-function
613,0.0,-2.0,0.0,-1.0,-3.0,-2.0,-2.0,6.0,-2.0,-4.0,-4.0,-2.0,-3.0,-3.0,-2.0,0.0,-2.0,-2.0,-3.0,-3.0,-1.0,-2.0,-1.0,-4.0,1.0,0.0,0.008130081300813009,0.24271844660194175,0.0,0.9240759240759241,0.0,0.54,49.0,62.9,-0.4,0.74,75.0,3.4,-0.19,0,0,1,0,0,0,-1.0,5.0,0.0,-2.0,-3.0,1.0,0.0,-2.0,0.0,-3.0,-2.0,2.0,-1.0,-3.0,-2.0,-1.0,-1.0,-3.0,-2.0,-3.0,-1.0,0.0,-1.0,-4.0,0.0,0.0,0.0,0.0,0.0,0.000666000666000666,52.0,0.53,65.0,162.2,-4.5,0.65,174.0,14.28,-2.57,loss-of-function
397,0.0,-2.0,0.0,-1.0,-3.0,-2.0,-2.0,6.0,-2.0,-4.0,-4.0,-2.0,-3.0,-3.0,-2.0,0.0,-2.0,-2.0,-3.0,-3.0,-1.0,-2.0,-1.0,-4.0,0.993421052631579,0.006944444444444444,0.0,0.019417475728155338,0.0,0.7109850020267532,0.0,0.54,49.0,62.9,-0.4,0.74,75.0,3.4,-0.19,1,0,0,0,0,0,-1.0,5.0,0.0,-2.0,-3.0,1.0,0.0,-2.0,0.0,-3.0,-2.0,2.0,-1.0,-3.0,-2.0,-1.0,-1.0,-3.0,-2.0,-3.0,-1.0,0.0,-1.0,-4.0,0.0,0.0,0.0,0.0,0.0,0.015403323875152006,52.0,0.53,65.0,162.2,-4.5,0.65,174.0,14.28,-2.57,loss-of-function
571,0.0,-2.0,0.0,-1.0,-3.0,-2.0,-2.0,6.0,-2.0,-4.0,-4.0,-2.0,-3.0,-3.0,-2.0,0.0,-2.0,-2.0,-3.0,-3.0,-1.0,-2.0,-1.0,-4.0,1.0,0.0,0.6859504132231405,0.9805825242718447,0.7375,0.792166549047283,0.0,0.54,49.0,62.9,-0.4,0.74,75.0,3.4,-0.19,0,1,0,0,0,0,0.0,-3.0,-3.0,-3.0,-1.0,-2.0,-2.0,-3.0,-3.0,3.0,1.0,-2.0,1.0,-1.0,-2.0,-2.0,0.0,-3.0,-1.0,4.0,-3.0,-2.0,-1.0,-4.0,0.0,0.0,0.0,0.0,0.0,0.0014114326040931546,0.13,0.39,74.0,141.0,4.2,0.0,117.0,21.57,1.46,loss-of-function
807,-1.0,-3.0,-3.0,-3.0,-1.0,-3.0,-3.0,-4.0,-3.0,4.0,2.0,-3.0,1.0,0.0,-3.0,-2.0,-1.0,-3.0,-1.0,3.0,-3.0,-3.0,-1.0,-4.0,1.0,0.9652777777777778,0.211864406779661,0.9607843137254902,0.6234567901234568,0.7775919732441472,0.13,0.46,96.0,158.0,4.5,0.0,131.0,21.4,1.97,0,0,1,0,0,0,-2.0,0.0,6.0,1.0,-3.0,0.0,0.0,0.0,1.0,-3.0,-3.0,0.0,-2.0,-3.0,-2.0,1.0,0.0,-4.0,-2.0,-3.0,3.0,0.0,-1.0,-4.0,0.0,0.0,0.0,0.0,0.0,0.0,3.38,0.46,134.0,103.3,-3.5,1.33,132.0,12.82,-1.62,loss-of-function
716,-1.0,5.0,0.0,-2.0,-3.0,1.0,0.0,-2.0,0.0,-3.0,-2.0,2.0,-1.0,-3.0,-2.0,-1.0,-1.0,-3.0,-2.0,-3.0,-1.0,0.0,-1.0,-4.0,0.9872611464968153,0.006944444444444444,0.21311475409836064,0.03,0.1875,0.2173346366894754,52.0,0.53,65.0,162.2,-4.5,0.65,174.0,14.28,-2.57,0,0,0,1,0,0,-2.0,0.0,1.0,-1.0,-3.0,0.0,0.0,-2.0,8.0,-3.0,-3.0,-1.0,-2.0,-1.0,-2.0,-1.0,-2.0,-2.0,2.0,-3.0,0.0,0.0,-1.0,-4.0,0.006369426751592357,0.0,0.22131147540983606,0.08,0.05,0.0032583903551645487,51.6,0.32,66.0,155.8,-3.2,0.58,155.0,13.69,-1.44,loss-of-function
661,0.0,-3.0,-3.0,-3.0,9.0,-3.0,-4.0,-3.0,-3.0,-1.0,-1.0,-3.0,-1.0,-2.0,-3.0,-1.0,-1.0,-2.0,-2.0,-1.0,-3.0,-3.0,-2.0,-4.0,1.0,0.0,0.17073170731707318,0.1782178217821782,0.8765432098765432,0.8456973293768546,1.48,0.35,20.0,132.3,2.5,2.75,121.0,13.46,-0.3,0,0,1,0,0,0,-3.0,-3.0,-4.0,-4.0,-2.0,-2.0,-3.0,-2.0,-2.0,-3.0,-2.0,-3.0,-1.0,1.0,-4.0,-3.0,-2.0,11.0,2.0,-3.0,-4.0,-3.0,-2.0,-4.0,0.0,0.0,0.0,0.0,0.0,0.0,2.1,0.31,18.0,224.6,-0.9,0.13,204.0,21.67,1.53,loss-of-function
437,0.0,-3.0,-3.0,-3.0,9.0,-3.0,-4.0,-3.0,-3.0,-1.0,-1.0,-3.0,-1.0,-2.0,-3.0,-1.0,-1.0,-2.0,-2.0,-1.0,-3.0,-3.0,-2.0,-4.0,1.0,1.0,1.0,1.0,1.0,0.48061257738677093,1.48,0.35,20.0,132.3,2.5,2.75,121.0,13.46,-0.3,1,0,0,0,0,0,-1.0,5.0,0.0,-2.0,-3.0,1.0,0.0,-2.0,0.0,-3.0,-2.0,2.0,-1.0,-3.0,-2.0,-1.0,-1.0,-3.0,-2.0,-3.0,-1.0,0.0,-1.0,-4.0,0.0,0.0,0.0,0.0,0.0,0.0039100684261974585,52.0,0.53,65.0,162.2,-4.5,0.65,174.0,14.28,-2.57,loss-of-function
886,-1.0,5.0,0.0,-2.0,-3.0,1.0,0.0,-2.0,0.0,-3.0,-2.0,2.0,-1.0,-3.0,-2.0,-1.0,-1.0,-3.0,-2.0,-3.0,-1.0,0.0,-1.0,-4.0,0.7935483870967742,0.0,0.0,0.0,0.0,0.0006516780710329097,52.0,0.53,65.0,162.2,-4.5,0.65,174.0,14.28,-2.57,0,0,0,0,0,1,-1.0,-2.0,-2.0,-1.0,-3.0,-1.0,-1.0,-2.0,-2.0,-3.0,-3.0,-1.0,-2.0,-4.0,7.0,-1.0,-1.0,-4.0,-3.0,-2.0,-2.0,-1.0,-2.0,-4.0,0.0,0.0,0.0,0.0,0.0,0.0,1.58,0.51,56.0,92.9,-1.6,0.39,115.0,17.43,-1.44,loss-of-function
573,-2.0,-2.0,-2.0,-3.0,-2.0,-1.0,-2.0,-3.0,2.0,-1.0,-1.0,-2.0,-1.0,3.0,-3.0,-2.0,-2.0,2.0,7.0,-1.0,-3.0,-2.0,-1.0,-4.0,0.9230769230769231,0.9716312056737588,0.0,0.11538461538461539,0.6125,0.0007024938531787847,1.61,0.42,41.0,177.7,-1.3,0.2,181.0,18.03,0.49,0,1,0,0,0,0,0.0,-3.0,-3.0,-3.0,9.0,-3.0,-4.0,-3.0,-3.0,-1.0,-1.0,-3.0,-1.0,-2.0,-3.0,-1.0,-1.0,-2.0,-2.0,-1.0,-3.0,-3.0,-2.0,-4.0,0.0,0.0,0.0,0.0,0.0,0.00035124692658939234,1.48,0.35,20.0,132.3,2.5,2.75,121.0,13.46,-0.3,loss-of-function
836,0.0,-3.0,-3.0,-3.0,-1.0,-2.0,-2.0,-3.0,-3.0,3.0,1.0,-2.0,1.0,-1.0,-2.0,-2.0,0.0,-3.0,-1.0,4.0,-3.0,-2.0,-1.0,-4.0,1.0,0.9791666666666666,0.44166666666666665,0.08823529411764706,0.6234567901234568,0.8470948012232415,0.13,0.39,74.0,141.0,4.2,0.0,117.0,21.57,1.46,0,0,1,0,0,0,-1.0,-2.0,-3.0,-4.0,-1.0,-2.0,-3.0,-4.0,-3.0,2.0,4.0,-2.0,2.0,0.0,-3.0,-2.0,-1.0,-2.0,-1.0,1.0,-4.0,-3.0,-1.0,-4.0,0.0,0.0,0.08333333333333333,0.5294117647058824,0.006172839506172839,0.010193679918450561,0.13,0.37,40.0,164.1,3.8,0.0,131.0,21.4,1.82,gain-of-function
222,0.0,-2.0,0.0,-1.0,-3.0,-2.0,-2.0,6.0,-2.0,-4.0,-4.0,-2.0,-3.0,-3.0,-2.0,0.0,-2.0,-2.0,-3.0,-3.0,-1.0,-2.0,-1.0,-4.0,1.0,0.007518796992481203,0.9304347826086956,0.23,0.7388535031847133,0.43611446997178555,0.0,0.54,49.0,62.9,-0.4,0.74,75.0,3.4,-0.19,1,0,0,0,0,0,-1.0,0.0,0.0,2.0,-4.0,2.0,5.0,-2.0,0.0,-3.0,-3.0,1.0,-2.0,-3.0,-1.0,0.0,-1.0,-3.0,-2.0,-2.0,1.0,4.0,-1.0,-4.0,0.0,0.0,0.0,0.0,0.0,0.004433696090286175,49.9,0.5,102.0,113.9,-3.5,0.92,147.0,13.57,-2.9,loss-of-function
128,-2.0,-3.0,-3.0,-3.0,-2.0,-3.0,-3.0,-3.0,-1.0,0.0,0.0,-3.0,0.0,6.0,-4.0,-2.0,-2.0,1.0,3.0,-1.0,-3.0,-3.0,-1.0,-4.0,1.0,0.7573529411764706,0.18691588785046728,0.0,0.0,0.044965786901270774,0.35,0.31,41.0,194.1,2.8,0.0,165.0,19.8,1.98,1,0,0,0,0,0,-1.0,-2.0,-3.0,-4.0,-1.0,-2.0,-3.0,-4.0,-3.0,2.0,4.0,-2.0,2.0,0.0,-3.0,-2.0,-1.0,-2.0,-1.0,1.0,-4.0,-3.0,-1.0,-4.0,0.0,0.022058823529411766,0.34579439252336447,0.03,0.006369426751592357,0.0009775171065493646,0.13,0.37,40.0,164.1,3.8,0.0,131.0,21.4,1.82,gain-of-function
51,-1.0,-2.0,-3.0,-4.0,-1.0,-2.0,-3.0,-4.0,-3.0,2.0,4.0,-2.0,2.0,0.0,-3.0,-2.0,-1.0,-2.0,-1.0,1.0,-4.0,-3.0,-1.0,-4.0,0.9933774834437086,0.0,0.0,0.0,0.0,0.0006516780710329097,0.13,0.37,40.0,164.1,3.8,0.0,131.0,21.4,1.82,1,0,0,0,0,0,-1.0,5.0,0.0,-2.0,-3.0,1.0,0.0,-2.0,0.0,-3.0,-2.0,2.0,-1.0,-3.0,-2.0,-1.0,-1.0,-3.0,-2.0,-3.0,-1.0,0.0,-1.0,-4.0,0.0,0.0,0.0,0.0,0.0,0.00032583903551645487,52.0,0.53,65.0,162.2,-4.5,0.65,174.0,14.28,-2.57,loss-of-function
90,-2.0,0.0,6.0,1.0,-3.0,0.0,0.0,0.0,1.0,-3.0,-3.0,0.0,-2.0,-3.0,-2.0,1.0,0.0,-4.0,-2.0,-3.0,3.0,0.0,-1.0,-4.0,1.0,0.11428571428571428,0.6964285714285714,0.22,0.012738853503184714,0.6918342224045958,3.38,0.46,134.0,103.3,-3.5,1.33,132.0,12.82,-1.62,1,0,0,0,0,0,0.0,-1.0,0.0,-1.0,-1.0,-1.0,-1.0,-2.0,-2.0,-1.0,-1.0,-1.0,-1.0,-2.0,-1.0,1.0,5.0,-2.0,-2.0,0.0,-1.0,-1.0,0.0,-4.0,0.0,0.0,0.0,0.0,0.0,0.002051702913418137,1.66,0.44,97.0,106.5,-0.7,0.71,119.0,15.77,-0.32,loss-of-function
585,0.0,-3.0,-3.0,-3.0,9.0,-3.0,-4.0,-3.0,-3.0,-1.0,-1.0,-3.0,-1.0,-2.0,-3.0,-1.0,-1.0,-2.0,-2.0,-1.0,-3.0,-3.0,-2.0,-4.0,1.0,0.9722222222222222,1.0,1.0,0.9938271604938271,0.9969604863221885,1.48,0.35,20.0,132.3,2.5,2.75,121.0,13.46,-0.3,0,1,0,0,0,0,-2.0,-3.0,-3.0,-3.0,-2.0,-3.0,-3.0,-3.0,-1.0,0.0,0.0,-3.0,0.0,6.0,-4.0,-2.0,-2.0,1.0,3.0,-1.0,-3.0,-3.0,-1.0,-4.0,0.0,0.0,0.0,0.0,0.0,0.0,0.35,0.31,41.0,194.1,2.8,0.0,165.0,19.8,1.98,loss-of-function
116,4.0,-1.0,-2.0,-2.0,0.0,-1.0,-1.0,0.0,-2.0,-1.0,-1.0,-1.0,-1.0,-2.0,-1.0,1.0,0.0,-3.0,-2.0,0.0,-2.0,-1.0,0.0,-4.0,1.0,0.09285714285714286,0.2702702702702703,0.52,0.4267515923566879,0.008574928542262147,0.0,0.36,100.0,86.6,1.8,0.0,89.0,11.5,0.38,1,0,0,0,0,0,-1.0,-2.0,-2.0,-1.0,-3.0,-1.0,-1.0,-2.0,-2.0,-3.0,-3.0,-1.0,-2.0,-4.0,7.0,-1.0,-1.0,-4.0,-3.0,-2.0,-2.0,-1.0,-2.0,-4.0,0.0,0.007142857142857143,0.0,0.0,0.0,0.0028583095140873828,1.58,0.51,56.0,92.9,-1.6,0.39,115.0,17.43,-1.44,gain-of-function
146,0.0,-2.0,0.0,-1.0,-3.0,-2.0,-2.0,6.0,-2.0,-4.0,-4.0,-2.0,-3.0,-3.0,-2.0,0.0,-2.0,-2.0,-3.0,-3.0,-1.0,-2.0,-1.0,-4.0,1.0,0.0,0.0,0.009900990099009901,0.012903225806451613,0.3069403714565005,0.0,0.54,49.0,62.9,-0.4,0.74,75.0,3.4,-0.19,1,0,0,0,0,0,-2.0,-2.0,1.0,6.0,-3.0,0.0,2.0,-1.0,-1.0,-3.0,-4.0,-1.0,-3.0,-3.0,-1.0,0.0,-1.0,-4.0,-3.0,-3.0,4.0,1.0,-1.0,-4.0,0.0,0.0,0.017391304347826087,0.0,0.01935483870967742,0.005539263603779733,49.7,0.51,106.0,97.8,-3.5,1.38,133.0,11.68,-3.27,loss-of-function
101,0.0,-3.0,-3.0,-3.0,9.0,-3.0,-4.0,-3.0,-3.0,-1.0,-1.0,-3.0,-1.0,-2.0,-3.0,-1.0,-1.0,-2.0,-2.0,-1.0,-3.0,-3.0,-2.0,-4.0,1.0,1.0,0.9823008849557522,0.98989898989899,1.0,0.47735418703160637,1.48,0.35,20.0,132.3,2.5,2.75,121.0,13.46,-0.3,1,0,0,0,0,0,-3.0,-3.0,-4.0,-4.0,-2.0,-2.0,-3.0,-2.0,-2.0,-3.0,-2.0,-3.0,-1.0,1.0,-4.0,-3.0,-2.0,11.0,2.0,-3.0,-4.0,-3.0,-2.0,-4.0,0.0,0.0,0.008849557522123894,0.0,0.0,0.0,2.1,0.31,18.0,224.6,-0.9,0.13,204.0,21.67,1.53,loss-of-function
820,1.0,-1.0,1.0,0.0,-1.0,0.0,0.0,0.0,-1.0,-2.0,-2.0,0.0,-1.0,-2.0,-1.0,4.0,1.0,-3.0,-2.0,-2.0,0.0,0.0,0.0,-4.0,1.0,0.006944444444444444,0.2833333333333333,0.5392156862745098,0.3888888888888889,0.2812182741116751,1.67,0.51,120.0,85.6,-0.8,1.42,105.0,9.47,-0.53,0,0,1,0,0,0,-2.0,-3.0,-3.0,-3.0,-2.0,-3.0,-3.0,-3.0,-1.0,0.0,0.0,-3.0,0.0,6.0,-4.0,-2.0,-2.0,1.0,3.0,-1.0,-3.0,-3.0,-1.0,-4.0,0.0,0.006944444444444444,0.0,0.14705882352941177,0.2654320987654321,0.0006768189509306261,0.35,0.31,41.0,194.1,2.8,0.0,165.0,19.8,1.98,gain-of-function
150,1.0,-1.0,1.0,0.0,-1.0,0.0,0.0,0.0,-1.0,-2.0,-2.0,0.0,-1.0,-2.0,-1.0,4.0,1.0,-3.0,-2.0,-2.0,0.0,0.0,0.0,-4.0,1.0,0.5785714285714286,0.14912280701754385,0.010101010101010102,0.057692307692307696,0.45034177724165664,1.67,0.51,120.0,85.6,-0.8,1.42,105.0,9.47,-0.53,1,0,0,0,0,0,0.0,-3.0,-3.0,-3.0,9.0,-3.0,-4.0,-3.0,-3.0,-1.0,-1.0,-3.0,-1.0,-2.0,-3.0,-1.0,-1.0,-2.0,-2.0,-1.0,-3.0,-3.0,-2.0,-4.0,0.0,0.0,0.0,0.0,0.21794871794871795,0.029352633695215118,1.48,0.35,20.0,132.3,2.5,2.75,121.0,13.46,-0.3,loss-of-function
782,-1.0,-2.0,-3.0,-4.0,-1.0,-2.0,-3.0,-4.0,-3.0,2.0,4.0,-2.0,2.0,0.0,-3.0,-2.0,-1.0,-2.0,-1.0,1.0,-4.0,-3.0,-1.0,-4.0,0.9745222929936306,0.1111111111111111,0.7982456140350878,0.66,0.10493827160493827,0.5732669157326692,0.13,0.37,40.0,164.1,3.8,0.0,131.0,21.4,1.82,0,0,1,0,0,0,-1.0,5.0,0.0,-2.0,-3.0,1.0,0.0,-2.0,0.0,-3.0,-2.0,2.0,-1.0,-3.0,-2.0,-1.0,-1.0,-3.0,-2.0,-3.0,-1.0,0.0,-1.0,-4.0,0.0,0.0,0.0,0.0,0.0,0.0,52.0,0.53,65.0,162.2,-4.5,0.65,174.0,14.28,-2.57,loss-of-function
432,-1.0,1.0,0.0,0.0,-3.0,5.0,2.0,-2.0,0.0,-3.0,-2.0,1.0,0.0,-3.0,-1.0,0.0,-1.0,-2.0,-1.0,-2.0,0.0,3.0,-1.0,-4.0,1.0,0.07407407407407407,0.0,0.030303030303030304,0.0,0.0754414125200642,3.53,0.49,93.0,119.2,-3.5,0.89,146.0,14.45,-1.84,1,0,0,0,0,0,-1.0,5.0,0.0,-2.0,-3.0,1.0,0.0,-2.0,0.0,-3.0,-2.0,2.0,-1.0,-3.0,-2.0,-1.0,-1.0,-3.0,-2.0,-3.0,-1.0,0.0,-1.0,-4.0,0.0,0.4074074074074074,0.025210084033613446,0.0,0.0,0.006821829855537721,52.0,0.53,65.0,162.2,-4.5,0.65,174.0,14.28,-2.57,loss-of-function
47,-1.0,2.0,0.0,-1.0,-3.0,1.0,1.0,-2.0,-1.0,-3.0,-2.0,5.0,-1.0,-3.0,-1.0,0.0,-1.0,-3.0,-2.0,-2.0,0.0,1.0,-1.0,-4.0,0.9867549668874173,0.0,0.03968253968253968,0.0,0.0,0.1322906484196807,49.5,0.47,56.0,115.5,-3.9,0.33,146.0,15.71,-3.46,1,0,0,0,0,0,-2.0,0.0,6.0,1.0,-3.0,0.0,0.0,0.0,1.0,-3.0,-3.0,0.0,-2.0,-3.0,-2.0,1.0,0.0,-4.0,-2.0,-3.0,3.0,0.0,-1.0,-4.0,0.006622516556291391,0.00847457627118644,0.0,0.0,0.00684931506849315,0.010426849136526556,3.38,0.46,134.0,103.3,-3.5,1.33,132.0,12.82,-1.62,gain-of-function
69,-1.0,5.0,0.0,-2.0,-3.0,1.0,0.0,-2.0,0.0,-3.0,-2.0,2.0,-1.0,-3.0,-2.0,-1.0,-1.0,-3.0,-2.0,-3.0,-1.0,0.0,-1.0,-4.0,1.0,0.021739130434782608,0.0,0.26804123711340205,0.0,0.3788848263254113,52.0,0.53,65.0,162.2,-4.5,0.65,174.0,14.28,-2.57,1,0,0,0,0,0,0.0,-3.0,-3.0,-3.0,9.0,-3.0,-4.0,-3.0,-3.0,-1.0,-1.0,-3.0,-1.0,-2.0,-3.0,-1.0,-1.0,-2.0,-2.0,-1.0,-3.0,-3.0,-2.0,-4.0,0.0,0.0,0.07339449541284404,0.0,0.0,0.003656307129798903,1.48,0.35,20.0,132.3,2.5,2.75,121.0,13.46,-0.3,loss-of-function
827,1.0,-1.0,1.0,0.0,-1.0,0.0,0.0,0.0,-1.0,-2.0,-2.0,0.0,-1.0,-2.0,-1.0,4.0,1.0,-3.0,-2.0,-2.0,0.0,0.0,0.0,-4.0,1.0,0.0,0.0,0.0,0.006134969325153374,0.9520108144643461,1.67,0.51,120.0,85.6,-0.8,1.42,105.0,9.47,-0.53,0,0,1,0,0,0,-1.0,5.0,0.0,-2.0,-3.0,1.0,0.0,-2.0,0.0,-3.0,-2.0,2.0,-1.0,-3.0,-2.0,-1.0,-1.0,-3.0,-2.0,-3.0,-1.0,0.0,-1.0,-4.0,0.0,0.0,0.0,0.0,0.0,0.0006759040216289286,52.0,0.53,65.0,162.2,-4.5,0.65,174.0,14.28,-2.57,loss-of-function
19,4.0,-1.0,-2.0,-2.0,0.0,-1.0,-1.0,0.0,-2.0,-1.0,-1.0,-1.0,-1.0,-2.0,-1.0,1.0,0.0,-3.0,-2.0,0.0,-2.0,-1.0,0.0,-4.0,0.7785234899328859,0.0,0.0,0.0,0.0,0.002932551319648094,0.0,0.36,100.0,86.6,1.8,0.0,89.0,11.5,0.38,1,0,0,0,0,0,-1.0,-2.0,-2.0,-1.0,-3.0,-1.0,-1.0,-2.0,-2.0,-3.0,-3.0,-1.0,-2.0,-4.0,7.0,-1.0,-1.0,-4.0,-3.0,-2.0,-2.0,-1.0,-2.0,-4.0,0.0,0.0,0.0,0.0,0.0,0.0013033561420658195,1.58,0.51,56.0,92.9,-1.6,0.39,115.0,17.43,-1.44,loss-of-function
550,0.0,-1.0,0.0,-1.0,-1.0,-1.0,-1.0,-2.0,-2.0,-1.0,-1.0,-1.0,-1.0,-2.0,-1.0,1.0,5.0,-2.0,-2.0,0.0,-1.0,-1.0,0.0,-4.0,0.9935483870967742,0.0,0.0,0.0,0.0,0.44397163120567373,1.66,0.44,97.0,106.5,-0.7,0.71,119.0,15.77,-0.32,1,0,0,0,0,0,-1.0,-3.0,-3.0,-3.0,-1.0,-3.0,-3.0,-4.0,-3.0,4.0,2.0,-3.0,1.0,0.0,-3.0,-2.0,-1.0,-3.0,-1.0,3.0,-3.0,-3.0,-1.0,-4.0,0.0,0.02127659574468085,0.0,0.0,0.0,0.0010638297872340426,0.13,0.46,96.0,158.0,4.5,0.0,131.0,21.4,1.97,loss-of-function
395,0.0,-3.0,-3.0,-3.0,9.0,-3.0,-4.0,-3.0,-3.0,-1.0,-1.0,-3.0,-1.0,-2.0,-3.0,-1.0,-1.0,-2.0,-2.0,-1.0,-3.0,-3.0,-2.0,-4.0,1.0,0.9310344827586207,0.9824561403508771,0.98989898989899,0.9807692307692307,0.9655172413793104,1.48,0.35,20.0,132.3,2.5,2.75,121.0,13.46,-0.3,1,0,0,0,0,0,-1.0,5.0,0.0,-2.0,-3.0,1.0,0.0,-2.0,0.0,-3.0,-2.0,2.0,-1.0,-3.0,-2.0,-1.0,-1.0,-3.0,-2.0,-3.0,-1.0,0.0,-1.0,-4.0,0.0,0.0,0.0,0.0,0.01282051282051282,0.0008113590263691683,52.0,0.53,65.0,162.2,-4.5,0.65,174.0,14.28,-2.57,loss-of-function
205,-1.0,5.0,0.0,-2.0,-3.0,1.0,0.0,-2.0,0.0,-3.0,-2.0,2.0,-1.0,-3.0,-2.0,-1.0,-1.0,-3.0,-2.0,-3.0,-1.0,0.0,-1.0,-4.0,0.7631578947368421,0.028368794326241134,0.08620689655172414,0.49,0.07692307692307693,0.09383809907370116,52.0,0.53,65.0,162.2,-4.5,0.65,174.0,14.28,-2.57,1,0,0,0,0,0,0.0,-3.0,-3.0,-3.0,9.0,-3.0,-4.0,-3.0,-3.0,-1.0,-1.0,-3.0,-1.0,-2.0,-3.0,-1.0,-1.0,-2.0,-2.0,-1.0,-3.0,-3.0,-2.0,-4.0,0.0,0.0,0.0,0.0,0.0,0.0,1.48,0.35,20.0,132.3,2.5,2.75,121.0,13.46,-0.3,loss-of-function
143,0.0,-2.0,0.0,-1.0,-3.0,-2.0,-2.0,6.0,-2.0,-4.0,-4.0,-2.0,-3.0,-3.0,-2.0,0.0,-2.0,-2.0,-3.0,-3.0,-1.0,-2.0,-1.0,-4.0,1.0,1.0,0.9912280701754386,1.0,1.0,0.6018246985988921,0.0,0.54,49.0,62.9,-0.4,0.74,75.0,3.4,-0.19,1,0,0,0,0,0,-1.0,5.0,0.0,-2.0,-3.0,1.0,0.0,-2.0,0.0,-3.0,-2.0,2.0,-1.0,-3.0,-2.0,-1.0,-1.0,-3.0,-2.0,-3.0,-1.0,0.0,-1.0,-4.0,0.0,0.0,0.0,0.0,0.0,0.0,52.0,0.53,65.0,162.2,-4.5,0.65,174.0,14.28,-2.57,loss-of-function
670,0.0,-2.0,0.0,-1.0,-3.0,-2.0,-2.0,6.0,-2.0,-4.0,-4.0,-2.0,-3.0,-3.0,-2.0,0.0,-2.0,-2.0,-3.0,-3.0,-1.0,-2.0,-1.0,-4.0,1.0,0.7222222222222222,0.9590163934426229,0.9207920792079208,0.9627329192546584,0.9666666666666667,0.0,0.54,49.0,62.9,-0.4,0.74,75.0,3.4,-0.19,0,0,0,0,1,0,-1.0,0.0,0.0,2.0,-4.0,2.0,5.0,-2.0,0.0,-3.0,-3.0,1.0,-2.0,-3.0,-1.0,0.0,-1.0,-3.0,-2.0,-2.0,1.0,4.0,-1.0,-4.0,0.0,0.0,0.0,0.0,0.006211180124223602,0.00033003300330033004,49.9,0.5,102.0,113.9,-3.5,0.92,147.0,13.57,-2.9,loss-of-function
837,-1.0,0.0,0.0,2.0,-4.0,2.0,5.0,-2.0,0.0,-3.0,-3.0,1.0,-2.0,-3.0,-1.0,0.0,-1.0,-3.0,-2.0,-2.0,1.0,4.0,-1.0,-4.0,1.0,0.9930555555555556,0.016666666666666666,0.02564102564102564,0.006172839506172839,0.9384772263766146,49.9,0.5,102.0,113.9,-3.5,0.92,147.0,13.57,-2.9,0,0,1,0,0,0,-2.0,-2.0,1.0,6.0,-3.0,0.0,2.0,-1.0,-1.0,-3.0,-4.0,-1.0,-3.0,-3.0,-1.0,0.0,-1.0,-4.0,-3.0,-3.0,4.0,1.0,-1.0,-4.0,0.0,0.0,0.016666666666666666,0.9230769230769231,0.0,0.0010197144799456153,49.7,0.51,106.0,97.8,-3.5,1.38,133.0,11.68,-3.27,gain-of-function
180,-2.0,-3.0,-3.0,-3.0,-2.0,-3.0,-3.0,-3.0,-1.0,0.0,0.0,-3.0,0.0,6.0,-4.0,-2.0,-2.0,1.0,3.0,-1.0,-3.0,-3.0,-1.0,-4.0,0.7236842105263158,0.9716312056737588,0.034782608695652174,0.8888888888888888,0.46153846153846156,0.4842148421484215,0.35,0.31,41.0,194.1,2.8,0.0,165.0,19.8,1.98,1,0,0,0,0,0,0.0,-3.0,-3.0,-3.0,9.0,-3.0,-4.0,-3.0,-3.0,-1.0,-1.0,-3.0,-1.0,-2.0,-3.0,-1.0,-1.0,-2.0,-2.0,-1.0,-3.0,-3.0,-2.0,-4.0,0.0,0.0,0.017391304347826087,0.0,0.0,0.002870028700287003,1.48,0.35,20.0,132.3,2.5,2.75,121.0,13.46,-0.3,loss-of-function
190,-2.0,-2.0,1.0,6.0,-3.0,0.0,2.0,-1.0,-1.0,-3.0,-4.0,-1.0,-3.0,-3.0,-1.0,0.0,-1.0,-4.0,-3.0,-3.0,4.0,1.0,-1.0,-4.0,1.0,1.0,0.9827586206896551,0.0,0.9807692307692307,0.8151950718685832,49.7,0.51,106.0,97.8,-3.5,1.38,133.0,11.68,-3.27,1,0,0,0,0,0,-1.0,0.0,0.0,2.0,-4.0,2.0,5.0,-2.0,0.0,-3.0,-3.0,1.0,-2.0,-3.0,-1.0,0.0,-1.0,-3.0,-2.0,-2.0,1.0,4.0,-1.0,-4.0,0.0,0.0,0.0,0.02,0.0,0.09938398357289528,49.9,0.5,102.0,113.9,-3.5,0.92,147.0,13.57,-2.9,loss-of-function
81,-1.0,-3.0,-3.0,-3.0,-1.0,-3.0,-3.0,-4.0,-3.0,4.0,2.0,-3.0,1.0,0.0,-3.0,-2.0,-1.0,-3.0,-1.0,3.0,-3.0,-3.0,-1.0,-4.0,1.0,0.7928571428571428,1.0,0.9494949494949495,0.9681528662420382,0.9469135802469136,0.13,0.46,96.0,158.0,4.5,0.0,131.0,21.4,1.97,1,0,0,0,0,0,0.0,-1.0,0.0,-1.0,-1.0,-1.0,-1.0,-2.0,-2.0,-1.0,-1.0,-1.0,-1.0,-2.0,-1.0,1.0,5.0,-2.0,-2.0,0.0,-1.0,-1.0,0.0,-4.0,0.0,0.0,0.0,0.0,0.0,0.0024691358024691358,1.66,0.44,97.0,106.5,-0.7,0.71,119.0,15.77,-0.32,loss-of-function
504,0.0,-3.0,-3.0,-3.0,-1.0,-2.0,-2.0,-3.0,-3.0,3.0,1.0,-2.0,1.0,-1.0,-2.0,-2.0,0.0,-3.0,-1.0,4.0,-3.0,-2.0,-1.0,-4.0,0.7647058823529411,0.007874015748031496,0.0,0.0,0.0,0.0,0.13,0.39,74.0,141.0,4.2,0.0,117.0,21.57,1.46,1,0,0,0,0,0,-1.0,-1.0,-2.0,-3.0,-1.0,0.0,-2.0,-3.0,-2.0,1.0,2.0,-1.0,5.0,0.0,-2.0,-1.0,-1.0,-1.0,-1.0,1.0,-3.0,-1.0,-1.0,-4.0,0.16993464052287582,0.0,0.0,0.0,0.0,0.0,1.43,0.3,94.0,172.9,1.9,0.0,149.0,16.25,1.4,loss-of-function
137,1.0,-1.0,1.0,0.0,-1.0,0.0,0.0,0.0,-1.0,-2.0,-2.0,0.0,-1.0,-2.0,-1.0,4.0,1.0,-3.0,-2.0,-2.0,0.0,0.0,0.0,-4.0,0.9735099337748344,0.9202898550724637,0.0,0.21359223300970873,0.0,0.23372143165157394,1.67,0.51,120.0,85.6,-0.8,1.42,105.0,9.47,-0.53,1,0,0,0,0,0,-1.0,-2.0,-2.0,-1.0,-3.0,-1.0,-1.0,-2.0,-2.0,-3.0,-3.0,-1.0,-2.0,-4.0,7.0,-1.0,-1.0,-4.0,-3.0,-2.0,-2.0,-1.0,-2.0,-4.0,0.0,0.014492753623188406,0.0,0.009708737864077669,0.0,0.14273393704182838,1.58,0.51,56.0,92.9,-1.6,0.39,115.0,17.43,-1.44,loss-of-function
806,-2.0,-3.0,-3.0,-3.0,-2.0,-3.0,-3.0,-3.0,-1.0,0.0,0.0,-3.0,0.0,6.0,-4.0,-2.0,-2.0,1.0,3.0,-1.0,-3.0,-3.0,-1.0,-4.0,1.0,1.0,0.0,0.0,0.0,0.6125794580127133,0.35,0.31,41.0,194.1,2.8,0.0,165.0,19.8,1.98,0,0,1,0,0,0,1.0,-1.0,1.0,0.0,-1.0,0.0,0.0,0.0,-1.0,-2.0,-2.0,0.0,-1.0,-2.0,-1.0,4.0,1.0,-3.0,-2.0,-2.0,0.0,0.0,0.0,-4.0,0.0,0.0,0.007936507936507936,0.038834951456310676,0.0,0.017731682837069253,1.67,0.51,120.0,85.6,-0.8,1.42,105.0,9.47,-0.53,gain-of-function
122,1.0,-1.0,1.0,0.0,-1.0,0.0,0.0,0.0,-1.0,-2.0,-2.0,0.0,-1.0,-2.0,-1.0,4.0,1.0,-3.0,-2.0,-2.0,0.0,0.0,0.0,-4.0,0.993421052631579,0.0,0.0,0.0,0.0,0.03877484522645813,1.67,0.51,120.0,85.6,-0.8,1.42,105.0,9.47,-0.53,1,0,0,0,0,0,0.0,-3.0,-3.0,-3.0,9.0,-3.0,-4.0,-3.0,-3.0,-1.0,-1.0,-3.0,-1.0,-2.0,-3.0,-1.0,-1.0,-2.0,-2.0,-1.0,-3.0,-3.0,-2.0,-4.0,0.0,0.0,0.0,0.0,0.0,0.00032583903551645487,1.48,0.35,20.0,132.3,2.5,2.75,121.0,13.46,-0.3,gain-of-function
190,-2.0,-2.0,1.0,6.0,-3.0,0.0,2.0,-1.0,-1.0,-3.0,-4.0,-1.0,-3.0,-3.0,-1.0,0.0,-1.0,-4.0,-3.0,-3.0,4.0,1.0,-1.0,-4.0,1.0,1.0,0.9827586206896551,0.0,0.9807692307692307,0.8151950718685832,49.7,0.51,106.0,97.8,-3.5,1.38,133.0,11.68,-3.27,1,0,0,0,0,0,0.0,-2.0,0.0,-1.0,-3.0,-2.0,-2.0,6.0,-2.0,-4.0,-4.0,-2.0,-3.0,-3.0,-2.0,0.0,-2.0,-2.0,-3.0,-3.0,-1.0,-2.0,-1.0,-4.0,0.0,0.0,0.008620689655172414,0.02,0.0,0.013963039014373716,0.0,0.54,49.0,62.9,-0.4,0.74,75.0,3.4,-0.19,loss-of-function
298,4.0,-1.0,-2.0,-2.0,0.0,-1.0,-1.0,0.0,-2.0,-1.0,-1.0,-1.0,-1.0,-2.0,-1.0,1.0,0.0,-3.0,-2.0,0.0,-2.0,-1.0,0.0,-4.0,1.0,0.0,0.1206896551724138,0.21212121212121213,0.6838709677419355,0.29423264907135877,0.0,0.36,100.0,86.6,1.8,0.0,89.0,11.5,0.38,1,0,0,0,0,0,0.0,-1.0,0.0,-1.0,-1.0,-1.0,-1.0,-2.0,-2.0,-1.0,-1.0,-1.0,-1.0,-2.0,-1.0,1.0,5.0,-2.0,-2.0,0.0,-1.0,-1.0,0.0,-4.0,0.0,0.014814814814814815,0.0,0.030303030303030304,0.03870967741935484,0.014336917562724014,1.66,0.44,97.0,106.5,-0.7,0.71,119.0,15.77,-0.32,loss-of-function
297,-1.0,0.0,0.0,2.0,-4.0,2.0,5.0,-2.0,0.0,-3.0,-3.0,1.0,-2.0,-3.0,-1.0,0.0,-1.0,-3.0,-2.0,-2.0,1.0,4.0,-1.0,-4.0,1.0,0.0,0.9568965517241379,0.7575757575757576,0.6193548387096774,0.5965417867435159,49.9,0.5,102.0,113.9,-3.5,0.92,147.0,13.57,-2.9,1,0,0,0,0,0,-2.0,-2.0,1.0,6.0,-3.0,0.0,2.0,-1.0,-1.0,-3.0,-4.0,-1.0,-3.0,-3.0,-1.0,0.0,-1.0,-4.0,-3.0,-3.0,4.0,1.0,-1.0,-4.0,0.0,0.9924812030075187,0.017241379310344827,0.2222222222222222,0.07741935483870968,0.025113215314944422,49.7,0.51,106.0,97.8,-3.5,1.38,133.0,11.68,-3.27,gain-of-function
212,-1.0,-3.0,-3.0,-3.0,-1.0,-3.0,-3.0,-4.0,-3.0,4.0,2.0,-3.0,1.0,0.0,-3.0,-2.0,-1.0,-3.0,-1.0,3.0,-3.0,-3.0,-1.0,-4.0,0.8289473684210527,0.8297872340425532,0.08620689655172414,0.01,0.25161290322580643,0.3295729250604351,0.13,0.46,96.0,158.0,4.5,0.0,131.0,21.4,1.97,1,0,0,0,0,0,1.0,-1.0,1.0,0.0,-1.0,0.0,0.0,0.0,-1.0,-2.0,-2.0,0.0,-1.0,-2.0,-1.0,4.0,1.0,-3.0,-2.0,-2.0,0.0,0.0,0.0,-4.0,0.0,0.0,0.0,0.0,0.0,0.0,1.67,0.51,120.0,85.6,-0.8,1.42,105.0,9.47,-0.53,loss-of-function
162,-1.0,-3.0,-3.0,-3.0,-1.0,-3.0,-3.0,-4.0,-3.0,4.0,2.0,-3.0,1.0,0.0,-3.0,-2.0,-1.0,-3.0,-1.0,3.0,-3.0,-3.0,-1.0,-4.0,0.993421052631579,0.6642857142857143,0.12173913043478261,0.28,0.3076923076923077,0.41746794871794873,0.13,0.46,96.0,158.0,4.5,0.0,131.0,21.4,1.97,1,0,0,0,0,0,-2.0,-3.0,-3.0,-3.0,-2.0,-3.0,-3.0,-3.0,-1.0,0.0,0.0,-3.0,0.0,6.0,-4.0,-2.0,-2.0,1.0,3.0,-1.0,-3.0,-3.0,-1.0,-4.0,0.0,0.0,0.0,0.01,0.0,0.15745192307692307,0.35,0.31,41.0,194.1,2.8,0.0,165.0,19.8,1.98,loss-of-function
734,-1.0,-1.0,-2.0,-3.0,-1.0,0.0,-2.0,-3.0,-2.0,1.0,2.0,-1.0,5.0,0.0,-2.0,-1.0,-1.0,-1.0,-1.0,1.0,-3.0,-1.0,-1.0,-4.0,0.45222929936305734,0.006993006993006993,0.0,0.0,0.012578616352201259,0.009333333333333334,1.43,0.3,94.0,172.9,1.9,0.0,149.0,16.25,1.4,0,0,1,0,0,0,0.0,-1.0,0.0,-1.0,-1.0,-1.0,-1.0,-2.0,-2.0,-1.0,-1.0,-1.0,-1.0,-2.0,-1.0,1.0,5.0,-2.0,-2.0,0.0,-1.0,-1.0,0.0,-4.0,0.0,0.006993006993006993,0.18803418803418803,0.0,0.1949685534591195,0.012666666666666666,1.66,0.44,97.0,106.5,-0.7,0.71,119.0,15.77,-0.32,gain-of-function
220,-1.0,5.0,0.0,-2.0,-3.0,1.0,0.0,-2.0,0.0,-3.0,-2.0,2.0,-1.0,-3.0,-2.0,-1.0,-1.0,-3.0,-2.0,-3.0,-1.0,0.0,-1.0,-4.0,1.0,0.9624060150375939,0.22413793103448276,0.71,0.6751592356687898,0.08720226079935406,52.0,0.53,65.0,162.2,-4.5,0.65,174.0,14.28,-2.57,1,0,0,0,0,0,-3.0,-3.0,-4.0,-4.0,-2.0,-2.0,-3.0,-2.0,-2.0,-3.0,-2.0,-3.0,-1.0,1.0,-4.0,-3.0,-2.0,11.0,2.0,-3.0,-4.0,-3.0,-2.0,-4.0,0.0,0.0,0.008620689655172414,0.0,0.01910828025477707,0.0,2.1,0.31,18.0,224.6,-0.9,0.13,204.0,21.67,1.53,loss-of-function
302,1.0,-1.0,1.0,0.0,-1.0,0.0,0.0,0.0,-1.0,-2.0,-2.0,0.0,-1.0,-2.0,-1.0,4.0,1.0,-3.0,-2.0,-2.0,0.0,0.0,0.0,-4.0,0.9802631578947368,0.05925925925925926,0.21551724137931033,0.09,0.47435897435897434,0.31181434599156116,1.67,0.51,120.0,85.6,-0.8,1.42,105.0,9.47,-0.53,1,0,0,0,0,0,-2.0,-3.0,-3.0,-3.0,-2.0,-3.0,-3.0,-3.0,-1.0,0.0,0.0,-3.0,0.0,6.0,-4.0,-2.0,-2.0,1.0,3.0,-1.0,-3.0,-3.0,-1.0,-4.0,0.0,0.0,0.0,0.0,0.0,0.0189873417721519,0.35,0.31,41.0,194.1,2.8,0.0,165.0,19.8,1.98,loss-of-function
457,4.0,-1.0,-2.0,-2.0,0.0,-1.0,-1.0,0.0,-2.0,-1.0,-1.0,-1.0,-1.0,-2.0,-1.0,1.0,0.0,-3.0,-2.0,0.0,-2.0,-1.0,0.0,-4.0,1.0,0.0,0.00819672131147541,0.0,0.00641025641025641,0.023178807947019868,0.0,0.36,100.0,86.6,1.8,0.0,89.0,11.5,0.38,1,0,0,0,0,0,0.0,-3.0,-3.0,-3.0,-1.0,-2.0,-2.0,-3.0,-3.0,3.0,1.0,-2.0,1.0,-1.0,-2.0,-2.0,0.0,-3.0,-1.0,4.0,-3.0,-2.0,-1.0,-4.0,0.0,0.0,0.0,0.0,0.0,0.004552980132450331,0.13,0.39,74.0,141.0,4.2,0.0,117.0,21.57,1.46,loss-of-function
493,-2.0,0.0,6.0,1.0,-3.0,0.0,0.0,0.0,1.0,-3.0,-3.0,0.0,-2.0,-3.0,-2.0,1.0,0.0,-4.0,-2.0,-3.0,3.0,0.0,-1.0,-4.0,1.0,0.0,0.11016949152542373,0.0,0.04375,0.8991310918020401,3.38,0.46,134.0,103.3,-3.5,1.33,132.0,12.82,-1.62,1,0,0,0,0,0,-1.0,2.0,0.0,-1.0,-3.0,1.0,1.0,-2.0,-1.0,-3.0,-2.0,5.0,-1.0,-3.0,-1.0,0.0,-1.0,-3.0,-2.0,-2.0,0.0,1.0,-1.0,-4.0,0.0,0.0,0.07627118644067797,0.02631578947368421,0.0,0.008689081979599547,49.5,0.47,56.0,115.5,-3.9,0.33,146.0,15.71,-3.46,loss-of-function
174,-1.0,-2.0,-3.0,-4.0,-1.0,-2.0,-3.0,-4.0,-3.0,2.0,4.0,-2.0,2.0,0.0,-3.0,-2.0,-1.0,-2.0,-1.0,1.0,-4.0,-3.0,-1.0,-4.0,1.0,1.0,0.9741379310344828,0.8080808080808081,0.6794871794871795,0.8616144975288303,0.13,0.37,40.0,164.1,3.8,0.0,131.0,21.4,1.82,1,0,0,0,0,0,-1.0,5.0,0.0,-2.0,-3.0,1.0,0.0,-2.0,0.0,-3.0,-2.0,2.0,-1.0,-3.0,-2.0,-1.0,-1.0,-3.0,-2.0,-3.0,-1.0,0.0,-1.0,-4.0,0.0,0.0,0.008620689655172414,0.0,0.0,0.0012355848434925864,52.0,0.53,65.0,162.2,-4.5,0.65,174.0,14.28,-2.57,loss-of-function
697,0.0,-3.0,-3.0,-3.0,-1.0,-2.0,-2.0,-3.0,-3.0,3.0,1.0,-2.0,1.0,-1.0,-2.0,-2.0,0.0,-3.0,-1.0,4.0,-3.0,-2.0,-1.0,-4.0,0.9872611464968153,0.2152777777777778,0.4715447154471545,0.9504950495049505,0.0736196319018405,0.13193752077102028,0.13,0.39,74.0,141.0,4.2,0.0,117.0,21.57,1.46,0,0,1,0,0,0,-1.0,-1.0,-2.0,-3.0,-1.0,0.0,-2.0,-3.0,-2.0,1.0,2.0,-1.0,5.0,0.0,-2.0,-1.0,-1.0,-1.0,-1.0,1.0,-3.0,-1.0,-1.0,-4.0,0.0,0.2847222222222222,0.056910569105691054,0.009900990099009901,0.0,0.0006646726487205051,1.43,0.3,94.0,172.9,1.9,0.0,149.0,16.25,1.4,loss-of-function
173,-1.0,-2.0,-3.0,-4.0,-1.0,-2.0,-3.0,-4.0,-3.0,2.0,4.0,-2.0,2.0,0.0,-3.0,-2.0,-1.0,-2.0,-1.0,1.0,-4.0,-3.0,-1.0,-4.0,1.0,0.0,0.09482758620689655,0.0,0.08974358974358974,0.04887585532746823,0.13,0.37,40.0,164.1,3.8,0.0,131.0,21.4,1.82,1,0,0,0,0,0,-2.0,-3.0,-3.0,-3.0,-2.0,-3.0,-3.0,-3.0,-1.0,0.0,0.0,-3.0,0.0,6.0,-4.0,-2.0,-2.0,1.0,3.0,-1.0,-3.0,-3.0,-1.0,-4.0,0.0,0.0,0.0,0.0,0.0,0.0032583903551645487,0.35,0.31,41.0,194.1,2.8,0.0,165.0,19.8,1.98,gain-of-function
145,0.0,-1.0,0.0,-1.0,-1.0,-1.0,-1.0,-2.0,-2.0,-1.0,-1.0,-1.0,-1.0,-2.0,-1.0,1.0,5.0,-2.0,-2.0,0.0,-1.0,-1.0,0.0,-4.0,0.8013245033112583,0.09285714285714286,0.0,0.0,0.0,0.24104234527687296,1.66,0.44,97.0,106.5,-0.7,0.71,119.0,15.77,-0.32,1,0,0,0,0,0,-1.0,-3.0,-3.0,-3.0,-1.0,-3.0,-3.0,-4.0,-3.0,4.0,2.0,-3.0,1.0,0.0,-3.0,-2.0,-1.0,-3.0,-1.0,3.0,-3.0,-3.0,-1.0,-4.0,0.0,0.0,0.0,0.0,0.0,0.020765472312703582,0.13,0.46,96.0,158.0,4.5,0.0,131.0,21.4,1.97,loss-of-function
158,0.0,-2.0,0.0,-1.0,-3.0,-2.0,-2.0,6.0,-2.0,-4.0,-4.0,-2.0,-3.0,-3.0,-2.0,0.0,-2.0,-2.0,-3.0,-3.0,-1.0,-2.0,-1.0,-4.0,0.9869281045751634,0.0,0.49122807017543857,0.0,0.43870967741935485,0.6233922829581994,0.0,0.54,49.0,62.9,-0.4,0.74,75.0,3.4,-0.19,1,0,0,0,0,0,-1.0,5.0,0.0,-2.0,-3.0,1.0,0.0,-2.0,0.0,-3.0,-2.0,2.0,-1.0,-3.0,-2.0,-1.0,-1.0,-3.0,-2.0,-3.0,-1.0,0.0,-1.0,-4.0,0.0,0.0,0.0,0.0,0.0,0.02009646302250804,52.0,0.53,65.0,162.2,-4.5,0.65,174.0,14.28,-2.57,loss-of-function
851,0.0,-3.0,-3.0,-3.0,9.0,-3.0,-4.0,-3.0,-3.0,-1.0,-1.0,-3.0,-1.0,-2.0,-3.0,-1.0,-1.0,-2.0,-2.0,-1.0,-3.0,-3.0,-2.0,-4.0,1.0,1.0,0.0,0.0,0.0,0.7930327868852459,1.48,0.35,20.0,132.3,2.5,2.75,121.0,13.46,-0.3,0,0,1,0,0,0,-2.0,-3.0,-3.0,-3.0,-2.0,-3.0,-3.0,-3.0,-1.0,0.0,0.0,-3.0,0.0,6.0,-4.0,-2.0,-2.0,1.0,3.0,-1.0,-3.0,-3.0,-1.0,-4.0,0.0,0.0,0.0,0.0,0.0,0.04337431693989071,0.35,0.31,41.0,194.1,2.8,0.0,165.0,19.8,1.98,loss-of-function
778,0.0,-2.0,0.0,-1.0,-3.0,-2.0,-2.0,6.0,-2.0,-4.0,-4.0,-2.0,-3.0,-3.0,-2.0,0.0,-2.0,-2.0,-3.0,-3.0,-1.0,-2.0,-1.0,-4.0,0.9936305732484076,0.0,0.4473684210526316,0.0,0.3395061728395062,0.8957756232686981,0.0,0.54,49.0,62.9,-0.4,0.74,75.0,3.4,-0.19,0,0,1,0,0,0,-1.0,5.0,0.0,-2.0,-3.0,1.0,0.0,-2.0,0.0,-3.0,-2.0,2.0,-1.0,-3.0,-2.0,-1.0,-1.0,-3.0,-2.0,-3.0,-1.0,0.0,-1.0,-4.0,0.0,0.0,0.0,0.0,0.0,0.001038781163434903,52.0,0.53,65.0,162.2,-4.5,0.65,174.0,14.28,-2.57,loss-of-function
465,-1.0,5.0,0.0,-2.0,-3.0,1.0,0.0,-2.0,0.0,-3.0,-2.0,2.0,-1.0,-3.0,-2.0,-1.0,-1.0,-3.0,-2.0,-3.0,-1.0,0.0,-1.0,-4.0,0.987012987012987,0.1,0.24369747899159663,0.29,0.18867924528301888,0.1918693009118541,52.0,0.53,65.0,162.2,-4.5,0.65,174.0,14.28,-2.57,1,0,0,0,0,0,-3.0,-3.0,-4.0,-4.0,-2.0,-2.0,-3.0,-2.0,-2.0,-3.0,-2.0,-3.0,-1.0,1.0,-4.0,-3.0,-2.0,11.0,2.0,-3.0,-4.0,-3.0,-2.0,-4.0,0.0,0.02857142857142857,0.0,0.44,0.0,0.0,2.1,0.31,18.0,224.6,-0.9,0.13,204.0,21.67,1.53,loss-of-function
42,-2.0,-3.0,-3.0,-3.0,-2.0,-3.0,-3.0,-3.0,-1.0,0.0,0.0,-3.0,0.0,6.0,-4.0,-2.0,-2.0,1.0,3.0,-1.0,-3.0,-3.0,-1.0,-4.0,1.0,0.0,0.0,0.0,0.0,0.36070381231671556,0.35,0.31,41.0,194.1,2.8,0.0,165.0,19.8,1.98,1,0,0,0,0,0,1.0,-1.0,1.0,0.0,-1.0,0.0,0.0,0.0,-1.0,-2.0,-2.0,0.0,-1.0,-2.0,-1.0,4.0,1.0,-3.0,-2.0,-2.0,0.0,0.0,0.0,-4.0,0.0,0.0,0.0,0.0,0.0,0.0032583903551645487,1.67,0.51,120.0,85.6,-0.8,1.42,105.0,9.47,-0.53,loss-of-function
67,0.0,-2.0,0.0,-1.0,-3.0,-2.0,-2.0,6.0,-2.0,-4.0,-4.0,-2.0,-3.0,-3.0,-2.0,0.0,-2.0,-2.0,-3.0,-3.0,-1.0,-2.0,-1.0,-4.0,1.0,0.17391304347826086,0.9074074074074074,0.6893203883495146,0.9743589743589743,0.1104594330400782,0.0,0.54,49.0,62.9,-0.4,0.74,75.0,3.4,-0.19,1,0,0,0,0,0,0.0,-3.0,-3.0,-3.0,-1.0,-2.0,-2.0,-3.0,-3.0,3.0,1.0,-2.0,1.0,-1.0,-2.0,-2.0,0.0,-3.0,-1.0,4.0,-3.0,-2.0,-1.0,-4.0,0.0,0.3115942028985507,0.0,0.0,0.01282051282051282,0.008797653958944282,0.13,0.39,74.0,141.0,4.2,0.0,117.0,21.57,1.46,loss-of-function
798,-1.0,-2.0,-2.0,-1.0,-3.0,-1.0,-1.0,-2.0,-2.0,-3.0,-3.0,-1.0,-2.0,-4.0,7.0,-1.0,-1.0,-4.0,-3.0,-2.0,-2.0,-1.0,-2.0,-4.0,1.0,1.0,1.0,1.0,0.4444444444444444,0.9833166499833167,1.58,0.51,56.0,92.9,-1.6,0.39,115.0,17.43,-1.44,0,0,0,1,0,0,-1.0,-2.0,-3.0,-4.0,-1.0,-2.0,-3.0,-4.0,-3.0,2.0,4.0,-2.0,2.0,0.0,-3.0,-2.0,-1.0,-2.0,-1.0,1.0,-4.0,-3.0,-1.0,-4.0,0.0,0.0,0.0,0.0,0.1728395061728395,0.001001001001001001,0.13,0.37,40.0,164.1,3.8,0.0,131.0,21.4,1.82,loss-of-function
562,0.0,-3.0,-3.0,-3.0,9.0,-3.0,-4.0,-3.0,-3.0,-1.0,-1.0,-3.0,-1.0,-2.0,-3.0,-1.0,-1.0,-2.0,-2.0,-1.0,-3.0,-3.0,-2.0,-4.0,1.0,1.0,0.9831932773109243,1.0,1.0,0.9929328621908127,1.48,0.35,20.0,132.3,2.5,2.75,121.0,13.46,-0.3,0,1,0,0,0,0,-2.0,-2.0,-2.0,-3.0,-2.0,-1.0,-2.0,-3.0,2.0,-1.0,-1.0,-2.0,-1.0,3.0,-3.0,-2.0,-2.0,2.0,7.0,-1.0,-3.0,-2.0,-1.0,-4.0,0.0,0.0,0.0,0.0,0.0,0.0017667844522968198,1.61,0.42,41.0,177.7,-1.3,0.2,181.0,18.03,0.49,loss-of-function
208,-3.0,-3.0,-4.0,-4.0,-2.0,-2.0,-3.0,-2.0,-2.0,-3.0,-2.0,-3.0,-1.0,1.0,-4.0,-3.0,-2.0,11.0,2.0,-3.0,-4.0,-3.0,-2.0,-4.0,1.0,0.9716312056737588,1.0,1.0,0.9935897435897436,0.9939442874444893,2.1,0.31,18.0,224.6,-0.9,0.13,204.0,21.67,1.53,1,0,0,0,0,0,1.0,-1.0,1.0,0.0,-1.0,0.0,0.0,0.0,-1.0,-2.0,-2.0,0.0,-1.0,-2.0,-1.0,4.0,1.0,-3.0,-2.0,-2.0,0.0,0.0,0.0,-4.0,0.0,0.0,0.0,0.0,0.0,0.0004037141703673799,1.67,0.51,120.0,85.6,-0.8,1.42,105.0,9.47,-0.53,loss-of-function
126,-2.0,-2.0,1.0,6.0,-3.0,0.0,2.0,-1.0,-1.0,-3.0,-4.0,-1.0,-3.0,-3.0,-1.0,0.0,-1.0,-4.0,-3.0,-3.0,4.0,1.0,-1.0,-4.0,0.9802631578947368,0.0,0.0,0.0,0.0,0.00032583903551645487,49.7,0.51,106.0,97.8,-3.5,1.38,133.0,11.68,-3.27,1,0,0,0,0,0,0.0,-3.0,-3.0,-3.0,-1.0,-2.0,-2.0,-3.0,-3.0,3.0,1.0,-2.0,1.0,-1.0,-2.0,-2.0,0.0,-3.0,-1.0,4.0,-3.0,-2.0,-1.0,-4.0,0.0,0.0,0.0,0.0,0.0,0.0,0.13,0.39,74.0,141.0,4.2,0.0,117.0,21.57,1.46,gain-of-function
80,-1.0,0.0,0.0,2.0,-4.0,2.0,5.0,-2.0,0.0,-3.0,-3.0,1.0,-2.0,-3.0,-1.0,0.0,-1.0,-3.0,-2.0,-2.0,1.0,4.0,-1.0,-4.0,1.0,0.014285714285714285,0.8918918918918919,0.87,0.7834394904458599,0.9386326194398682,49.9,0.5,102.0,113.9,-3.5,0.92,147.0,13.57,-2.9,1,0,0,0,0,0,-2.0,-2.0,1.0,6.0,-3.0,0.0,2.0,-1.0,-1.0,-3.0,-4.0,-1.0,-3.0,-3.0,-1.0,0.0,-1.0,-4.0,-3.0,-3.0,4.0,1.0,-1.0,-4.0,0.0,0.0,0.0,0.0,0.006369426751592357,0.005354200988467875,49.7,0.51,106.0,97.8,-3.5,1.38,133.0,11.68,-3.27,loss-of-function
459,-1.0,1.0,0.0,0.0,-3.0,5.0,2.0,-2.0,0.0,-3.0,-2.0,1.0,0.0,-3.0,-1.0,0.0,-1.0,-2.0,-1.0,-2.0,0.0,3.0,-1.0,-4.0,0.9934640522875817,0.05925925925925926,0.7796610169491526,0.56,0.75,0.7198723064644852,3.53,0.49,93.0,119.2,-3.5,0.89,146.0,14.45,-1.84,1,0,0,0,0,0,-1.0,5.0,0.0,-2.0,-3.0,1.0,0.0,-2.0,0.0,-3.0,-2.0,2.0,-1.0,-3.0,-2.0,-1.0,-1.0,-3.0,-2.0,-3.0,-1.0,0.0,-1.0,-4.0,0.0,0.0,0.00847457627118644,0.14,0.0,0.006783719074221868,52.0,0.53,65.0,162.2,-4.5,0.65,174.0,14.28,-2.57,loss-of-function
591,1.0,-1.0,1.0,0.0,-1.0,0.0,0.0,0.0,-1.0,-2.0,-2.0,0.0,-1.0,-2.0,-1.0,4.0,1.0,-3.0,-2.0,-2.0,0.0,0.0,0.0,-4.0,1.0,0.24305555555555555,0.23577235772357724,1.0,0.9202453987730062,0.4369550637156271,1.67,0.51,120.0,85.6,-0.8,1.42,105.0,9.47,-0.53,0,1,0,0,0,0,0.0,-3.0,-3.0,-3.0,9.0,-3.0,-4.0,-3.0,-3.0,-1.0,-1.0,-3.0,-1.0,-2.0,-3.0,-1.0,-1.0,-2.0,-2.0,-1.0,-3.0,-3.0,-2.0,-4.0,0.0,0.0,0.0,0.0,0.0,0.0,1.48,0.35,20.0,132.3,2.5,2.75,121.0,13.46,-0.3,loss-of-function
788,-2.0,-3.0,-3.0,-3.0,-2.0,-3.0,-3.0,-3.0,-1.0,0.0,0.0,-3.0,0.0,6.0,-4.0,-2.0,-2.0,1.0,3.0,-1.0,-3.0,-3.0,-1.0,-4.0,1.0,1.0,0.9823008849557522,1.0,0.9506172839506173,0.8475141808475142,0.35,0.31,41.0,194.1,2.8,0.0,165.0,19.8,1.98,0,0,1,0,0,0,0.0,-3.0,-3.0,-3.0,9.0,-3.0,-4.0,-3.0,-3.0,-1.0,-1.0,-3.0,-1.0,-2.0,-3.0,-1.0,-1.0,-2.0,-2.0,-1.0,-3.0,-3.0,-2.0,-4.0,0.0,0.0,0.0,0.0,0.006172839506172839,0.00333667000333667,1.48,0.35,20.0,132.3,2.5,2.75,121.0,13.46,-0.3,gain-of-function
509,0.0,-2.0,0.0,-1.0,-3.0,-2.0,-2.0,6.0,-2.0,-4.0,-4.0,-2.0,-3.0,-3.0,-2.0,0.0,-2.0,-2.0,-3.0,-3.0,-1.0,-2.0,-1.0,-4.0,1.0,0.0,0.9914529914529915,0.25,1.0,0.9761001517450683,0.0,0.54,49.0,62.9,-0.4,0.74,75.0,3.4,-0.19,1,0,0,0,0,0,-1.0,0.0,0.0,2.0,-4.0,2.0,5.0,-2.0,0.0,-3.0,-3.0,1.0,-2.0,-3.0,-1.0,0.0,-1.0,-3.0,-2.0,-2.0,1.0,4.0,-1.0,-4.0,0.0,0.0,0.0,0.0,0.0,0.0018968133535660092,49.9,0.5,102.0,113.9,-3.5,0.92,147.0,13.57,-2.9,loss-of-function
546,0.0,-3.0,-3.0,-3.0,9.0,-3.0,-4.0,-3.0,-3.0,-1.0,-1.0,-3.0,-1.0,-2.0,-3.0,-1.0,-1.0,-2.0,-2.0,-1.0,-3.0,-3.0,-2.0,-4.0,1.0,0.9927007299270073,0.9833333333333333,1.0,0.9938271604938271,0.989388043862752,1.48,0.35,20.0,132.3,2.5,2.75,121.0,13.46,-0.3,1,0,0,0,0,0,0.0,-2.0,0.0,-1.0,-3.0,-2.0,-2.0,6.0,-2.0,-4.0,-4.0,-2.0,-3.0,-3.0,-2.0,0.0,-2.0,-2.0,-3.0,-3.0,-1.0,-2.0,-1.0,-4.0,0.0,0.0,0.0,0.0,0.0,0.0007074637424831977,0.0,0.54,49.0,62.9,-0.4,0.74,75.0,3.4,-0.19,loss-of-function
212,-1.0,-3.0,-3.0,-3.0,-1.0,-3.0,-3.0,-4.0,-3.0,4.0,2.0,-3.0,1.0,0.0,-3.0,-2.0,-1.0,-3.0,-1.0,3.0,-3.0,-3.0,-1.0,-4.0,0.8289473684210527,0.8297872340425532,0.08620689655172414,0.01,0.25161290322580643,0.3295729250604351,0.13,0.46,96.0,158.0,4.5,0.0,131.0,21.4,1.97,1,0,0,0,0,0,0.0,-1.0,0.0,-1.0,-1.0,-1.0,-1.0,-2.0,-2.0,-1.0,-1.0,-1.0,-1.0,-2.0,-1.0,1.0,5.0,-2.0,-2.0,0.0,-1.0,-1.0,0.0,-4.0,0.0,0.0,0.0,0.0,0.0,0.0012087026591458502,1.66,0.44,97.0,106.5,-0.7,0.71,119.0,15.77,-0.32,loss-of-function
283,-1.0,-3.0,-3.0,-3.0,-1.0,-3.0,-3.0,-4.0,-3.0,4.0,2.0,-3.0,1.0,0.0,-3.0,-2.0,-1.0,-3.0,-1.0,3.0,-3.0,-3.0,-1.0,-4.0,0.8026315789473685,0.0,0.017241379310344827,0.0,0.01282051282051282,0.012381883349625285,0.13,0.46,96.0,158.0,4.5,0.0,131.0,21.4,1.97,1,0,0,0,0,0,0.0,-1.0,0.0,-1.0,-1.0,-1.0,-1.0,-2.0,-2.0,-1.0,-1.0,-1.0,-1.0,-2.0,-1.0,1.0,5.0,-2.0,-2.0,0.0,-1.0,-1.0,0.0,-4.0,0.0,0.0,0.0,0.0,0.00641025641025641,0.010426849136526556,1.66,0.44,97.0,106.5,-0.7,0.71,119.0,15.77,-0.32,loss-of-function
828,0.0,-1.0,0.0,-1.0,-1.0,-1.0,-1.0,-2.0,-2.0,-1.0,-1.0,-1.0,-1.0,-2.0,-1.0,1.0,5.0,-2.0,-2.0,0.0,-1.0,-1.0,0.0,-4.0,1.0,0.9722222222222222,0.0,0.0,0.012269938650306749,0.41872254139912135,1.66,0.44,97.0,106.5,-0.7,0.71,119.0,15.77,-0.32,0,0,1,0,0,0,-1.0,-3.0,-3.0,-3.0,-1.0,-3.0,-3.0,-4.0,-3.0,4.0,2.0,-3.0,1.0,0.0,-3.0,-2.0,-1.0,-3.0,-1.0,3.0,-3.0,-3.0,-1.0,-4.0,0.0,0.006944444444444444,0.0,0.0,0.0,0.005407232173031429,0.13,0.46,96.0,158.0,4.5,0.0,131.0,21.4,1.97,loss-of-function
133,-1.0,0.0,0.0,2.0,-4.0,2.0,5.0,-2.0,0.0,-3.0,-3.0,1.0,-2.0,-3.0,-1.0,0.0,-1.0,-3.0,-2.0,-2.0,1.0,4.0,-1.0,-4.0,0.6710526315789473,0.0,0.0,0.0,0.0,0.043422184006878764,49.9,0.5,102.0,113.9,-3.5,0.92,147.0,13.57,-2.9,1,0,0,0,0,0,0.0,-3.0,-3.0,-3.0,-1.0,-2.0,-2.0,-3.0,-3.0,3.0,1.0,-2.0,1.0,-1.0,-2.0,-2.0,0.0,-3.0,-1.0,4.0,-3.0,-2.0,-1.0,-4.0,0.0,0.0,0.0,0.02912621359223301,0.0,0.055030094582975066,0.13,0.39,74.0,141.0,4.2,0.0,117.0,21.57,1.46,gain-of-function
661,0.0,-3.0,-3.0,-3.0,9.0,-3.0,-4.0,-3.0,-3.0,-1.0,-1.0,-3.0,-1.0,-2.0,-3.0,-1.0,-1.0,-2.0,-2.0,-1.0,-3.0,-3.0,-2.0,-4.0,1.0,0.0,0.17073170731707318,0.1782178217821782,0.8765432098765432,0.8456973293768546,1.48,0.35,20.0,132.3,2.5,2.75,121.0,13.46,-0.3,0,0,1,0,0,0,-2.0,-2.0,-2.0,-3.0,-2.0,-1.0,-2.0,-3.0,2.0,-1.0,-1.0,-2.0,-1.0,3.0,-3.0,-2.0,-2.0,2.0,7.0,-1.0,-3.0,-2.0,-1.0,-4.0,0.0,0.0,0.0,0.5841584158415841,0.006172839506172839,0.0016485328058028356,1.61,0.42,41.0,177.7,-1.3,0.2,181.0,18.03,0.49,loss-of-function
773,-1.0,-2.0,-3.0,-4.0,-1.0,-2.0,-3.0,-4.0,-3.0,2.0,4.0,-2.0,2.0,0.0,-3.0,-2.0,-1.0,-2.0,-1.0,1.0,-4.0,-3.0,-1.0,-4.0,1.0,0.9930555555555556,0.3017241379310345,0.0,0.0625,0.9074816299265197,0.13,0.37,40.0,164.1,3.8,0.0,131.0,21.4,1.82,0,0,1,0,0,0,-1.0,5.0,0.0,-2.0,-3.0,1.0,0.0,-2.0,0.0,-3.0,-2.0,2.0,-1.0,-3.0,-2.0,-1.0,-1.0,-3.0,-2.0,-3.0,-1.0,0.0,-1.0,-4.0,0.0,0.0,0.0,0.0,0.0,0.0006680026720106881,52.0,0.53,65.0,162.2,-4.5,0.65,174.0,14.28,-2.57,gain-of-function
172,-1.0,5.0,0.0,-2.0,-3.0,1.0,0.0,-2.0,0.0,-3.0,-2.0,2.0,-1.0,-3.0,-2.0,-1.0,-1.0,-3.0,-2.0,-3.0,-1.0,0.0,-1.0,-4.0,1.0,0.0,0.0,0.0,0.0,0.00032583903551645487,52.0,0.53,65.0,162.2,-4.5,0.65,174.0,14.28,-2.57,1,0,0,0,0,0,0.0,-2.0,0.0,-1.0,-3.0,-2.0,-2.0,6.0,-2.0,-4.0,-4.0,-2.0,-3.0,-3.0,-2.0,0.0,-2.0,-2.0,-3.0,-3.0,-1.0,-2.0,-1.0,-4.0,0.0,0.0,0.0,0.0,0.0,0.00032583903551645487,0.0,0.54,49.0,62.9,-0.4,0.74,75.0,3.4,-0.19,loss-of-function
159,-1.0,-2.0,-3.0,-4.0,-1.0,-2.0,-3.0,-4.0,-3.0,2.0,4.0,-2.0,2.0,0.0,-3.0,-2.0,-1.0,-2.0,-1.0,1.0,-4.0,-3.0,-1.0,-4.0,0.9934640522875817,0.9714285714285714,0.03508771929824561,0.84,0.012903225806451613,0.4460374352847471,0.13,0.37,40.0,164.1,3.8,0.0,131.0,21.4,1.82,1,0,0,0,0,0,-1.0,-2.0,-2.0,-1.0,-3.0,-1.0,-1.0,-2.0,-2.0,-3.0,-3.0,-1.0,-2.0,-4.0,7.0,-1.0,-1.0,-4.0,-3.0,-2.0,-2.0,-1.0,-2.0,-4.0,0.0,0.0,0.4824561403508772,0.01,0.0,0.24850657108721624,1.58,0.51,56.0,92.9,-1.6,0.39,115.0,17.43,-1.44,loss-of-function
767,-1.0,0.0,0.0,2.0,-4.0,2.0,5.0,-2.0,0.0,-3.0,-3.0,1.0,-2.0,-3.0,-1.0,0.0,-1.0,-3.0,-2.0,-2.0,1.0,4.0,-1.0,-4.0,0.9936305732484076,1.0,0.5130434782608696,0.0,0.006172839506172839,0.3595317725752508,49.9,0.5,102.0,113.9,-3.5,0.92,147.0,13.57,-2.9,0,0,0,0,1,0,-1.0,1.0,0.0,0.0,-3.0,5.0,2.0,-2.0,0.0,-3.0,-2.0,1.0,0.0,-3.0,-1.0,0.0,-1.0,-2.0,-1.0,-2.0,0.0,3.0,-1.0,-4.0,0.0,0.0,0.08695652173913043,0.0,0.0,0.006020066889632107,3.53,0.49,93.0,119.2,-3.5,0.89,146.0,14.45,-1.84,gain-of-function
514,-2.0,-2.0,-2.0,-3.0,-2.0,-1.0,-2.0,-3.0,2.0,-1.0,-1.0,-2.0,-1.0,3.0,-3.0,-2.0,-2.0,2.0,7.0,-1.0,-3.0,-2.0,-1.0,-4.0,0.7320261437908496,0.0,0.0,0.038834951456310676,0.0,0.0006516780710329097,1.61,0.42,41.0,177.7,-1.3,0.2,181.0,18.03,0.49,1,0,0,0,0,0,0.0,-3.0,-3.0,-3.0,9.0,-3.0,-4.0,-3.0,-3.0,-1.0,-1.0,-3.0,-1.0,-2.0,-3.0,-1.0,-1.0,-2.0,-2.0,-1.0,-3.0,-3.0,-2.0,-4.0,0.0,0.0,0.0,0.0,0.0,0.0,1.48,0.35,20.0,132.3,2.5,2.75,121.0,13.46,-0.3,gain-of-function
801,-2.0,-3.0,-3.0,-3.0,-2.0,-3.0,-3.0,-3.0,-1.0,0.0,0.0,-3.0,0.0,6.0,-4.0,-2.0,-2.0,1.0,3.0,-1.0,-3.0,-3.0,-1.0,-4.0,1.0,0.0,0.049586776859504134,0.0,0.0,0.9652638610554443,0.35,0.31,41.0,194.1,2.8,0.0,165.0,19.8,1.98,0,0,0,1,0,0,-1.0,-2.0,-3.0,-4.0,-1.0,-2.0,-3.0,-4.0,-3.0,2.0,4.0,-2.0,2.0,0.0,-3.0,-2.0,-1.0,-2.0,-1.0,1.0,-4.0,-3.0,-1.0,-4.0,0.0,0.0,0.0,0.0,0.0,0.0006680026720106881,0.13,0.37,40.0,164.1,3.8,0.0,131.0,21.4,1.82,loss-of-function
768,0.0,-2.0,0.0,-1.0,-3.0,-2.0,-2.0,6.0,-2.0,-4.0,-4.0,-2.0,-3.0,-3.0,-2.0,0.0,-2.0,-2.0,-3.0,-3.0,-1.0,-2.0,-1.0,-4.0,1.0,1.0,0.05217391304347826,0.18085106382978725,0.0125,0.9424941491140086,0.0,0.54,49.0,62.9,-0.4,0.74,75.0,3.4,-0.19,0,0,0,0,1,0,0.0,-3.0,-3.0,-3.0,-1.0,-2.0,-2.0,-3.0,-3.0,3.0,1.0,-2.0,1.0,-1.0,-2.0,-2.0,0.0,-3.0,-1.0,4.0,-3.0,-2.0,-1.0,-4.0,0.0,0.0,0.06956521739130435,0.0,0.0,0.007021063189568706,0.13,0.39,74.0,141.0,4.2,0.0,117.0,21.57,1.46,loss-of-function
811,-1.0,-1.0,-2.0,-3.0,-1.0,0.0,-2.0,-3.0,-2.0,1.0,2.0,-1.0,5.0,0.0,-2.0,-1.0,-1.0,-1.0,-1.0,1.0,-3.0,-1.0,-1.0,-4.0,1.0,0.9861111111111112,0.008264462809917356,0.7549019607843137,0.4074074074074074,0.9659703504043127,1.43,0.3,94.0,172.9,1.9,0.0,149.0,16.25,1.4,0,0,1,0,0,0,0.0,-3.0,-3.0,-3.0,-1.0,-2.0,-2.0,-3.0,-3.0,3.0,1.0,-2.0,1.0,-1.0,-2.0,-2.0,0.0,-3.0,-1.0,4.0,-3.0,-2.0,-1.0,-4.0,0.0,0.0,0.0,0.0196078431372549,0.024691358024691357,0.0,0.13,0.39,74.0,141.0,4.2,0.0,117.0,21.57,1.46,gain-of-function
39,-1.0,-2.0,-2.0,-1.0,-3.0,-1.0,-1.0,-2.0,-2.0,-3.0,-3.0,-1.0,-2.0,-4.0,7.0,-1.0,-1.0,-4.0,-3.0,-2.0,-2.0,-1.0,-2.0,-4.0,1.0,0.21014492753623187,0.7980769230769231,0.0,0.9675324675324676,0.18898664059954381,1.58,0.51,56.0,92.9,-1.6,0.39,115.0,17.43,-1.44,1,0,0,0,0,0,4.0,-1.0,-2.0,-2.0,0.0,-1.0,-1.0,0.0,-2.0,-1.0,-1.0,-1.0,-1.0,-2.0,-1.0,1.0,0.0,-3.0,-2.0,0.0,-2.0,-1.0,0.0,-4.0,0.0,0.7318840579710145,0.028846153846153848,0.0,0.012987012987012988,0.01726946888237211,0.0,0.36,100.0,86.6,1.8,0.0,89.0,11.5,0.38,loss-of-function
727,-1.0,-2.0,-3.0,-4.0,-1.0,-2.0,-3.0,-4.0,-3.0,2.0,4.0,-2.0,2.0,0.0,-3.0,-2.0,-1.0,-2.0,-1.0,1.0,-4.0,-3.0,-1.0,-4.0,1.0,0.02097902097902098,0.05042016806722689,0.19,0.3291139240506329,0.05813953488372093,0.13,0.37,40.0,164.1,3.8,0.0,131.0,21.4,1.82,0,0,1,0,0,0,-1.0,1.0,0.0,0.0,-3.0,5.0,2.0,-2.0,0.0,-3.0,-2.0,1.0,0.0,-3.0,-1.0,0.0,-1.0,-2.0,-1.0,-2.0,0.0,3.0,-1.0,-4.0,0.0,0.0,0.0,0.0,0.0,0.0,3.53,0.49,93.0,119.2,-3.5,0.89,146.0,14.45,-1.84,gain-of-function
263,0.0,-1.0,0.0,-1.0,-1.0,-1.0,-1.0,-2.0,-2.0,-1.0,-1.0,-1.0,-1.0,-2.0,-1.0,1.0,5.0,-2.0,-2.0,0.0,-1.0,-1.0,0.0,-4.0,0.9013157894736842,0.0,0.06896551724137931,0.47,0.0,0.5797697368421053,1.66,0.44,97.0,106.5,-0.7,0.71,119.0,15.77,-0.32,1,0,0,0,0,0,-1.0,-1.0,-2.0,-3.0,-1.0,0.0,-2.0,-3.0,-2.0,1.0,2.0,-1.0,5.0,0.0,-2.0,-1.0,-1.0,-1.0,-1.0,1.0,-3.0,-1.0,-1.0,-4.0,0.0,0.0,0.0,0.03,0.0,0.002055921052631579,1.43,0.3,94.0,172.9,1.9,0.0,149.0,16.25,1.4,loss-of-function
228,-1.0,0.0,0.0,2.0,-4.0,2.0,5.0,-2.0,0.0,-3.0,-3.0,1.0,-2.0,-3.0,-1.0,0.0,-1.0,-3.0,-2.0,-2.0,1.0,4.0,-1.0,-4.0,0.7894736842105263,0.02127659574468085,0.35344827586206895,0.23157894736842105,0.0,0.30821371610845294,49.9,0.5,102.0,113.9,-3.5,0.92,147.0,13.57,-2.9,1,0,0,0,0,0,-1.0,1.0,0.0,0.0,-3.0,5.0,2.0,-2.0,0.0,-3.0,-2.0,1.0,0.0,-3.0,-1.0,0.0,-1.0,-2.0,-1.0,-2.0,0.0,3.0,-1.0,-4.0,0.0,0.900709219858156,0.16379310344827586,0.22105263157894736,0.012903225806451613,0.11762360446570973,3.53,0.49,93.0,119.2,-3.5,0.89,146.0,14.45,-1.84,gain-of-function
63,-2.0,-2.0,-2.0,-3.0,-2.0,-1.0,-2.0,-3.0,2.0,-1.0,-1.0,-2.0,-1.0,3.0,-3.0,-2.0,-2.0,2.0,7.0,-1.0,-3.0,-2.0,-1.0,-4.0,0.88,0.0,0.0,0.0,0.0,0.00032583903551645487,1.61,0.42,41.0,177.7,-1.3,0.2,181.0,18.03,0.49,1,0,0,0,0,0,0.0,-3.0,-3.0,-3.0,9.0,-3.0,-4.0,-3.0,-3.0,-1.0,-1.0,-3.0,-1.0,-2.0,-3.0,-1.0,-1.0,-2.0,-2.0,-1.0,-3.0,-3.0,-2.0,-4.0,0.0,0.0,0.0,0.0,0.0,0.0,1.48,0.35,20.0,132.3,2.5,2.75,121.0,13.46,-0.3,loss-of-function
104,0.0,-3.0,-3.0,-3.0,-1.0,-2.0,-2.0,-3.0,-3.0,3.0,1.0,-2.0,1.0,-1.0,-2.0,-2.0,0.0,-3.0,-1.0,4.0,-3.0,-2.0,-1.0,-4.0,1.0,0.9,0.0,0.01,0.0,0.10426849136526556,0.13,0.39,74.0,141.0,4.2,0.0,117.0,21.57,1.46,1,0,0,0,0,0,-1.0,-2.0,-2.0,-1.0,-3.0,-1.0,-1.0,-2.0,-2.0,-3.0,-3.0,-1.0,-2.0,-4.0,7.0,-1.0,-1.0,-4.0,-3.0,-2.0,-2.0,-1.0,-2.0,-4.0,0.0,0.0,0.3103448275862069,0.0,0.6942675159235668,0.047898338220918865,1.58,0.51,56.0,92.9,-1.6,0.39,115.0,17.43,-1.44,loss-of-function
767,-1.0,0.0,0.0,2.0,-4.0,2.0,5.0,-2.0,0.0,-3.0,-3.0,1.0,-2.0,-3.0,-1.0,0.0,-1.0,-3.0,-2.0,-2.0,1.0,4.0,-1.0,-4.0,0.9936305732484076,1.0,0.5130434782608696,0.0,0.006172839506172839,0.3595317725752508,49.9,0.5,102.0,113.9,-3.5,0.92,147.0,13.57,-2.9,0,0,0,0,1,0,-1.0,2.0,0.0,-1.0,-3.0,1.0,1.0,-2.0,-1.0,-3.0,-2.0,5.0,-1.0,-3.0,-1.0,0.0,-1.0,-3.0,-2.0,-2.0,0.0,1.0,-1.0,-4.0,0.0,0.0,0.16521739130434782,0.0425531914893617,0.0,0.17959866220735787,49.5,0.47,56.0,115.5,-3.9,0.33,146.0,15.71,-3.46,gain-of-function
722,-2.0,0.0,6.0,1.0,-3.0,0.0,0.0,0.0,1.0,-3.0,-3.0,0.0,-2.0,-3.0,-2.0,1.0,0.0,-4.0,-2.0,-3.0,3.0,0.0,-1.0,-4.0,0.9936305732484076,0.0,0.0,0.0,0.0,0.0,3.38,0.46,134.0,103.3,-3.5,1.33,132.0,12.82,-1.62,0,0,1,0,0,0,1.0,-1.0,1.0,0.0,-1.0,0.0,0.0,0.0,-1.0,-2.0,-2.0,0.0,-1.0,-2.0,-1.0,4.0,1.0,-3.0,-2.0,-2.0,0.0,0.0,0.0,-4.0,0.0,0.0,0.0,0.0,0.0,0.0,1.67,0.51,120.0,85.6,-0.8,1.42,105.0,9.47,-0.53,gain-of-function
129,0.0,-3.0,-3.0,-3.0,9.0,-3.0,-4.0,-3.0,-3.0,-1.0,-1.0,-3.0,-1.0,-2.0,-3.0,-1.0,-1.0,-2.0,-2.0,-1.0,-3.0,-3.0,-2.0,-4.0,1.0,0.0,0.0,0.0,0.0,0.0,1.48,0.35,20.0,132.3,2.5,2.75,121.0,13.46,-0.3,1,0,0,0,0,0,-2.0,-3.0,-3.0,-3.0,-2.0,-3.0,-3.0,-3.0,-1.0,0.0,0.0,-3.0,0.0,6.0,-4.0,-2.0,-2.0,1.0,3.0,-1.0,-3.0,-3.0,-1.0,-4.0,0.0,0.0,0.0,0.0,0.0,0.0,0.35,0.31,41.0,194.1,2.8,0.0,165.0,19.8,1.98,gain-of-function
430,4.0,-1.0,-2.0,-2.0,0.0,-1.0,-1.0,0.0,-2.0,-1.0,-1.0,-1.0,-1.0,-2.0,-1.0,1.0,0.0,-3.0,-2.0,0.0,-2.0,-1.0,0.0,-4.0,1.0,0.9925925925925926,0.29411764705882354,0.9595959595959596,0.9743589743589743,0.7554129911788292,0.0,0.36,100.0,86.6,1.8,0.0,89.0,11.5,0.38,1,0,0,0,0,0,0.0,-3.0,-3.0,-3.0,-1.0,-2.0,-2.0,-3.0,-3.0,3.0,1.0,-2.0,1.0,-1.0,-2.0,-2.0,0.0,-3.0,-1.0,4.0,-3.0,-2.0,-1.0,-4.0,0.0,0.0,0.0,0.010101010101010102,0.0,0.015236567762630313,0.13,0.39,74.0,141.0,4.2,0.0,117.0,21.57,1.46,loss-of-function
151,0.0,-1.0,0.0,-1.0,-1.0,-1.0,-1.0,-2.0,-2.0,-1.0,-1.0,-1.0,-1.0,-2.0,-1.0,1.0,5.0,-2.0,-2.0,0.0,-1.0,-1.0,0.0,-4.0,0.9933774834437086,0.0,0.043859649122807015,0.04040404040404041,0.03205128205128205,0.16312346688470972,1.66,0.44,97.0,106.5,-0.7,0.71,119.0,15.77,-0.32,1,0,0,0,0,0,-1.0,5.0,0.0,-2.0,-3.0,1.0,0.0,-2.0,0.0,-3.0,-2.0,2.0,-1.0,-3.0,-2.0,-1.0,-1.0,-3.0,-2.0,-3.0,-1.0,0.0,-1.0,-4.0,0.0,0.0,0.0,0.030303030303030304,0.00641025641025641,0.017170891251022075,52.0,0.53,65.0,162.2,-4.5,0.65,174.0,14.28,-2.57,gain-of-function
118,-2.0,0.0,6.0,1.0,-3.0,0.0,0.0,0.0,1.0,-3.0,-3.0,0.0,-2.0,-3.0,-2.0,1.0,0.0,-4.0,-2.0,-3.0,3.0,0.0,-1.0,-4.0,1.0,0.0,0.02702702702702703,0.0891089108910891,0.1910828025477707,0.011730205278592375,3.38,0.46,134.0,103.3,-3.5,1.33,132.0,12.82,-1.62,1,0,0,0,0,0,-1.0,2.0,0.0,-1.0,-3.0,1.0,1.0,-2.0,-1.0,-3.0,-2.0,5.0,-1.0,-3.0,-1.0,0.0,-1.0,-3.0,-2.0,-2.0,0.0,1.0,-1.0,-4.0,0.0,0.0,0.09009009009009009,0.0297029702970297,0.24203821656050956,0.019224503095470837,49.5,0.47,56.0,115.5,-3.9,0.33,146.0,15.71,-3.46,gain-of-function
272,1.0,-1.0,1.0,0.0,-1.0,0.0,0.0,0.0,-1.0,-2.0,-2.0,0.0,-1.0,-2.0,-1.0,4.0,1.0,-3.0,-2.0,-2.0,0.0,0.0,0.0,-4.0,0.9736842105263158,0.05223880597014925,0.4224137931034483,0.0,0.44516129032258067,0.12144373673036093,1.67,0.51,120.0,85.6,-0.8,1.42,105.0,9.47,-0.53,1,0,0,0,0,0,-1.0,-3.0,-3.0,-3.0,-1.0,-3.0,-3.0,-4.0,-3.0,4.0,2.0,-3.0,1.0,0.0,-3.0,-2.0,-1.0,-3.0,-1.0,3.0,-3.0,-3.0,-1.0,-4.0,0.0,0.0,0.008620689655172414,0.0,0.01935483870967742,0.014437367303609342,0.13,0.46,96.0,158.0,4.5,0.0,131.0,21.4,1.97,loss-of-function
66,-1.0,5.0,0.0,-2.0,-3.0,1.0,0.0,-2.0,0.0,-3.0,-2.0,2.0,-1.0,-3.0,-2.0,-1.0,-1.0,-3.0,-2.0,-3.0,-1.0,0.0,-1.0,-4.0,1.0,0.050724637681159424,0.0,0.0,0.0,0.2753339850114044,52.0,0.53,65.0,162.2,-4.5,0.65,174.0,14.28,-2.57,1,0,0,0,0,0,-2.0,0.0,1.0,-1.0,-3.0,0.0,0.0,-2.0,8.0,-3.0,-3.0,-1.0,-2.0,-1.0,-2.0,-1.0,-2.0,-2.0,2.0,-3.0,0.0,0.0,-1.0,-4.0,0.0,0.0,0.0,0.0,0.0064516129032258064,0.0016291951775822744,51.6,0.32,66.0,155.8,-3.2,0.58,155.0,13.69,-1.44,loss-of-function
873,-1.0,5.0,0.0,-2.0,-3.0,1.0,0.0,-2.0,0.0,-3.0,-2.0,2.0,-1.0,-3.0,-2.0,-1.0,-1.0,-3.0,-2.0,-3.0,-1.0,0.0,-1.0,-4.0,1.0,0.006944444444444444,0.007936507936507936,0.0,0.0,0.3069169273548836,52.0,0.53,65.0,162.2,-4.5,0.65,174.0,14.28,-2.57,0,0,0,0,0,1,-2.0,0.0,1.0,-1.0,-3.0,0.0,0.0,-2.0,8.0,-3.0,-3.0,-1.0,-2.0,-1.0,-2.0,-1.0,-2.0,-2.0,2.0,-3.0,0.0,0.0,-1.0,-4.0,0.0,0.006944444444444444,0.0,0.009708737864077669,0.0,0.0020855057351407717,51.6,0.32,66.0,155.8,-3.2,0.58,155.0,13.69,-1.44,loss-of-function
551,-1.0,5.0,0.0,-2.0,-3.0,1.0,0.0,-2.0,0.0,-3.0,-2.0,2.0,-1.0,-3.0,-2.0,-1.0,-1.0,-3.0,-2.0,-3.0,-1.0,0.0,-1.0,-4.0,1.0,0.0070921985815602835,0.6666666666666666,0.038834951456310676,0.81875,0.7501764290755116,52.0,0.53,65.0,162.2,-4.5,0.65,174.0,14.28,-2.57,1,0,0,0,0,0,-1.0,2.0,0.0,-1.0,-3.0,1.0,1.0,-2.0,-1.0,-3.0,-2.0,5.0,-1.0,-3.0,-1.0,0.0,-1.0,-3.0,-2.0,-2.0,0.0,1.0,-1.0,-4.0,0.0,0.9929078014184397,0.24166666666666667,0.9611650485436893,0.0375,0.014467184191954835,49.5,0.47,56.0,115.5,-3.9,0.33,146.0,15.71,-3.46,loss-of-function
568,0.0,-3.0,-3.0,-3.0,9.0,-3.0,-4.0,-3.0,-3.0,-1.0,-1.0,-3.0,-1.0,-2.0,-3.0,-1.0,-1.0,-2.0,-2.0,-1.0,-3.0,-3.0,-2.0,-4.0,1.0,0.9929078014184397,0.9831932773109243,1.0,0.99375,0.9936418226774991,1.48,0.35,20.0,132.3,2.5,2.75,121.0,13.46,-0.3,0,1,0,0,0,0,-2.0,-2.0,-2.0,-3.0,-2.0,-1.0,-2.0,-3.0,2.0,-1.0,-1.0,-2.0,-1.0,3.0,-3.0,-2.0,-2.0,2.0,7.0,-1.0,-3.0,-2.0,-1.0,-4.0,0.0,0.0,0.0,0.0,0.0,0.0,1.61,0.42,41.0,177.7,-1.3,0.2,181.0,18.03,0.49,loss-of-function
680,-1.0,5.0,0.0,-2.0,-3.0,1.0,0.0,-2.0,0.0,-3.0,-2.0,2.0,-1.0,-3.0,-2.0,-1.0,-1.0,-3.0,-2.0,-3.0,-1.0,0.0,-1.0,-4.0,1.0,0.9861111111111112,0.6209677419354839,0.9603960396039604,0.0125,0.73558648111332,52.0,0.53,65.0,162.2,-4.5,0.65,174.0,14.28,-2.57,0,0,1,0,0,0,0.0,-3.0,-3.0,-3.0,9.0,-3.0,-4.0,-3.0,-3.0,-1.0,-1.0,-3.0,-1.0,-2.0,-3.0,-1.0,-1.0,-2.0,-2.0,-1.0,-3.0,-3.0,-2.0,-4.0,0.0,0.0,0.008064516129032258,0.0,0.0,0.007620941020543406,1.48,0.35,20.0,132.3,2.5,2.75,121.0,13.46,-0.3,loss-of-function
885,4.0,-1.0,-2.0,-2.0,0.0,-1.0,-1.0,0.0,-2.0,-1.0,-1.0,-1.0,-1.0,-2.0,-1.0,1.0,0.0,-3.0,-2.0,0.0,-2.0,-1.0,0.0,-4.0,1.0,0.0,0.0,0.0,0.0,0.0,0.0,0.36,100.0,86.6,1.8,0.0,89.0,11.5,0.38,0,0,0,0,0,1,-2.0,-2.0,1.0,6.0,-3.0,0.0,2.0,-1.0,-1.0,-3.0,-4.0,-1.0,-3.0,-3.0,-1.0,0.0,-1.0,-4.0,-3.0,-3.0,4.0,1.0,-1.0,-4.0,0.0,0.0,0.0,0.0,0.0,0.0,49.7,0.51,106.0,97.8,-3.5,1.38,133.0,11.68,-3.27,loss-of-function
804,4.0,-1.0,-2.0,-2.0,0.0,-1.0,-1.0,0.0,-2.0,-1.0,-1.0,-1.0,-1.0,-2.0,-1.0,1.0,0.0,-3.0,-2.0,0.0,-2.0,-1.0,0.0,-4.0,1.0,0.9861111111111112,0.8925619834710744,1.0,0.9814814814814815,0.9080882352941176,0.0,0.36,100.0,86.6,1.8,0.0,89.0,11.5,0.38,0,0,1,0,0,0,-2.0,-2.0,1.0,6.0,-3.0,0.0,2.0,-1.0,-1.0,-3.0,-4.0,-1.0,-3.0,-3.0,-1.0,0.0,-1.0,-4.0,-3.0,-3.0,4.0,1.0,-1.0,-4.0,0.0,0.0,0.0,0.0,0.0,0.0006684491978609625,49.7,0.51,106.0,97.8,-3.5,1.38,133.0,11.68,-3.27,loss-of-function
228,-1.0,0.0,0.0,2.0,-4.0,2.0,5.0,-2.0,0.0,-3.0,-3.0,1.0,-2.0,-3.0,-1.0,0.0,-1.0,-3.0,-2.0,-2.0,1.0,4.0,-1.0,-4.0,0.7894736842105263,0.02127659574468085,0.35344827586206895,0.23157894736842105,0.0,0.30821371610845294,49.9,0.5,102.0,113.9,-3.5,0.92,147.0,13.57,-2.9,1,0,0,0,0,0,0.0,-2.0,0.0,-1.0,-3.0,-2.0,-2.0,6.0,-2.0,-4.0,-4.0,-2.0,-3.0,-3.0,-2.0,0.0,-2.0,-2.0,-3.0,-3.0,-1.0,-2.0,-1.0,-4.0,0.0,0.0,0.02586206896551724,0.0,0.13548387096774195,0.025518341307814992,0.0,0.54,49.0,62.9,-0.4,0.74,75.0,3.4,-0.19,gain-of-function
555,-1.0,-3.0,-3.0,-3.0,-1.0,-3.0,-3.0,-4.0,-3.0,4.0,2.0,-3.0,1.0,0.0,-3.0,-2.0,-1.0,-3.0,-1.0,3.0,-3.0,-3.0,-1.0,-4.0,0.9935483870967742,0.0,0.19166666666666668,0.0,0.2236024844720497,0.00032583903551645487,0.13,0.46,96.0,158.0,4.5,0.0,131.0,21.4,1.97,1,0,0,0,0,0,0.0,-1.0,0.0,-1.0,-1.0,-1.0,-1.0,-2.0,-2.0,-1.0,-1.0,-1.0,-1.0,-2.0,-1.0,1.0,5.0,-2.0,-2.0,0.0,-1.0,-1.0,0.0,-4.0,0.0,0.0,0.016666666666666666,0.0,0.0,0.00032583903551645487,1.66,0.44,97.0,106.5,-0.7,0.71,119.0,15.77,-0.32,loss-of-function
127,-1.0,0.0,0.0,2.0,-4.0,2.0,5.0,-2.0,0.0,-3.0,-3.0,1.0,-2.0,-3.0,-1.0,0.0,-1.0,-3.0,-2.0,-2.0,1.0,4.0,-1.0,-4.0,0.9867549668874173,0.0,0.0,0.0,0.0,0.00032583903551645487,49.9,0.5,102.0,113.9,-3.5,0.92,147.0,13.57,-2.9,1,0,0,0,0,0,-1.0,2.0,0.0,-1.0,-3.0,1.0,1.0,-2.0,-1.0,-3.0,-2.0,5.0,-1.0,-3.0,-1.0,0.0,-1.0,-3.0,-2.0,-2.0,0.0,1.0,-1.0,-4.0,0.0,0.0,0.0,0.0,0.0,0.0,49.5,0.47,56.0,115.5,-3.9,0.33,146.0,15.71,-3.46,gain-of-function
748,-1.0,-2.0,-2.0,-1.0,-3.0,-1.0,-1.0,-2.0,-2.0,-3.0,-3.0,-1.0,-2.0,-4.0,7.0,-1.0,-1.0,-4.0,-3.0,-2.0,-2.0,-1.0,-2.0,-4.0,1.0,0.8194444444444444,0.8793103448275862,0.3,0.3950617283950617,0.9850199733688415,1.58,0.51,56.0,92.9,-1.6,0.39,115.0,17.43,-1.44,0,0,0,0,1,0,-2.0,0.0,1.0,-1.0,-3.0,0.0,0.0,-2.0,8.0,-3.0,-3.0,-1.0,-2.0,-1.0,-2.0,-1.0,-2.0,-2.0,2.0,-3.0,0.0,0.0,-1.0,-4.0,0.0,0.0,0.0,0.0,0.0,0.00033288948069241014,51.6,0.32,66.0,155.8,-3.2,0.58,155.0,13.69,-1.44,loss-of-function
163,-1.0,-2.0,-2.0,-1.0,-3.0,-1.0,-1.0,-2.0,-2.0,-3.0,-3.0,-1.0,-2.0,-4.0,7.0,-1.0,-1.0,-4.0,-3.0,-2.0,-2.0,-1.0,-2.0,-4.0,0.993421052631579,0.9714285714285714,1.0,0.99,0.9935483870967742,0.9529931699477702,1.58,0.51,56.0,92.9,-1.6,0.39,115.0,17.43,-1.44,1,0,0,0,0,0,-1.0,5.0,0.0,-2.0,-3.0,1.0,0.0,-2.0,0.0,-3.0,-2.0,2.0,-1.0,-3.0,-2.0,-1.0,-1.0,-3.0,-2.0,-3.0,-1.0,0.0,-1.0,-4.0,0.0,0.0,0.0,0.0,0.0,0.0004017677782241864,52.0,0.53,65.0,162.2,-4.5,0.65,174.0,14.28,-2.57,loss-of-function
166,1.0,-1.0,1.0,0.0,-1.0,0.0,0.0,0.0,-1.0,-2.0,-2.0,0.0,-1.0,-2.0,-1.0,4.0,1.0,-3.0,-2.0,-2.0,0.0,0.0,0.0,-4.0,1.0,0.8865248226950354,0.9913793103448276,0.2828282828282828,0.9935897435897436,0.07168458781362007,1.67,0.51,120.0,85.6,-0.8,1.42,105.0,9.47,-0.53,1,0,0,0,0,0,0.0,-2.0,0.0,-1.0,-3.0,-2.0,-2.0,6.0,-2.0,-4.0,-4.0,-2.0,-3.0,-3.0,-2.0,0.0,-2.0,-2.0,-3.0,-3.0,-1.0,-2.0,-1.0,-4.0,0.0,0.11347517730496454,0.0,0.0,0.0,0.0039100684261974585,0.0,0.54,49.0,62.9,-0.4,0.74,75.0,3.4,-0.19,loss-of-function
634,-2.0,-3.0,-3.0,-3.0,-2.0,-3.0,-3.0,-3.0,-1.0,0.0,0.0,-3.0,0.0,6.0,-4.0,-2.0,-2.0,1.0,3.0,-1.0,-3.0,-3.0,-1.0,-4.0,1.0,1.0,0.8211382113821138,0.9902912621359223,0.9386503067484663,0.9496688741721855,0.35,0.31,41.0,194.1,2.8,0.0,165.0,19.8,1.98,0,0,1,0,0,0,1.0,-1.0,1.0,0.0,-1.0,0.0,0.0,0.0,-1.0,-2.0,-2.0,0.0,-1.0,-2.0,-1.0,4.0,1.0,-3.0,-2.0,-2.0,0.0,0.0,0.0,-4.0,0.0,0.0,0.0,0.009708737864077669,0.006134969325153374,0.00033112582781456954,1.67,0.51,120.0,85.6,-0.8,1.42,105.0,9.47,-0.53,loss-of-function
236,0.0,-3.0,-3.0,-3.0,9.0,-3.0,-4.0,-3.0,-3.0,-1.0,-1.0,-3.0,-1.0,-2.0,-3.0,-1.0,-1.0,-2.0,-2.0,-1.0,-3.0,-3.0,-2.0,-4.0,1.0,1.0,1.0,0.99,1.0,0.9927507047925896,1.48,0.35,20.0,132.3,2.5,2.75,121.0,13.46,-0.3,1,0,0,0,0,0,0.0,-2.0,0.0,-1.0,-3.0,-2.0,-2.0,6.0,-2.0,-4.0,-4.0,-2.0,-3.0,-3.0,-2.0,0.0,-2.0,-2.0,-3.0,-3.0,-1.0,-2.0,-1.0,-4.0,0.0,0.0,0.0,0.0,0.0,0.0008054772452678212,0.0,0.54,49.0,62.9,-0.4,0.74,75.0,3.4,-0.19,loss-of-function
704,-1.0,-2.0,-3.0,-4.0,-1.0,-2.0,-3.0,-4.0,-3.0,2.0,4.0,-2.0,2.0,0.0,-3.0,-2.0,-1.0,-2.0,-1.0,1.0,-4.0,-3.0,-1.0,-4.0,1.0,0.9861111111111112,0.008130081300813009,0.0,0.35185185185185186,0.3406301824212272,0.13,0.37,40.0,164.1,3.8,0.0,131.0,21.4,1.82,0,0,1,0,0,0,-1.0,-2.0,-2.0,-1.0,-3.0,-1.0,-1.0,-2.0,-2.0,-3.0,-3.0,-1.0,-2.0,-4.0,7.0,-1.0,-1.0,-4.0,-3.0,-2.0,-2.0,-1.0,-2.0,-4.0,0.0,0.0,0.0,0.0,0.0,0.0006633499170812604,1.58,0.51,56.0,92.9,-1.6,0.39,115.0,17.43,-1.44,loss-of-function
27,-1.0,1.0,0.0,0.0,-3.0,5.0,2.0,-2.0,0.0,-3.0,-2.0,1.0,0.0,-3.0,-1.0,0.0,-1.0,-2.0,-1.0,-2.0,0.0,3.0,-1.0,-4.0,0.9801324503311258,0.0,0.19230769230769232,0.0,0.18120805369127516,0.008471814923427827,3.53,0.49,93.0,119.2,-3.5,0.89,146.0,14.45,-1.84,1,0,0,0,0,0,-1.0,0.0,0.0,2.0,-4.0,2.0,5.0,-2.0,0.0,-3.0,-3.0,1.0,-2.0,-3.0,-1.0,0.0,-1.0,-3.0,-2.0,-2.0,1.0,4.0,-1.0,-4.0,0.013245033112582781,0.0,0.019230769230769232,0.15053763440860216,0.03355704697986577,0.08341479309221245,49.9,0.5,102.0,113.9,-3.5,0.92,147.0,13.57,-2.9,gain-of-function
131,0.0,-3.0,-3.0,-3.0,9.0,-3.0,-4.0,-3.0,-3.0,-1.0,-1.0,-3.0,-1.0,-2.0,-3.0,-1.0,-1.0,-2.0,-2.0,-1.0,-3.0,-3.0,-2.0,-4.0,1.0,1.0,0.0,0.0,0.0,0.9625453080950463,1.48,0.35,20.0,132.3,2.5,2.75,121.0,13.46,-0.3,1,0,0,0,0,0,-3.0,-3.0,-4.0,-4.0,-2.0,-2.0,-3.0,-2.0,-2.0,-3.0,-2.0,-3.0,-1.0,1.0,-4.0,-3.0,-2.0,11.0,2.0,-3.0,-4.0,-3.0,-2.0,-4.0,0.0,0.0,0.0,0.0,0.0,0.0012082158679017317,2.1,0.31,18.0,224.6,-0.9,0.13,204.0,21.67,1.53,gain-of-function
1,-1.0,-1.0,-2.0,-3.0,-1.0,0.0,-2.0,-3.0,-2.0,1.0,2.0,-1.0,5.0,0.0,-2.0,-1.0,-1.0,-1.0,-1.0,1.0,-3.0,-1.0,-1.0,-4.0,0.9933333333333333,0.9917355371900827,0.9175257731958762,0.9120879120879121,0.9066666666666666,0.2750081459758879,1.43,0.3,94.0,172.9,1.9,0.0,149.0,16.25,1.4,1,0,0,0,0,0,-1.0,5.0,0.0,-2.0,-3.0,1.0,0.0,-2.0,0.0,-3.0,-2.0,2.0,-1.0,-3.0,-2.0,-1.0,-1.0,-3.0,-2.0,-3.0,-1.0,0.0,-1.0,-4.0,0.0,0.008264462809917356,0.0,0.01098901098901099,0.006666666666666667,0.0019550342130987292,52.0,0.53,65.0,162.2,-4.5,0.65,174.0,14.28,-2.57,loss-of-function
816,-1.0,-3.0,-3.0,-3.0,-1.0,-3.0,-3.0,-4.0,-3.0,4.0,2.0,-3.0,1.0,0.0,-3.0,-2.0,-1.0,-3.0,-1.0,3.0,-3.0,-3.0,-1.0,-4.0,1.0,0.0,0.0,0.0,0.0,0.0,0.13,0.46,96.0,158.0,4.5,0.0,131.0,21.4,1.97,0,0,1,0,0,0,0.0,-1.0,0.0,-1.0,-1.0,-1.0,-1.0,-2.0,-2.0,-1.0,-1.0,-1.0,-1.0,-2.0,-1.0,1.0,5.0,-2.0,-2.0,0.0,-1.0,-1.0,0.0,-4.0,0.0,0.0,0.0,0.0,0.0,0.0,1.66,0.44,97.0,106.5,-0.7,0.71,119.0,15.77,-0.32,loss-of-function
873,-1.0,5.0,0.0,-2.0,-3.0,1.0,0.0,-2.0,0.0,-3.0,-2.0,2.0,-1.0,-3.0,-2.0,-1.0,-1.0,-3.0,-2.0,-3.0,-1.0,0.0,-1.0,-4.0,1.0,0.006944444444444444,0.007936507936507936,0.0,0.0,0.3069169273548836,52.0,0.53,65.0,162.2,-4.5,0.65,174.0,14.28,-2.57,0,0,0,0,0,1,-1.0,-2.0,-2.0,-1.0,-3.0,-1.0,-1.0,-2.0,-2.0,-3.0,-3.0,-1.0,-2.0,-4.0,7.0,-1.0,-1.0,-4.0,-3.0,-2.0,-2.0,-1.0,-2.0,-4.0,0.0,0.0,0.0,0.009708737864077669,0.0,0.0003475842891901286,1.58,0.51,56.0,92.9,-1.6,0.39,115.0,17.43,-1.44,loss-of-function
677,0.0,-3.0,-3.0,-3.0,9.0,-3.0,-4.0,-3.0,-3.0,-1.0,-1.0,-3.0,-1.0,-2.0,-3.0,-1.0,-1.0,-2.0,-2.0,-1.0,-3.0,-3.0,-2.0,-4.0,1.0,0.9652777777777778,0.983739837398374,1.0,1.0,0.9970178926441352,1.48,0.35,20.0,132.3,2.5,2.75,121.0,13.46,-0.3,0,0,1,0,0,0,-2.0,-2.0,-2.0,-3.0,-2.0,-1.0,-2.0,-3.0,2.0,-1.0,-1.0,-2.0,-1.0,3.0,-3.0,-2.0,-2.0,2.0,7.0,-1.0,-3.0,-2.0,-1.0,-4.0,0.0,0.0,0.0,0.0,0.0,0.0003313452617627568,1.61,0.42,41.0,177.7,-1.3,0.2,181.0,18.03,0.49,loss-of-function
689,0.0,-3.0,-3.0,-3.0,-1.0,-2.0,-2.0,-3.0,-3.0,3.0,1.0,-2.0,1.0,-1.0,-2.0,-2.0,0.0,-3.0,-1.0,4.0,-3.0,-2.0,-1.0,-4.0,1.0,0.020833333333333332,0.0,0.010101010101010102,0.0,0.3839522546419098,0.13,0.39,74.0,141.0,4.2,0.0,117.0,21.57,1.46,0,0,1,0,0,0,-1.0,-1.0,-2.0,-3.0,-1.0,0.0,-2.0,-3.0,-2.0,1.0,2.0,-1.0,5.0,0.0,-2.0,-1.0,-1.0,-1.0,-1.0,1.0,-3.0,-1.0,-1.0,-4.0,0.0,0.0,0.0,0.0,0.0,0.0,1.43,0.3,94.0,172.9,1.9,0.0,149.0,16.25,1.4,loss-of-function
128,-2.0,-3.0,-3.0,-3.0,-2.0,-3.0,-3.0,-3.0,-1.0,0.0,0.0,-3.0,0.0,6.0,-4.0,-2.0,-2.0,1.0,3.0,-1.0,-3.0,-3.0,-1.0,-4.0,1.0,0.7573529411764706,0.18691588785046728,0.0,0.0,0.044965786901270774,0.35,0.31,41.0,194.1,2.8,0.0,165.0,19.8,1.98,1,0,0,0,0,0,4.0,-1.0,-2.0,-2.0,0.0,-1.0,-1.0,0.0,-2.0,-1.0,-1.0,-1.0,-1.0,-2.0,-1.0,1.0,0.0,-3.0,-2.0,0.0,-2.0,-1.0,0.0,-4.0,0.0,0.022058823529411766,0.0,0.0,0.0,0.00032583903551645487,0.0,0.36,100.0,86.6,1.8,0.0,89.0,11.5,0.38,gain-of-function
549,0.0,-2.0,0.0,-1.0,-3.0,-2.0,-2.0,6.0,-2.0,-4.0,-4.0,-2.0,-3.0,-3.0,-2.0,0.0,-2.0,-2.0,-3.0,-3.0,-1.0,-2.0,-1.0,-4.0,1.0,1.0,0.9916666666666667,1.0,1.0,0.9893730074388948,0.0,0.54,49.0,62.9,-0.4,0.74,75.0,3.4,-0.19,1,0,0,0,0,0,-1.0,5.0,0.0,-2.0,-3.0,1.0,0.0,-2.0,0.0,-3.0,-2.0,2.0,-1.0,-3.0,-2.0,-1.0,-1.0,-3.0,-2.0,-3.0,-1.0,0.0,-1.0,-4.0,0.0,0.0,0.0,0.0,0.0,0.0021253985122210413,52.0,0.53,65.0,162.2,-4.5,0.65,174.0,14.28,-2.57,loss-of-function
742,-3.0,-3.0,-4.0,-4.0,-2.0,-2.0,-3.0,-2.0,-2.0,-3.0,-2.0,-3.0,-1.0,1.0,-4.0,-3.0,-2.0,11.0,2.0,-3.0,-4.0,-3.0,-2.0,-4.0,1.0,0.9926470588235294,0.5565217391304348,0.01,0.012345679012345678,0.9613848202396804,2.1,0.31,18.0,224.6,-0.9,0.13,204.0,21.67,1.53,0,0,1,0,0,0,-1.0,5.0,0.0,-2.0,-3.0,1.0,0.0,-2.0,0.0,-3.0,-2.0,2.0,-1.0,-3.0,-2.0,-1.0,-1.0,-3.0,-2.0,-3.0,-1.0,0.0,-1.0,-4.0,0.0,0.0,0.26956521739130435,0.0,0.0,0.0019973368841544607,52.0,0.53,65.0,162.2,-4.5,0.65,174.0,14.28,-2.57,loss-of-function
351,-2.0,-3.0,-3.0,-3.0,-2.0,-3.0,-3.0,-3.0,-1.0,0.0,0.0,-3.0,0.0,6.0,-4.0,-2.0,-2.0,1.0,3.0,-1.0,-3.0,-3.0,-1.0,-4.0,1.0,0.21481481481481482,0.0,0.18446601941747573,0.0,0.7068895230330208,0.35,0.31,41.0,194.1,2.8,0.0,165.0,19.8,1.98,1,0,0,0,0,0,0.0,-3.0,-3.0,-3.0,-1.0,-2.0,-2.0,-3.0,-3.0,3.0,1.0,-2.0,1.0,-1.0,-2.0,-2.0,0.0,-3.0,-1.0,4.0,-3.0,-2.0,-1.0,-4.0,0.0,0.0,0.0,0.009708737864077669,0.0,0.036689767631471665,0.13,0.39,74.0,141.0,4.2,0.0,117.0,21.57,1.46,loss-of-function
