position,CaSR,CaSR_aa,CaSR_like,CaSR_like_aa,GPRC6A,GPRC6A_aa,TAS1R1,TAS1R1_aa,TAS1R2,TAS1R2_aa,TAS1R3,TAS1R3_aa
1,0.9959677419354839,M,0,-,0.9950738916256158,M,0.9259259259259259,M,0.9054054054054054,M,0.916,M
2,0.4274193548387097,A,0,-,0,-,0.3803680981595092,L,0.5540540540540541,G,0.3466135458167331,A
3,0.42338709677419356,L,0,-,0,-,0,-,0,-,0,-
4,0.757085020242915,Y,0,-,0.46846846846846846,S,0,-,0,-,0,-
5,0.6219512195121951,S,0,-,0.4663677130044843,Q,0,-,0,-,0,-
6,0.7142857142857143,C,0,-,0.8169642857142857,C,0.7073170731707317,C,0,-,0,-
7,0.6626016260162602,C,0,-,0,-,0,-,0,-,0,-
8,0.7479674796747967,L,0,-,0,-,0,-,0,-,0,-
9,0.5853658536585366,I,0,-,0,-,0,-,0,-,0,-
10,0.8617886178861789,L,0,-,0,-,0,-,0,-,0,-
11,0.9146341463414634,L,0,-,0,-,0,-,0,-,0,-
12,0.5182186234817814,A,0,-,0,-,0,-,0,-,0,-
13,0.5506072874493927,F,0,-,0,-,0,-,0,-,0,-
14,0.5587044534412956,T,0,-,0,-,0,-,0,-,0,-
15,0.7408906882591093,W,0,-,0,-,0,-,0,-,0,-
16,0.2550607287449393,N,0,-,0,-,0,-,0,-,0,-
17,0.5991902834008097,T,0,-,0,-,0,-,0,-,0,-
18,0.7530364372469636,S,0,-,0,-,0,-,0,-,0,-
19,0.7692307692307693,A,0,-,0,-,0,-,0,-,0,-
20,1.0,Y,0,-,0,-,0,-,0,-,0,-
21,0.9959514170040485,G,0,-,0,-,0,-,0,-,0,-
22,0.9919354838709677,P,0,-,0,-,0,-,0,-,0,-
23,0.4798387096774194,D,0,-,0,-,0,-,0,-,0,-
24,0.967741935483871,Q,0,-,0.5,T,0,-,0.32894736842105265,Y,0.452,R
25,0.9678714859437751,R,0,-,0.7901785714285714,S,0.8596491228070176,L,0.9215686274509803,L,0.304,M
26,0.9879518072289156,A,0,-,0,-,0,-,0,-,0,-
27,0.9879518072289156,Q,0,-,0.9417040358744395,P,0.603448275862069,P,0.39869281045751637,A,0.4596774193548387,P
28,0.844,K,0,-,0,-,0,-,0,-,0,-
29,0.776,K,0,-,0,-,0,-,0,-,0,-
30,0.9959677419354839,G,0.520039100684262,G,1.0,G,0.9657142857142857,G,0.9738562091503268,G,1.0,G
31,1.0,D,0.4719452590420332,D,0.5067264573991032,D,0.8793103448275862,D,0.954248366013072,D,0.9402390438247012,D
32,1.0,I,0,-,0.9103139013452914,I,0.7126436781609196,Y,0.954248366013072,Y,0.6095617529880478,Y
33,0.7854251012145749,I,0,-,0.38839285714285715,I,0.5375722543352601,L,0.9411764705882353,L,0.3346613545816733,I
34,0.9959514170040485,L,0,-,0.9910714285714286,I,0.5290697674418605,L,0.7450980392156863,L,0.8127490039840638,L
35,1.0,G,0.4868035190615836,G,0.9864864864864865,G,0.8390804597701149,A,0.987012987012987,G,0.9920318725099602,G
36,1.0,G,0,-,0.9730941704035875,G,0.9482758620689655,G,0.9935064935064936,G,0.9960159362549801,G
37,1.0,L,0,-,0.9454545454545454,L,0.7257142857142858,L,0.9615384615384616,L,0.9721115537848606,L
38,1.0,F,0.460019550342131,F,0.9866666666666667,F,0.9431818181818182,F,0.9681528662420382,F,0.9723320158102767,F
39,1.0,P,0,-,0.7511111111111111,A,0.8171428571428572,P,0,-,0.9803149606299213,P
40,0.9271255060728745,I,0,-,0.6088888888888889,I,0.8305084745762712,L,0.7006369426751592,L,0.3821138211382114,L
41,1.0,H,0,-,0.9866666666666667,H,0.9217877094972067,H,0.9426751592356688,H,0.5836734693877551,G
42,0.9959677419354839,F,0,-,0,-,0,-,0,-,0,-
43,0.9879518072289156,G,0,-,0,-,0,-,0,-,0,-
44,0.9678714859437751,V,0,-,0,-,0,-,0,-,0,-
45,0.9116465863453815,A,0,-,0,-,0,-,0,-,0,-
46,0.7469879518072289,A,0,-,0,-,0,-,0,-,0,-
47,0.9879518072289156,K,0,-,0.8061224489795918,E,0.5,R,0,-,0.7868852459016393,R
48,0.9759036144578314,D,0,-,0.453125,E,0,-,0,-,0,-
49,0.9759036144578314,Q,0,-,0.5026178010471204,Y,0,-,0,-,0,-
50,0.9759036144578314,D,0,-,0,-,0,-,0,-,0,-
51,0.9959839357429718,L,0,-,0,-,0,-,0,-,0,-
52,0.7429718875502008,K,0,-,0,-,0,-,0,-,0,-
53,0.7782258064516129,S,0,-,0.4469026548672566,R,0,-,0.5512820512820513,Q,0.4939271255060729,T
54,0.9919354838709677,R,0,-,0.4642857142857143,R,0,-,0.6962025316455697,V,0.4489795918367347,E
55,0.9959677419354839,P,0.5380254154447703,P,0.9778761061946902,P,0.9661016949152542,P,0.98125,P,0.975609756097561,P
56,0.9799196787148594,E,0,-,0,-,0.5649717514124294,T,0,-,0.3861788617886179,I
57,0.9759036144578314,S,0,-,0,-,0,-,0,-,0.3821138211382114,V
58,0.7429718875502008,V,0,-,0,-,0,-,0,-,0,-
59,0.8433734939759037,E,0,-,0.4336283185840708,K,0.3707865168539326,L,0.37735849056603776,K,0,-
60,0.9959839357429718,C,0,-,0.9955947136563876,C,0.9662921348314607,C,0.9871794871794872,C,0.983739837398374,C
61,0.7540322580645161,I,0,-,0.9515418502202643,F,0.6557377049180327,F,0,-,0.4235294117647059,L
62,1.0,R,0,-,0.7973568281938326,E,0.8360655737704918,N,0.7261146496815286,K,0.4474708171206226,S
63,0.86,Y,0,-,0,-,0,-,0,-,0,-
64,1.0,N,0,-,0,-,0,-,0,-,0,-
65,1.0,F,0,-,0.7248908296943232,I,0,-,0,-,0,-
66,1.0,R,0,-,0.43231441048034935,S,0.3967391304347826,G,0.5606936416184971,V,0.2490272373540856,S
67,1.0,G,0,-,0.32894736842105265,V,0.9347826086956522,G,0.6763005780346821,G,0.9573643410852714,G
68,1.0,F,0,-,0.8728070175438597,F,0.7717391304347826,Y,0.9811320754716981,Y,0.9728682170542635,L
69,1.0,R,0.43642420877290394,Q,0.8991228070175439,Q,0.8913043478260869,H,0.610062893081761,N,0.3474903474903475,L
70,1.0,W,0,-,0,-,0.9184782608695652,L,0.6792452830188679,L,0.573076923076923,W
71,0.992,L,0,-,0.7017543859649122,T,0.5760869565217391,F,0.6226415094339622,M,0.8846153846153846,A
72,0.996,Q,0,-,0.9956140350877193,L,0.9782608695652174,Q,0.7169811320754716,Q,0.7692307692307693,L
73,0.96,A,0.48650122716116717,A,0.9824561403508771,A,0.9513513513513514,A,0.6705202312138728,A,0.5807692307692308,A
74,1.0,M,0.5841559098962288,M,0.9739130434782609,M,0.8638743455497382,M,0.9875776397515528,M,0.7992424242424242,M
75,0.9800796812749004,I,0.3090312815338042,I,0.9478260869565217,I,0,-,0,-,0,-
76,1.0,F,0.8909821652851042,F,0.9260869565217391,H,0.7486910994764397,F,0.9627329192546584,F,0.41132075471698115,M
77,1.0,A,0.8624591400553181,A,0.5173913043478261,A,0.4973544973544973,A,0.7361963190184049,A,0.8333333333333334,A
78,0.9920318725099602,I,0.6447236180904523,I,0.8565217391304348,I,0.5706806282722513,V,0.8957055214723927,V,0.688212927756654,V
79,0.9282868525896414,E,0.5730055193176117,E,0.9826086956521739,E,0.9267015706806283,E,0.9447852760736196,E,0.5095785440613027,D
80,0.9960159362549801,E,0.935871743486974,E,0.6060606060606061,M,0.900523560209424,E,0.8963414634146342,E,0.8091603053435115,E
81,1.0,I,0.9461152882205514,I,0.7792207792207793,I,0.9947643979057592,I,0.9570552147239264,I,0.9694656488549618,I
82,1.0,N,0.9817134268537074,N,0.9826839826839827,N,1.0,N,0.9754601226993865,N,1.0,N
83,0.7250996015936255,S,0,-,0.8268398268398268,N,0.9322916666666666,N,0.9024390243902439,N,0.6283524904214559,N
84,1.0,S,0.4422450513655725,N,0.974025974025974,S,0.7708333333333334,S,0.32098765432098764,S,0.3065134099616858,S
85,0.7658730158730159,P,0.3905740787164703,P,0.7229437229437229,T,0.6787564766839378,T,0.6975308641975309,S,0.5095785440613027,S
86,0.43253968253968256,A,0,-,0,-,0.3612565445026178,A,0.558282208588957,S,0.2988505747126437,T
87,0.9722222222222222,L,0.7714785214785215,L,0.8434782608695652,L,0.9895833333333334,L,0.9877300613496932,L,0.9769230769230769,L
88,1.0,L,0.9793532338308458,L,0.9782608695652174,L,1.0,L,0.9878048780487805,L,0.9846743295019157,L
89,0.9960159362549801,P,0.9250562078441169,P,0.6986899563318777,S,1.0,P,0.9815950920245399,P,0.9923371647509579,P
90,1.0,N,0.6923269182704324,N,0.8820960698689956,G,0.6979166666666666,N,0.5950920245398773,G,0.9808429118773946,G
91,0.6573705179282868,M,0.43773396556026956,I,0.6782608695652174,V,0.8125,V,0.8895705521472392,V,0.38697318007662834,L
92,0.9960159362549801,T,0.5069825436408978,T,0.4652173913043478,K,0.78125,T,0.5123456790123457,L,0.37786259541984735,R
93,1.0,L,0.9133799301048428,L,0.9956521739130435,L,1.0,L,0.99375,L,0.9885496183206107,L
94,1.0,G,0.9378601854171886,G,0.9956521739130435,G,0.9947916666666666,G,0.99375,G,0.9923371647509579,G
95,1.0,Y,0.6382073109664497,Y,0.9869565217391304,Y,0.9895833333333334,Y,0.99375,Y,0.8582375478927203,Y
96,0.9721115537848606,R,0,-,0.7913043478260869,E,0.4427083333333333,Q,0.9125,E,0.5984848484848485,D
97,0.9920318725099602,I,0.6004509018036072,I,0.9781659388646288,I,0.5233160621761658,L,0.5527950310559007,M,0.376425855513308,L
98,0.9960159362549801,F,0.5721105527638191,Y,0.8646288209606987,Y,0.8756476683937824,Y,0.7283950617283951,V,0.467680608365019,Y
99,1.0,D,0.7357553580763199,D,0.9956331877729258,D,0.9689119170984456,D,0.9876543209876543,D,0.9619771863117871,D
100,1.0,T,0.42599843382928737,S,0.8646288209606987,T,0.5129533678756477,V,0.4382716049382716,V,0.9049429657794676,T
101,1.0,C,0,-,0.9956331877729258,C,0.9896373056994818,C,0.9875776397515528,C,0.9961977186311787,C
102,1.0,N,0,-,0.4279475982532751,T,0.9175257731958762,S,0.7283950617283951,Y,0.4144486692015209,S
103,0.9960159362549801,T,0,-,0.7074235807860262,E,0.4690721649484536,E,0.24691358024691357,I,0.6463878326996197,E
104,1.0,V,0,-,0.9213973799126638,V,0.6326530612244898,S,0.5987654320987654,S,0.6920152091254753,P
105,1.0,S,0,-,0.925764192139738,T,0.9081632653061225,A,0.9836065573770492,N,0.43346007604562736,V
106,1.0,K,0,-,0.33624454148471616,V,0,-,0,-,0.779467680608365,V
107,0.9760956175298805,A,0,-,0.9780701754385965,A,0.6142131979695431,N,0.6069364161849711,N,0.532319391634981,A
108,1.0,L,0.3220805201300325,L,0.759825327510917,M,0.5404040404040404,V,0.5061728395061729,V,0.44106463878326996,M
109,1.0,E,0.27236874537835837,R,0.74235807860262,A,0.5583756345177665,Y,0.5617283950617284,Q,0.6121673003802282,K
110,1.0,A,0.34447174447174445,A,0.7117903930131004,A,0.9545454545454546,A,0.7469135802469136,P,0.9427480916030534,P
111,0.9482071713147411,T,0.44880923152467467,A,0.5021834061135371,A,0.8527918781725888,T,0.6211180124223602,V,0.6641221374045801,S
112,1.0,L,0.5208540218470705,L,0.7816593886462883,L,0.9746192893401016,L,0.8765432098765432,L,0.8931297709923665,L
113,1.0,S,0,-,0,-,0,-,0,-,0,-
114,1.0,F,0.7014961981849399,L,0.8558951965065502,F,0.35751295336787564,V,0.7407407407407407,F,0.916030534351145,F
115,1.0,V,0,-,0.7860262008733624,L,0.9842105263157894,L,0.7283950617283951,L,0.7900763358778626,L
116,1.0,A,0.3699106256206554,S,0.7117903930131004,S,0.4484536082474227,S,0.5398773006134969,A,0.5,T
117,1.0,Q,0,-,0.8994974874371859,K,0.36082474226804123,Q,0.4268292682926829,Q,0.40076335877862596,K
118,1.0,N,0,-,0.7807486631016043,F,0.33505154639175255,Q,0.4146341463414634,E,0.3244274809160305,A
119,1.0,K,0,-,0,-,0.612565445026178,G,0.782258064516129,D,0.5478927203065134,G
120,0.9960159362549801,I,0,-,0,-,0.40588235294117647,I,0.8943089430894309,I,0.6007604562737643,I
121,0.9960159362549801,D,0.37887396694214875,E,0,-,0.6242774566473989,E,0.6829268292682927,Q,0.42748091603053434,A
122,0.996031746031746,S,0,-,0,-,0,-,0,-,0,-
123,0.996031746031746,L,0,-,0,-,0,-,0,-,0,-
124,0.9880952380952381,N,0,-,0.9572192513368984,N,0.3795180722891566,D,0.8114754098360656,D,0.7748091603053435,N
125,1.0,L,0,-,0.45454545454545453,C,0,-,0,-,0,-
126,0.9841269841269841,D,0,-,0,-,0,-,0,-,0,-
127,0.9880478087649402,E,0,-,0,-,0,-,0,-,0,-
128,1.0,F,0,-,0.7300884955752213,F,0.32432432432432434,L,0.7345679012345679,Y,0.9847328244274809,Y
129,1.0,C,0,-,0,-,0,-,0,-,0,-
130,1.0,N,0,-,0.6457399103139013,K,0.2717391304347826,S,0.6172839506172839,S,0.9011406844106464,T
131,1.0,C,0.9606068020552972,C,0.9910313901345291,C,0,-,0,-,0,-
132,0.7768924302788844,S,0,-,0,-,0,-,0,-,0,-
133,0.6746031746031746,E,0,-,0,-,0,-,0,-,0,-
134,0.9442231075697212,H,0,-,0.5053191489361702,N,0.4,H,0.33125,N,0.4367816091954023,D
135,0.9840637450199203,I,0,-,0.8008849557522124,Y,0.6451612903225806,Y,0.7345679012345679,Y,0.9578544061302682,Y
136,1.0,P,0,-,0,-,0,-,0,-,0,-
137,0.9760956175298805,S,0,-,0.9383259911894273,S,0,-,0,-,0,-
138,1.0,T,0.43003663003663006,V,0.6434782608695652,V,0.49743589743589745,A,0.9570552147239264,V,0.8122605363984674,V
139,1.0,I,0,-,0.8130434782608695,K,0.6410256410256411,V,0.6871165644171779,V,0.41379310344827586,L
140,1.0,A,0.6253672869735554,A,0.9956521739130435,A,0.9128205128205128,A,0.9570552147239264,A,0.9808429118773946,A
141,1.0,V,0.4302612124199113,I,0.9521739130434783,V,0.8102564102564103,V,0.8641975308641975,V,0.9233716475095786,V
142,1.0,V,0.4706166868198307,I,0.7391304347826086,I,0.9591836734693877,I,0.7055214723926381,I,0.9540229885057471,I
143,1.0,G,0.5896383186705767,G,1.0,G,0.9897959183673469,G,0.9939759036144579,G,1.0,G
144,0.9880478087649402,A,0,-,0.7652173913043478,A,0.9744897959183674,P,0.8143712574850299,P,1.0,P
145,0.7928286852589641,T,0.3260172626387176,S,0.4608695652173913,S,0.923469387755102,D,0.6566265060240963,D,0.6153846153846154,H
146,1.0,G,0,-,0.8217391304347826,Y,0.5634517766497462,S,0.6024096385542169,N,0.5038461538461538,S
147,1.0,S,0.6355620867009552,S,1.0,S,0.5786802030456852,T,0.9454545454545454,S,0.9616858237547893,S
148,0.7848605577689243,G,0.45200098207709305,S,0.9782608695652174,E,0.3010204081632653,S,0.573170731707317,E,0.7241379310344828,E
149,0.5577689243027888,I,0,-,0.5782608695652174,I,0.28061224489795916,H,0.5121951219512195,S,0.6436781609195402,L
150,1.0,S,0.4402531029447554,S,0.6,S,0.6530612244897959,A,0.5493827160493827,T,0.4367816091954023,A
151,0.9960159362549801,T,0.4614624505928854,I,0.7347826086956522,M,0.29591836734693877,F,0.2654320987654321,M,0.5478927203065134,L
152,0.9920318725099602,A,0.384671355808877,S,0.9,A,0.8316326530612245,T,0.8518518518518519,T,0.6704980842911877,V
153,1.0,V,0.2440562833575934,I,0.9391304347826087,V,0.5663265306122449,T,0.9079754601226994,V,0.6666666666666666,T
154,1.0,A,0,-,0.7652173913043478,S,0.9743589743589743,A,0.9141104294478528,A,0.6848249027237354,G
155,0.9404761904761905,N,0,-,0.991304347826087,R,0.8051282051282052,A,0.37423312883435583,N,0.9609375,K
156,0.9960474308300395,L,0.3092281470659849,I,0.3826086956521739,M,0.6494845360824743,L,0.5644171779141104,F,0.6078431372549019,L
157,0.9762845849802372,L,0.6639084935507422,L,1.0,L,0.9948717948717949,L,0.7607361963190185,L,0.68359375,F
158,0.9881422924901185,G,0.6163950377037217,G,0.6017316017316018,N,0.5333333333333333,S,0.7423312883435583,S,0.5269230769230769,S
159,0.9920948616600791,L,0.4327386692381871,L,0.9696969696969697,L,0.48717948717948717,P,0.8466257668711656,L,0.9,F
160,0.996031746031746,F,0,-,0,-,0,-,0,-,0,-
161,0.9761904761904762,Y,0.4521174205967276,F,0,-,0.7346938775510204,F,0.926829268292683,F,0.9616858237547893,F
162,0.9920634920634921,I,0.4273939393939394,I,0.6190476190476191,I,0.6313131313131313,V,0.6134969325153374,L,0.6297709923664122,M
163,0.9920634920634921,P,0.9522533495736906,P,0.9741379310344828,P,1.0,P,0.9939024390243902,P,0.9808429118773946,P
164,0.996031746031746,Q,0.5338401177047573,Q,0.9568965517241379,Q,0.4393939393939394,L,0.7333333333333333,Q,0.9272030651340997,Q
165,0.7817460317460317,V,0.43263473053892215,V,0.7801724137931034,V,0.8542713567839196,I,0.7080745341614907,I,0.6704980842911877,V
166,1.0,S,0,-,0.8836206896551724,S,0.9949748743718593,S,0.6956521739130435,T,0.9961685823754789,S
167,1.0,Y,0.47035276457343006,F,0.6163793103448276,Y,0.9698492462311558,Y,0.9751552795031055,Y,0.950381679389313,Y
168,0.996031746031746,A,0.4446397188049209,A,0.9783549783549783,S,0.9597989949748744,A,0.9254658385093167,A,0.9693486590038314,A
169,1.0,S,0.4958594730238394,T,0.6536796536796536,T,0.8844221105527639,S,0.6149068322981367,I,0.6053639846743295,S
170,1.0,S,0.3051230537418383,A,0.987012987012987,A,0.5678391959798995,S,0.7639751552795031,S,0.5402298850574713,S
171,0.996031746031746,S,0,-,0.8008658008658008,E,0.5505050505050505,E,0.6335403726708074,D,0.6360153256704981,D
172,1.0,R,0,-,0,-,0,-,0,-,0,-
173,1.0,L,0.4039100684261975,C,0.9177489177489178,I,0.32663316582914576,M,0.33540372670807456,E,0.3716475095785441,K
174,1.0,L,0.8560379241516967,L,0.9956709956709957,L,0.9748743718592965,L,0.7888198757763976,L,0.6615384615384615,L
175,1.0,S,0.7491889193910657,S,1.0,S,0.8140703517587939,S,0.5705128205128205,R,0.9692307692307692,S
176,1.0,N,0.6856429463171037,D,0.9956709956709957,D,0.2828282828282828,N,0.5705128205128205,D,0.43846153846153846,N
177,0.9722222222222222,K,0.4032418952618454,K,1.0,K,0.9242424242424242,K,0.8846153846153846,K,0.4230769230769231,R
178,0.9920634920634921,N,0,-,0.7186147186147186,I,0.5808080808080808,R,0.33974358974358976,Q,0.6423076923076924,E
179,0.9722222222222222,Q,0.411144578313253,Q,0.9523809523809523,R,0.3756345177664975,L,0.5341614906832298,R,0.3938223938223938,L
180,0.7301587301587301,F,0.48572138068040727,F,0.9783549783549783,F,0.9292929292929293,Y,0.8757763975155279,F,0.5153846153846153,Y
181,0.996031746031746,K,0.8539800995024875,P,1.0,P,0.9949748743718593,P,0.9937888198757764,P,0.9923076923076923,P
182,0.996031746031746,S,0.5882352941176471,S,0.7922077922077922,S,0.8994974874371859,S,0.5925925925925926,A,0.9807692307692307,S
183,1.0,F,0.6881347535298489,F,0.9913419913419913,F,0.9899497487437185,F,0.3128834355828221,L,1.0,F
184,0.7777777777777778,L,0.44598957039980136,F,0.6406926406926406,L,0.7386934673366834,L,0.8895705521472392,L,0.6640926640926641,F
185,1.0,R,0.677882236516576,R,0.9523809523809523,R,0.964824120603015,R,0.9691358024691358,R,0.9923076923076923,R
186,0.996031746031746,T,0.6353374233128835,T,0.9826839826839827,T,0.9849246231155779,T,0.9444444444444444,T,0.9885057471264368,T
187,0.9880952380952381,I,0.464068209500609,I,0.6753246753246753,V,0.9547738693467337,I,0.3765432098765432,V,0.9501915708812261,V
188,1.0,P,0.8134601316752011,P,0.974025974025974,P,0.9195979899497487,P,0.7839506172839507,P,0.9195402298850575,P
189,0.7817460317460317,N,0.6075702075702075,S,0.8528138528138528,S,0.864321608040201,S,0.41358024691358025,S,0.9310344827586207,S
190,1.0,D,0.8162403774521977,D,0.9956709956709957,D,0.9849246231155779,D,0.6234567901234568,A,0.9731800766283525,D
191,0.996031746031746,E,0,-,0.7489177489177489,F,0.6130653266331658,K,0.5617283950617284,D,0.4827586206896552,K
192,0.7976190476190477,H,0,-,0.5739130434782609,Y,0.2964824120603015,N,0.8780487804878049,H,0.38697318007662834,V
193,1.0,Q,0.7026827467388629,Q,1.0,Q,0.9949748743718593,Q,0.6097560975609756,H,0.7931034482758621,Q
194,0.9920634920634921,A,0,-,0.9004329004329005,T,0.9848484848484849,V,0.6504065040650406,I,0.5692307692307692,V
195,0.9444444444444444,T,0,-,0.4935064935064935,K,0.46733668341708545,E,0.8536585365853658,E,0.3769230769230769,E
196,0.9920634920634921,A,0.6699290433080499,A,0.9826839826839827,A,0.49246231155778897,A,0.7098765432098766,A,0.8538461538461538,A
197,0.9880952380952381,M,0.4197410212558026,L,0.9826839826839827,M,0.592964824120603,M,0.6234567901234568,M,0.4423076923076923,M
198,1.0,A,0.43806498900561935,A,0.6666666666666666,A,0.5326633165829145,V,0.7654320987654321,V,0.7230769230769231,V
199,0.9404761904761905,D,0.38705738705738707,Q,0.6147186147186147,H,0.6030150753768844,L,0.6024844720496895,Q,0.3192307692307692,E
200,0.9800796812749004,I,0.7823013164310093,L,0.9956709956709957,L,0.9095477386934674,L,0.6728395061728395,L,0.9807692307692307,L
201,0.9682539682539683,I,0.39458932488423104,V,0.7965367965367965,I,0.9447236180904522,L,0.5864197530864198,M,0.7846153846153846,L
202,0.9087301587301587,E,0.42188642456738973,K,0.3939393939393939,Q,0.592964824120603,Q,0.6,L,0.34108527131782945,Q
203,0.8888888888888888,Y,0.6876371616678859,H,0.42857142857142855,K,0.507537688442211,R,0.7098765432098766,H,0.416988416988417,E
204,1.0,F,0.9312362838332114,F,0.8441558441558441,S,0.9798994974874372,F,0.9506172839506173,F,0.8301158301158301,F
205,0.75,R,0.5953136441298511,G,0.8008658008658008,G,0.6130653266331658,G,0.4601226993865031,R,0.5423076923076923,G
206,1.0,W,0.991953182150695,W,0.987012987012987,W,1.0,W,0.9754601226993865,W,1.0,W
207,0.996031746031746,N,0.65087890625,T,0.8458149779735683,N,0.51010101010101,T,0.7469135802469136,N,0.9230769230769231,N
208,1.0,W,0.9921817737600782,W,0.9826839826839827,W,1.0,W,1.0,W,0.9961538461538462,W
209,1.0,V,0.6404604457506735,V,0.7575757575757576,I,0.7373737373737373,I,0.6481481481481481,I,0.7615384615384615,V
210,0.7777777777777778,G,0.9549571603427173,G,0.9956709956709957,G,0.507537688442211,S,0.4074074074074074,I,0.926923076923077,A
211,0.7777777777777778,T,0.39784419402253796,L,0.4935064935064935,I,0.7587939698492462,L,0.6481481481481481,V,0.4247104247104247,A
212,0.8214285714285714,I,0.3374908290535583,V,0.8398268398268398,I,0.5326633165829145,V,0.9753086419753086,L,0.5096525096525096,V
213,1.0,A,0,-,0.48917748917748916,T,0.9597989949748744,G,0.4876543209876543,V,0.9459459459459459,G
214,0.7777777777777778,A,0.4670126019273536,S,0.9567099567099567,T,0.949748743718593,S,0.8580246913580247,S,0.972972972972973,S
215,1.0,D,0.6731145935357493,D,1.0,D,0.592964824120603,D,0.32098765432098764,S,0.7961538461538461,D
216,1.0,D,0.513606276048051,D,0.8051948051948052,D,0.44221105527638194,N,0.8333333333333334,D,0.7461538461538462,D
217,0.8611111111111112,D,0.6727851199216838,D,0.948051948051948,D,0.6180904522613065,D,0.7283950617283951,D,0.842911877394636,E
218,1.0,Y,0.601029916625797,Y,0.6939655172413793,Y,0.98989898989899,Y,0.9259259259259259,Y,0.9884615384615385,Y
219,1.0,G,0.9036261864200535,G,0.9913793103448276,G,0.98989898989899,G,1.0,G,0.9807692307692307,G
220,1.0,R,0.28326390590541534,N,0.9506726457399103,R,0.3939393939393939,Q,0.6851851851851852,R,0.6896551724137931,R
221,1.0,P,0,-,0.43243243243243246,L,0.41116751269035534,L,0.5864197530864198,D,0.4827586206896552,Q
222,0.996031746031746,G,0.4332191780821918,G,0.9864864864864865,A,0.9390862944162437,G,0.691358024691358,N,0.7777777777777778,G
223,0.996031746031746,I,0.2693339838985118,L,0.8874458874458875,L,0.40609137055837563,V,0.4444444444444444,S,0.4576923076923077,L
224,0.996031746031746,E,0.2657087189478812,Q,0.4155844155844156,E,0.6802030456852792,Q,0.5740740740740741,Q,0.3590733590733591,S
225,0.996031746031746,K,0,-,0.4805194805194805,S,0.5431472081218274,A,0.8703703703703703,L,0.42857142857142855,L
226,1.0,F,0.5261754726126999,F,0.9696969696969697,F,0.9898477157360406,L,0.7345679012345679,L,0.9613899613899614,F
227,0.7777777777777778,R,0,-,0.4025974025974026,V,0.4898989898989899,E,0.3271604938271605,S,0.6795366795366795,S
228,0.7777777777777778,E,0.30756180319922444,E,0.9008620689655172,Q,0.3484848484848485,E,0.23684210526315788,E,0.4594594594594595,S
229,1.0,E,0.4091239990293618,E,0.6982758620689655,A,0.5656565656565656,Q,0.6381578947368421,R,0.555984555984556,L
230,0.753968253968254,A,0.2684758904773443,A,0.35344827586206895,M,0.7272727272727273,A,0.6644736842105263,L,0.915057915057915,A
231,0.9404761904761905,E,0,-,0.7359307359307359,A,0,-,0,-,0,-
232,0.9484126984126984,E,0,-,0,-,0.5656565656565656,T,0.5679012345679012,A,0.2548262548262548,N
233,1.0,R,0.2551943290149108,K,0,-,0.23737373737373738,Q,0.2360248447204969,R,0.33204633204633205,N
234,0.9682539682539683,D,0,-,0.7229437229437229,N,0.3939393939393939,Q,0,-,0.28957528957528955,R
235,0.996031746031746,I,0.45543825190277437,I,0.7758620689655172,V,0.8333333333333334,I,0.9320987654320988,I,0.8378378378378378,I
236,1.0,C,0.9909246995339711,C,0.9956896551724138,C,1.0,C,0.9938271604938271,C,1.0,C
237,0.9920634920634921,I,0.40888998035363455,V,0.8043478260869565,I,0.700507614213198,I,0.6604938271604939,I,0.6307692307692307,I
238,0.8174603174603174,D,0.5668962124938515,A,0.9913419913419913,A,0.9390862944162437,A,0.9814814814814815,A,0.9769230769230769,A
239,0.7777777777777778,F,0.5326435082532643,F,0.9826839826839827,F,0.5228426395939086,Y,0.7037037037037037,F,0.444015444015444,Y
240,0.7896825396825397,S,0.34988713318284426,S,0.9004329004329005,K,0.45454545454545453,K,0.6790123456790124,Q,0.7258687258687259,E
241,0.9444444444444444,E,0.5458657954259865,E,0.8787878787878788,E,0.5353535353535354,G,0.7469135802469136,E,0.8769230769230769,G
242,0.996031746031746,L,0,-,0.43478260869565216,V,0.6161616161616161,I,0.3987730061349693,T,0.8992248062015504,L
243,1.0,I,0.364753070945099,I,0.9,L,0.5555555555555556,I,0.9032258064516129,L,0.5813953488372093,I
244,0.9761904761904762,S,0.4467233616808404,P,0.987012987012987,P,0.949748743718593,P,1.0,P,0.9728682170542635,P
245,1.0,Q,0,-,0.7629310344827587,A,0,-,0.5284552845528455,T,0.3671875,L
246,1.0,Y,0,-,0.45021645021645024,F,0,-,0.7560975609756098,P,0.3127413127413127,Y
247,0.7341269841269841,S,0,-,0.8917748917748918,L,0,-,0.7398373983739838,Q,0.2364341085271318,R
248,0.75,D,0,-,0.8232758620689655,S,0,-,0.8130081300813008,P,0,-
249,0.8253968253968254,E,0,-,0.47413793103448276,E,0.44387755102040816,D,0.453416149068323,R,0.35546875,L
250,0.6944444444444444,E,0,-,0.375,V,0.33163265306122447,E,0.2732919254658385,Q,0.3553113553113553,G
251,0.8968253968253969,E,0,-,0.4224137931034483,R,0.38071065989847713,R,0.5214723926380368,R,0,-
252,0.9801587301587301,I,0,-,0.6293103448275862,I,0.7614213197969543,M,0.6748466257668712,L,0.5482625482625483,V
253,0.8174603174603174,Q,0,-,0.5560344827586207,N,0.45685279187817257,Q,0.3006134969325153,E,0.3127413127413127,Q
254,0.6111111111111112,Q,0,-,0.5431034482758621,Q,0.3248730964467005,N,0.3312883435582822,A,0.31007751937984496,D
255,0.7698412698412699,V,0.5062860136196962,I,0.521551724137931,T,0.6142131979695431,M,0.7914110429447853,I,0.34108527131782945,I
256,0.8134920634920635,V,0.33730878921441537,V,0.4870689655172414,L,0.4846938775510204,V,0.558282208588957,V,0.5232558139534884,L
257,0.7182539682539683,E,0,-,0.7336244541484717,E,0.40512820512820513,R,0.3803680981595092,D,0.24031007751937986,H
258,0.7658730158730159,V,0,-,0.7056277056277056,K,0.28061224489795916,H,0.6809815950920245,K,0.35658914728682173,Q
259,1.0,I,0.4295210166177908,I,0.9090909090909091,I,0.6868686868686869,L,0.7300613496932515,L,0.5852713178294574,I
260,0.7817460317460317,Q,0,-,0.36363636363636365,K,0.3686868686868687,A,0.532258064516129,Q,0.6821705426356589,N
261,0.9920634920634921,N,0,-,0.7922077922077922,E,0.3299492385786802,Q,0.5460122699386503,Q,0.3682170542635659,Q
262,1.0,S,0.8389830508474576,S,0.39565217391304347,T,0.47474747474747475,A,0.6625766871165644,S,0.45348837209302323,T
263,0.9087301587301587,T,0.5684263197398048,T,0.33043478260869563,Q,0.43434343434343436,R,0.4723926380368098,T,0.34108527131782945,K
264,0.9880952380952381,A,0.6680010007505629,A,0.9688888888888889,V,0.47474747474747475,V,0.75,A,0.937984496124031,V
265,0.7420634920634921,K,0.28807701802024194,K,0.8392857142857143,N,0.5,T,0.6219512195121951,R,0.3682170542635659,Q
266,1.0,V,0.887815750371471,V,0.9821428571428571,V,0.7222222222222222,V,0.7865853658536586,V,0.8643410852713178,V
267,1.0,I,0.4447479513285324,I,0.84375,I,0.5,V,0.725609756097561,V,0.7558139534883721,V
268,0.9523809523809523,V,0.5053416149068323,V,0.9821428571428571,V,0.9090909090909091,V,0.6524390243902439,V,0.8449612403100775,V
269,0.9920634920634921,V,0.29731075697211157,A,0.7802690582959642,V,0.9343434343434344,V,0.7621951219512195,V,0.6126482213438735,L
270,1.0,F,0.5762922465208747,F,1.0,F,0.9141414141414141,F,0.823170731707317,F,0.9883720930232558,F
271,0.7817460317460317,S,0,-,0.48878923766816146,L,0.8535353535353535,S,0.7012195121951219,S,0.50390625,A
272,0.9642857142857143,S,0,-,0.7623318385650224,R,0.47474747474747475,S,0.8353658536585366,P,0.437984496124031,S
273,0.9722222222222222,G,0,-,0.7219730941704036,F,0.4090909090909091,Q,0.7317073170731707,L,0.2713178294573643,R
274,1.0,P,0,-,0.852017937219731,H,0.4444444444444444,L,0.36585365853658536,T,0.4186046511627907,A
275,0.9960474308300395,D,0.33014354066985646,D,0.7847533632286996,V,0.7222222222222222,A,0.7439024390243902,L,0.7713178294573644,A
276,0.7786561264822134,L,0.324974924774323,M,0.42152466367713004,F,0.5151515151515151,R,0.40853658536585363,H,0.2596899224806202,R
277,0.9960474308300395,E,0,-,0,-,0,-,0,-,0,-
278,1.0,P,0,-,0.30493273542600896,K,0.51010101010101,V,0.5304878048780488,N,0.4496124031007752,A
279,0.9960474308300395,L,0.403128054740958,L,0.9775784753363229,L,0.9696969696969697,F,0.7560975609756098,F,0.6550387596899225,L
280,0.9603174603174603,I,0,-,0.8878923766816144,F,0.8939393939393939,F,0.7560975609756098,F,0.7209302325581395,F
281,0.9761904761904762,K,0,-,0.2645739910313901,K,0.5353535353535354,E,0.2926829268292683,R,0.3062015503875969,S
282,0.996031746031746,E,0.4005865102639296,E,0.8026905829596412,K,0.48484848484848486,S,0.6890243902439024,E,0.3798449612403101,Y
283,0.7857142857142857,I,0,-,0,-,0.9646464646464646,V,0.6951219512195121,V,0.573076923076923,S
284,0.9761904761904762,V,0.4330448065173116,L,0,-,0.6717171717171717,V,0.6524390243902439,L,0.926923076923077,I
285,0.9285714285714286,R,0,-,0.7757847533632287,E,0.5050505050505051,L,0.654320987654321,R,0.47692307692307695,R
286,0.9841269841269841,R,0,-,0.697560975609756,R,0.47474747474747475,A,0.5609756097560976,Q,0.21153846153846154,M
287,1.0,N,0.3796676441837732,N,0.8768472906403941,N,0.7828282828282829,N,0.9512195121951219,N,0.3269230769230769,G
288,0.9365079365079365,I,0,-,0,-,0,-,0,-,0,-
289,0.9920634920634921,T,0.4355816226783969,T,0,-,0,-,0,-,0,-
290,0.7777777777777778,G,0,-,0.7751196172248804,N,0.5707070707070707,G,0.6158536585365854,G,0.358974358974359,P
291,0.6349206349206349,R,0.3116687578419072,K,0.8654708520179372,K,0.8282828282828283,K,0.3619631901840491,A,0.6615384615384615,K
292,0.9404761904761905,I,0.5200702458605118,Q,0.515695067264574,I,1.0,V,0.9938650306748467,V,0.9808429118773946,V
293,1.0,W,0.8761904761904762,W,0.9955156950672646,W,0.9949494949494949,W,0.9753086419753086,W,0.9961685823754789,W
294,0.9920634920634921,L,0.5433366733466933,I,0.8161434977578476,I,0.6363636363636364,I,0.9074074074074074,I,0.5363984674329502,V
295,1.0,A,0,-,0.9954954954954955,A,0.5202020202020202,A,0.9691358024691358,A,0.6590038314176245,A
296,1.0,S,0.6787681522283425,S,0.9954954954954955,S,0.601010101010101,S,0.6956521739130435,S,0.7164750957854407,S
297,1.0,E,0.5902585990459452,E,0.9909502262443439,D,0.9747474747474747,E,0.7530864197530864,E,0.6269230769230769,E
298,1.0,A,0,-,0.8080357142857143,N,0.8131313131313131,D,0.654320987654321,S,0.6807692307692308,A
299,1.0,W,0.8056537102473498,W,1.0,W,1.0,W,1.0,W,1.0,W
300,1.0,A,0,-,0.9821428571428571,S,0.4619289340101523,S,0.7055214723926381,A,0.4521072796934866,L
301,0.9206349206349206,S,0,-,0.5555555555555556,T,0.41919191919191917,I,0.6380368098159509,I,0.3563218390804598,T
302,0.9801587301587301,S,0,-,0.7111111111111111,T,0.32663316582914576,G,0.5521472392638037,N,0.4521072796934866,S
303,1.0,S,0,-,0.7321428571428571,I,0.5778894472361809,V,0.5144508670520231,L,0.6973180076628352,L
304,1.0,L,0,-,0.78125,N,0.9545454545454546,G,0.5379746835443038,E,0.4389312977099237,N
305,0.9246031746031746,I,0.41233342043376014,L,0.44642857142857145,I,0.9646464646464646,I,0.6392405063291139,L,0.6183206106870229,I
306,1.0,A,0,-,0.4732142857142857,K,0.5279187817258884,Q,0.5886075949367089,R,0.29770992366412213,Q
307,0.7549407114624506,M,0,-,0.25892857142857145,R,0.34517766497461927,G,0.33544303797468356,H,0.26717557251908397,S
308,0.9960474308300395,P,0,-,0,-,0,-,0,-,0,-
309,0.9365079365079365,E,0,-,0,-,0,-,0,-,0,-
310,0.6666666666666666,Y,0,-,0,-,0,-,0,-,0,-
311,0.7857142857142857,F,0,-,0,-,0,-,0,-,0,-
312,0.5357142857142857,H,0,-,0,-,0,-,0,-,0,-
313,0.996031746031746,V,0,-,0,-,0,-,0,-,0,-
314,0.601593625498008,V,0.5816031537450723,L,0,-,0,-,0,-,0,-
315,0.8611111111111112,G,0,-,0,-,0,-,0,-,0,-
316,0.7579365079365079,G,0.9554013875123885,G,0.9822222222222222,G,0.9848484848484849,G,1.0,G,0.9961685823754789,G
317,1.0,T,0.3755891838253535,T,0.7633928571428571,V,0.7373737373737373,T,0.9874213836477987,T,0.9923371647509579,T
318,0.9881422924901185,I,0.5133928571428571,L,0.8888888888888888,V,0.6464646464646465,L,0.9325153374233128,L,0.7088122605363985,L
319,0.9960629921259843,G,0.6312003968253969,G,0.9955357142857143,G,0.9949494949494949,G,0.9631901840490797,G,0.8620689655172413,G
320,0.9881889763779528,F,0.6324002972504335,F,0.9955357142857143,F,0.6919191919191919,V,0.4785276073619632,I,0.9655172413793104,F
321,0.857707509881423,A,0.4562794154074808,A,0.5044642857142857,T,0.5829145728643216,A,0.6380368098159509,T,0.41762452107279696,L
322,1.0,L,0,-,0.9775784753363229,F,0.6030150753768844,I,0.34355828220858897,T,0.28735632183908044,Q
323,0.83399209486166,K,0.27927704877444914,H,0.5892857142857143,K,0.42424242424242425,Q,0.5670731707317073,Q,0.38697318007662834,K
324,0.9683794466403162,A,0,-,0.4419642857142857,R,0.39593908629441626,Q,0.3780487804878049,S,0.44061302681992337,G
325,0.9960474308300395,G,0,-,0.9241071428571429,G,0.4619289340101523,R,0.6463414634146342,V,0.3524904214559387,A
326,0.766798418972332,Q,0.36711711711711714,E,0.6919642857142857,N,0.18781725888324874,L,0.6693548387096774,P,0.3563218390804598,T
327,0.9920634920634921,I,0.6702943358891912,I,0.36160714285714285,I,0.4444444444444444,V,0.8841463414634146,I,0.524904214559387,L
328,0.9920634920634921,P,0.5395061728395062,P,0.8348214285714286,S,0.6212121212121212,P,0.9754601226993865,P,0.5823754789272031,P
329,0.9920634920634921,G,0.8266139005688845,G,0.5580357142857143,S,0.8080808080808081,G,0.9329268292682927,G,0.28735632183908044,L
330,1.0,F,0.4830989390574883,F,0.9821428571428571,F,0.6802030456852792,L,0.9685534591194969,F,0.8153846153846154,F
331,0.8968253968253969,R,0.29286239882266374,R,0.5892857142857143,H,0.5126903553299492,K,0.779874213836478,S,0.2423076923076923,S
332,0.9166666666666666,E,0.3162539838195636,E,0.4107142857142857,S,0.5,E,0.6226415094339622,E,0.2,S
333,0.996031746031746,F,0.8378709835663478,F,0.7767857142857143,F,0.9487179487179487,F,0.9811320754716981,F,0.9727626459143969,Y
334,1.0,L,0.6670752635449865,L,0.9776785714285714,L,0,-,0.7215189873417721,R,0,-
335,0.8650793650793651,Q,0.3731305449936629,L,0.42857142857142855,Q,0.8917525773195877,E,0,-,0.2,A
336,0.7619047619047619,K,0,-,0.71875,N,0.49740932642487046,E,0,-,0.3764705882352941,T
337,0.996031746031746,V,0.3119570771589167,L,0.9821428571428571,L,0.5129533678756477,A,0,-,0.5568627450980392,L
338,0.8174603174603174,H,0,-,0.6681614349775785,H,0.3507853403141361,D,0.4161849710982659,Q,0.4246031746031746,A
339,0.9920634920634921,P,0.8793893129770992,P,0.875,P,0,-,0.5375722543352601,P,0.4246031746031746,P
340,0.5140562248995983,K,0,-,0.32142857142857145,S,0,-,0.34,A,0.4743083003952569,A
341,0.9246031746031746,K,0,-,0,-,0,-,0.47019867549668876,R,0.41365461847389556,A
342,0.8412698412698413,S,0,-,0,-,0,-,0.48717948717948717,T,0.45161290322580644,S
343,0.4007936507936508,V,0,-,0,-,0,-,0.4508670520231214,S,0.46502057613168724,L
344,0.6733067729083665,H,0,-,0.5044642857142857,D,0,-,0,-,0.19047619047619047,R
345,0.996031746031746,N,0.436036036036036,D,0.9553571428571429,N,0.37894736842105264,W,0,-,0.23622047244094488,N
346,0.7857142857142857,G,0,-,0.7288888888888889,K,0.521505376344086,S,0.6918238993710691,T,0.35177865612648224,G
347,1.0,F,0.3303480040941658,F,0.5333333333333333,F,0,-,0,-,0,-
348,0.7182539682539683,A,0.475482912332838,L,0.9555555555555556,L,0.40860215053763443,S,0.6878612716763006,C,0.48095238095238096,L
349,0.7738095238095238,K,0,-,0.3169642857142857,H,0.6270270270270271,N,0.6763005780346821,N,0.4976303317535545,E
350,1.0,E,0.3764910536779324,E,0.9553571428571429,E,0.7076923076923077,Q,0.7647058823529411,Q,0,-
351,1.0,F,0.7003475670307845,F,0.7366071428571429,Y,0,-,0,-,0,-
352,1.0,W,0.9462686567164179,W,0,-,0,-,0,-,0,-
353,0.996031746031746,E,0.6560477849676456,E,0,-,0,-,0,-,0,-
354,1.0,E,0,-,0,-,0,-,0,-,0,-
355,1.0,T,0,-,0.5866666666666667,M,0,-,0,-,0.5271317829457365,V
356,1.0,F,0.9351828499369483,F,0.85,L,0,-,0,-,0.35019455252918286,V
357,0.9920634920634921,N,0,-,0.5418994413407822,A,0.3952380952380952,L,0.6125,E,0.4827586206896552,R
358,1.0,C,0.9767441860465116,C,0.9888268156424581,C,0.6428571428571429,C,0.94375,C,0.9961685823754789,C
359,0.5198412698412699,Y,0.3760330578512397,S,0.601123595505618,H,0,-,0,-,0,-
360,0.9920634920634921,L,0.386892177589852,F,0.43258426966292135,V,0,-,0,-,0,-
361,0.45849802371541504,Q,0,-,0.5168539325842697,K,0,-,0,-,0,-
362,0.4980237154150198,E,0,-,0.5642458100558659,D,0,-,0,-,0,-
363,0.7233201581027668,G,0,-,0.36312849162011174,S,0,-,0,-,0,-
364,0.38735177865612647,A,0,-,0.9333333333333333,D,0,-,0,-,0,-
365,0.9846938775510204,K,0,-,0,-,0,-,0,-,0,-
366,0.6051282051282051,G,0,-,0,-,0,-,0,-,0,-
367,0.5948717948717949,P,0,-,0,-,0,-,0,-,0,-
368,0.5906735751295337,L,0,-,0,-,0,-,0,-,0,-
369,0.49740932642487046,P,0,-,0,-,0,-,0,-,0,-
370,0,-,0,-,0,-,0,-,0,-,0,-
371,0.5947368421052631,D,0,-,0,-,0,-,0,-,0,-
372,0.5154639175257731,T,0,-,0,-,0,-,0,-,0,-
373,0.9329896907216495,F,0,-,0,-,0,-,0,-,0,-
374,0.5515463917525774,L,0,-,0,-,0,-,0,-,0,-
375,0.66,R,0,-,0,-,0,-,0,-,0,-
376,0.612,G,0,-,0,-,0,-,0,-,0,-
377,0.672,H,0,-,0,-,0,-,0,-,0,-
378,0.8755020080321285,E,0,-,0,-,0,-,0,-,0,-
379,0.72,E,0,-,0,-,0,-,0,-,0,-
380,0.5983606557377049,G,0,-,0,-,0,-,0,-,0,-
381,0.5876288659793815,G,0,-,0,-,0,-,0,-,0,-
382,0.6649746192893401,G,0,-,0,-,0,-,0,-,0,-
383,0,-,0,-,0,-,0,-,0,-,0,-
384,0,-,0,-,0,-,0,-,0,-,0,-
385,0.5492227979274611,S,0,-,0,-,0,-,0,-,0,-
386,0.9795081967213115,N,0,-,0,-,0,-,0,-,0,-
387,0.504,S,0,-,0,-,0,-,0,-,0,-
388,0.6825396825396826,S,0,-,0,-,0,-,0,-,0,-
389,0.6733067729083665,T,0,-,0,-,0,-,0,-,0,-
390,0.6774193548387096,A,0,-,0,-,0,-,0,-,0,-
391,0.956,F,0,-,0,-,0,-,0,-,0,-
392,0.9840637450199203,R,0,-,0,-,0,-,0,-,0,-
393,0.9721115537848606,P,0,-,0.5360824742268041,S,0.38578680203045684,R,0.6589595375722543,D,0.7175572519083969,P
394,0.6892430278884463,L,0,-,0.4479166666666667,Q,0.43147208121827413,E,0.35403726708074534,T,0.7404580152671756,Q
395,1.0,C,0.9612154150197628,C,0.9222797927461139,C,0.9847715736040609,C,0.9937888198757764,C,0.9885057471264368,C
396,0.9642857142857143,T,0.4877323420074349,T,0.874439461883408,S,0,-,0.7,T,0.573076923076923,S
397,0.996031746031746,G,0.7045903257650543,G,0,-,0,-,0,-,0,-
398,0.6111111111111112,D,0,-,0.6742081447963801,Q,0,-,0,-,0,-
399,1.0,E,0.7249816491313922,E,0.29207920792079206,G,0,-,0.39263803680981596,E,0.23371647509578544,Q
400,0.7777777777777778,N,0.3106915154487494,D,0.4039408866995074,T,0,-,0.5950920245398773,S,0.7088122605363985,N
401,0.9841269841269841,I,0.7725141870219591,L,0.8309178743961353,L,0,-,0.6134969325153374,F,0.40229885057471265,I
402,0.45634920634920634,S,0,-,0.38164251207729466,K,0,-,0,-,0,-
403,0.9365079365079365,S,0,-,0.47752808988764045,N,0,-,0.5828220858895705,N,0.7241379310344828,S
404,0.9722222222222222,V,0.49361702127659574,L,0.9866071428571429,L,0.5076142131979695,F,0.926829268292683,L,0.6590038314176245,L
405,0.996031746031746,E,0,-,0,-,0,-,0,-,0,-
406,1.0,T,0,-,0,-,0,-,0,-,0,-
407,0.9920634920634921,P,0,-,0,-,0,-,0,-,0,-
408,1.0,Y,0.36783596837944665,F,0,-,0,-,0,-,0,-
409,0.6428571428571429,M,0,-,0.38839285714285715,T,0,-,0.7484276729559748,G,0,-
410,0.996031746031746,D,0.6842501883948756,D,0.7822222222222223,E,0,-,0.65,E,0,-
411,0.9444444444444444,Y,0.2999244522790229,V,0.7410714285714286,P,0.5962732919254659,M,0,-,0,-
412,0.9285714285714286,T,0.7270277553220156,S,0,-,0,-,0,-,0,-
413,1.0,H,0,-,0,-,0.49504950495049505,S,0,-,0.34099616858237547,L
414,0.9920634920634921,L,0,-,0,-,0.5544554455445545,M,0,-,0.4521072796934866,H
415,1.0,R,0,-,0,-,0.49504950495049505,S,0.6647398843930635,R,0.3816793893129771,H
416,1.0,I,0,-,0,-,0.6831683168316832,S,0.5202312138728323,V,0.549618320610687,Q
417,0.996031746031746,S,0,-,0,-,0.5572139303482587,A,0.546583850931677,V,0.32061068702290074,T
418,1.0,Y,0.6109172482552343,Y,0,-,0.5643564356435643,Y,0.6226415094339622,Y,0.7480916030534351,F
419,1.0,N,0.6263380632312671,N,0,-,0.9054726368159204,N,0.5279503105590062,S,0.3682170542635659,A
420,0.9603174603174603,V,0.5943234646439931,V,0.5982142857142857,I,0.6732673267326733,V,0.9751552795031055,V,0.6704980842911877,V
421,1.0,Y,0.9393197944702716,Y,0.6977777777777778,H,0.9851485148514851,Y,0.9813664596273292,Y,0.8888888888888888,Y
422,0.7777777777777778,L,0,-,0,-,0,-,0,-,0,-
423,0.996031746031746,A,0.8365056124938994,A,0.9821428571428571,A,1.0,A,0.8944099378881988,A,0.9846743295019157,A
424,1.0,V,0.8893492566414818,V,0.9375,V,0.9801980198019802,V,0.968944099378882,V,0.8620689655172413,V
425,0.9801587301587301,Y,0.8955441928414901,Y,0.3080357142857143,F,0.9552238805970149,Y,0.975,Y,0.9616858237547893,Y
426,0.9365079365079365,S,0.8159240321402483,A,0.9553571428571429,A,0.9405940594059405,A,0.8,A,0.7471264367816092,S
427,0.9960474308300395,I,0.48856447688564475,V,0.5401785714285714,I,0.8415841584158416,V,0.78125,V,0.9310344827586207,V
428,1.0,A,0.9488677867056245,A,0.57847533632287,A,1.0,A,0.9813664596273292,A,0.9885496183206107,A
429,0.7984189723320159,H,0.7140419307654803,H,0.4330357142857143,H,0.905940594059406,H,0.9130434782608695,H,0.5534351145038168,Q
430,0.9960474308300395,A,0.7474993900951452,A,0.9866071428571429,A,0.6782178217821783,G,0.968944099378882,A,0.9809885931558935,A
431,1.0,L,0.794103313840156,L,0.7053571428571429,I,0.995049504950495,L,0.9751552795031055,L,0.9923954372623575,L
432,0.9960474308300395,Q,0.7441520467836257,H,0.41964285714285715,R,0.9801980198019802,H,0.9565217391304348,H,0.9962121212121212,H
433,0.9683794466403162,D,0,-,0.48660714285714285,D,0.594059405940594,Q,0.5590062111801242,S,0.5190839694656488,N
434,1.0,I,0.3932062561094819,M,0.53125,L,0.7425742574257426,L,0.6708074534161491,L,0.3218390804597701,T
435,0.7658730158730159,Y,0.4756613756613757,L,0,-,1.0,L,1.0,L,0.9884615384615385,L
436,0.9722222222222222,T,0,-,0,-,0,-,0,-,0,-
437,1.0,C,0.47057673509286413,C,1.0,C,1.0,C,1.0,C,1.0,C
438,0.48412698412698413,T,0,-,0.41964285714285715,Q,0.41089108910891087,A,0.3375,N,0.5632183908045977,N
439,0.996031746031746,P,0,-,0,-,0,-,0,-,0,-
440,1.0,G,0,-,0,-,0,-,0,-,0,-
441,0.5119047619047619,R,0,-,0.8715596330275229,R,0.900990099009901,S,0.3699421965317919,Q,0.3793103448275862,A
442,1.0,G,0,-,0,-,0,-,0,-,0,-
443,0.9761904761904762,L,0,-,0,-,0,-,0,-,0,-
444,1.0,F,0,-,0,-,0,-,0,-,0,-
445,0.746031746031746,T,0,-,0,-,0,-,0,-,0,-
446,1.0,N,0,-,0,-,0.900990099009901,G,0.4267515923566879,T,0.38697318007662834,S
447,0.8174603174603174,G,0,-,0,-,0.44554455445544555,A,0.40625,G,0.4061302681992337,G
448,1.0,S,0,-,0.6160714285714286,D,0,-,0,-,0,-
449,1.0,C,0,-,0.9730941704035875,C,0.995049504950495,C,0.9875,C,0.9961685823754789,C
450,0.996031746031746,A,0,-,0.5426008968609866,K,0.6782178217821783,S,0.225,T,0.583969465648855,P
451,1.0,D,0,-,0.4009009009009009,N,0.46534653465346537,R,0.6875,K,0.21923076923076923,K
452,0.996031746031746,I,0,-,0.9192825112107623,P,0,-,0,-,0,-
453,0.9246031746031746,K,0,-,0.35135135135135137,N,0.5,G,0.25625,E,0,-
454,0.9880952380952381,K,0,-,0.8251121076233184,A,0.28217821782178215,R,0.475,V,0.47959183673469385,P
455,0.8452380952380952,V,0.30145582329317266,L,0.7857142857142857,F,0.9064039408866995,V,0.9375,V,0.5152671755725191,V
456,1.0,E,0,-,0.5874439461883408,Q,0.7044334975369458,Y,0.8375,Y,0.3816793893129771,R
457,1.0,A,0.7459677419354839,P,0.9776785714285714,P,0.9902439024390244,P,0.9937888198757764,P,0.7862595419847328,P
458,1.0,W,0.6564724492486159,W,0.9910714285714286,W,0.8970588235294118,W,0.6936416184971098,W,0.9884615384615385,W
459,0.9960629921259843,Q,0.7204666990763248,Q,0.9196428571428571,E,0.7910447761194029,Q,0.5515151515151515,Q,0.7642585551330798,Q
460,0.9882352941176471,V,0,-,0.8836206896551724,L,0.9458128078817734,L,0.754601226993865,L,0.9700374531835206,L
461,1.0,L,0.6494797687861271,L,0.9827586206896551,L,0.9211822660098522,L,0.9754601226993865,L,0.9400749063670412,L
462,0.996078431372549,K,0,-,0,-,0,-,0,-,0,-
463,0.7803921568627451,H,0.40814437760296157,H,0.41379310344827586,E,0.47783251231527096,E,0.2926829268292683,Q,0.5093632958801498,E
464,1.0,L,0.7799861335798475,L,0.9741379310344828,L,0.6881188118811881,I,0.5670731707317073,I,0.6343283582089553,M
465,0.9921568627450981,R,0.5087881591119334,K,0.8275862068965517,K,0.3793103448275862,K,0.4268292682926829,W,0.373134328358209,Y
466,1.0,H,0.31213872832369943,K,0.5043103448275862,N,0.5615763546798029,K,0.8170731707317073,K,0.5730337078651685,N
467,0.9882352941176471,L,0.5723255813953488,V,0.7974137931034483,V,0.9796954314720813,V,1.0,V,0.36059479553903345,L
468,0.9725490196078431,N,0.3850267379679144,N,0.6982758620689655,T,0.6395939086294417,N,0.8658536585365854,N,0.5055762081784386,S
469,0.8627450980392157,F,0.8636469221835076,F,0.7198275862068966,F,0.9898477157360406,F,0.9939024390243902,F,0.7211895910780669,F
470,0.9215686274509803,T,0.384063006717628,T,0.4698275862068966,T,0.4619289340101523,L,0.774390243902439,T,0.19391634980988592,R
471,0.9058823529411765,N,0.3976774193548387,N,0.7068965517241379,D,0.5025380710659898,H,0.7378048780487805,L,0.46387832699619774,N
472,0.7686274509803922,N,0,-,0.4155844155844156,G,0,-,0,-,0,-
473,0.9294117647058824,M,0,-,0,-,0,-,0,-,0,-
474,0.996078431372549,G,0.8859028760018859,G,0.5129310344827587,G,0.3756345177664975,K,0.68,G,0.779467680608365,G
475,0.9803921568627451,E,0.4020979020979021,D,0.4267241379310345,K,0.4187192118226601,D,0.5365853658536586,H,0.3193916349809886,L
476,0.7803921568627451,Q,0.21688432835820895,E,0.5258620689655172,S,0.39901477832512317,T,0.45121951219512196,Q,0.23954372623574144,S
477,0.8814229249011858,V,0.6590118302018093,V,0.4525862068965517,F,0.7722772277227723,V,0.8109756097560976,I,0.5513307984790875,L
478,0.42913385826771655,T,0.3083627797408716,S,0.47413793103448276,H,0.2871287128712871,Y,0.5214723926380368,F,0.3805970149253731,R
479,1.0,F,0.7138888888888889,F,0.9870689655172413,F,0.9900990099009901,F,0.9939024390243902,F,0.9738805970149254,F
480,0.9566929133858267,D,0.7015177065767285,D,0.9396551724137931,D,0.6188118811881188,D,0.8048780487804879,D,0.8917910447761194,D
481,0.937007874015748,E,0.3662494204914233,E,0.49783549783549785,A,0.46534653465346537,D,0.39634146341463417,E,0.25,Q
482,0.4330708661417323,C,0.5534093553642075,N,0.3879310344827586,H,0.7673267326732673,N,0.5121951219512195,Q,0.4253731343283582,S
483,0.7834645669291339,G,0.7199628166395537,G,0.9956896551724138,G,0.9603960396039604,G,0.9817073170731707,G,0.7388059701492538,G
484,0.9173228346456693,D,0.5438962242297892,D,0.961038961038961,D,0.8706467661691543,D,0.9817073170731707,D,0.7014925373134329,N
485,0.9291338582677166,L,0.35755612126822495,P,0.4525862068965517,M,0.7164179104477612,P,0.3231707317073171,L,0.39552238805970147,V
486,0.5551181102362205,V,0.2590833531227737,V,0.7241379310344828,N,0.5074626865671642,L,0.39634146341463417,P,0.5932835820895522,N
487,0.8149606299212598,G,0.5548879131037671,A,0.7155172413793104,T,0.43564356435643564,S,0.32926829268292684,M,0.3258426966292135,M
488,0.9881889763779528,N,0,-,0.7413793103448276,G,0.6683168316831684,G,0.29878048780487804,S,0.6067415730337079,G
489,0.9960629921259843,Y,0.8204184870085077,Y,1.0,Y,0.9950738916256158,Y,0.6524390243902439,L,0.9625468164794008,Y
490,0.7677165354330708,S,0.704051270313573,D,0.896551724137931,D,0.7142857142857143,D,0.5548780487804879,E,0.5355805243445693,D
491,0.9921259842519685,I,0.6053052824148182,I,0.8836206896551724,V,0.9095477386934674,I,0.7177914110429447,I,0.6741573033707865,L
492,0.9566929133858267,I,0.27624309392265195,V,0.875,L,0.6180904522613065,I,0.49390243902439024,V,0.40074906367041196,K
493,1.0,N,0.9004368820418487,N,0,-,0.5148514851485149,D,0.648,Q,0.4868913857677903,V
494,0.996078431372549,W,0.6739636702375408,W,1.0,W,0.995049504950495,W,0.9939024390243902,W,0.9063670411985019,W
495,0.9607843137254902,H,0.5054285054285055,Q,0.7543103448275862,K,0,-,0,-,0,-
496,0.7795275590551181,L,0,-,0,-,0,-,0,-,0,-
497,0.996078431372549,S,0.2978230662343678,F,0,-,0,-,0,-,0,-
498,0.8352941176470589,P,0.47144913627639157,P,0.8173913043478261,E,0,-,0,-,0,-
499,0.9803921568627451,E,0,-,0.6695652173913044,I,0,-,0,-,0,-
500,0.9921259842519685,D,0.2893577556225365,N,0.3722943722943723,D,0.4271356783919598,S,0.5853658536585366,D,0.2744360902255639,Q
501,0.9645669291338582,G,0.576930596285435,G,0.8913043478260869,G,0.8994974874371859,G,0.4662576687116564,L,0.2631578947368421,N
502,1.0,S,0,-,0,-,0.4577114427860697,T,0.9516129032258065,P,0.24242424242424243,T
503,0.5039370078740157,I,0.6502770083102493,V,0.7227272727272728,I,0,-,0,-,0,-
504,0.7992125984251969,V,0,-,0.75,T,0,-,0,-,0,-
505,1.0,F,0,-,0,-,0,-,0,-,0,-
506,0.5196850393700787,K,0.4151508174073221,K,0.41379310344827586,K,0.8557213930348259,V,0.6,S,0.4015151515151515,T
507,0.9960629921259843,E,0,-,0,-,0,-,0,-,0,-
508,0.9606299212598425,V,0.7483870967741936,V,0.6594827586206896,M,0.5373134328358209,I,0.5333333333333333,V,0.8787878787878788,V
509,1.0,G,0.9773672055427252,G,0.9655172413793104,A,0.99,G,0.7393939393939394,A,1.0,G
510,0.6062992125984252,Y,0,-,0.7629310344827587,E,0.78,S,0.6,S,0.26037735849056604,T
511,0.9921259842519685,Y,0.3896344285053216,Y,0.9956896551724138,Y,0.425,S,0.9272727272727272,Y,0.6075471698113207,F
512,0.9291338582677166,N,0.5311261366285848,D,0.7801724137931034,D,0.48484848484848486,T,0,-,0.2943396226415094,N
513,0.7755905511811023,V,0,-,0,-,0.37,W,0,-,0.43018867924528303,G
514,0.7362204724409449,Y,0,-,0,-,0,-,0,-,0,-
515,0.9015748031496063,A,0.261876901474374,A,0,-,0,-,0,-,0,-
516,0.9565217391304348,K,0.45271535580524347,S,0,-,0.3383084577114428,S,0.3090909090909091,S,0,-
517,0.7992125984251969,K,0,-,0,-,0,-,0,-,0,-
518,0.9921259842519685,G,0.5884977689638077,G,0,-,0,-,0,-,0,-
519,0.7677165354330708,E,0.4008194745721861,Q,0.30735930735930733,E,0.2835820895522388,Q,0.4,Q,0.5162790697674419,S
520,0.7834645669291339,R,0.29114219114219114,Q,0.5151515151515151,N,0,-,0,-,0,-
521,0.9960629921259843,L,0.5909090909090909,L,0.978448275862069,F,0.9751243781094527,L,0.42424242424242425,R,0.9849056603773585,L
522,0.8700787401574803,F,0,-,0,-,0,-,0,-,0,-
523,0.9921259842519685,I,0.43503480278422274,I,0.4482758620689655,F,0.74,I,0.7333333333333333,L,0.4679245283018868,I
524,0.7716535433070866,N,0.32892293407613743,N,0.6972477064220184,D,0.535,N,0.41818181818181815,K,0.5,N
525,0.7322834645669292,E,0.45055512522592306,E,0.42857142857142855,Q,0.271356783919598,K,0,-,0.33584905660377357,K
526,0.39763779527559057,E,0.2566125290023202,D,0.794392523364486,E,0.494949494949495,T,0.21818181818181817,T,0.700374531835206,S
527,0.9803149606299213,K,0,-,0.5023474178403756,T,0.63,K,0.28484848484848485,D,0.3707865168539326,Q
528,0.984251968503937,I,0.748491879350348,I,0,-,0.915,I,0.7151515151515152,I,0.49812734082397003,I
529,0.9921259842519685,L,0,-,0,-,0.38,Q,0.6787878787878788,S,0.299625468164794,Q
530,1.0,W,0.9677343382006595,W,0,-,0.995,W,1.0,W,0.7388059701492538,W
531,0.6862745098039216,S,0,-,0,-,0,-,0,-,0,-
532,0.9960629921259843,G,0,-,0,-,0.5959595959595959,D,0.8,N,0.35833333333333334,D
533,0.7677165354330708,F,0,-,0.7565217391304347,F,0,-,0,-,0,-
534,0.9015748031496063,S,0.29312865497076024,S,0.48695652173913045,N,0.6345177664974619,N,0.7926829268292683,N,0.42323651452282157,N
535,0.5078740157480315,R,0,-,0.9301310043668122,L,0,-,0,-,0,-
536,0.9803149606299213,E,0.4284714119019837,Q,0.8173913043478261,K,0.675,Q,0.6503067484662577,T,0.3857677902621723,Q
537,0.9806201550387597,V,0.497058071117933,V,0.5151515151515151,I,0.8398058252427184,V,0.45294117647058824,I,0,-
538,0.9961240310077519,P,0.9348857266062958,P,0,-,0.9854368932038835,P,0.9707602339181286,P,0.9925373134328358,P
539,0.9728682170542635,F,0.2640845070422535,V,0.5757575757575758,Q,0.22277227722772278,K,0.5847953216374269,V,0.45185185185185184,V
540,0.9961240310077519,S,0.9276202749140894,S,1.0,S,0.99,S,0.9941520467836257,S,0.9776119402985075,S
541,1.0,N,0,-,0.6094420600858369,K,0,-,0,-,0,-
542,1.0,C,0.9912017167381975,C,0.9655172413793104,C,0.9901960784313726,C,0.9941520467836257,C,0.9925373134328358,C
543,0.9961089494163424,S,0.7613636363636364,S,0.9742489270386266,S,0.8712871287128713,S,0.9883040935672515,S,0.7340823970037453,S
544,0.7470817120622568,R,0.5203862660944206,E,0.38197424892703863,K,0.31343283582089554,S,0.6432748538011696,K,0.5205992509363296,R
545,0.9221789883268483,D,0.5771956194975306,S,0.463519313304721,E,0.47761194029850745,D,0,-,0.39552238805970147,Q
546,1.0,C,0.9888435957948938,C,0.9912663755458515,C,0.9851485148514851,C,0.9824561403508771,C,0.996268656716418,C
547,0.7286821705426356,L,0.451931330472103,P,0.43776824034334766,S,0.3564356435643564,L,0.5146198830409356,Q,0.24436090225563908,K
548,0.5348837209302325,P,0.8007720351704911,P,0.9871244635193133,P,0.47029702970297027,E,0.4619883040935672,P,0.35471698113207545,E
549,1.0,G,0.9894827216140802,G,1.0,G,0.995049504950495,G,1.0,G,0.9962264150943396,G
550,0.9922480620155039,T,0.44415807560137455,T,0.7008547008547008,M,0,-,0,-,0,-
551,1.0,R,0.746524064171123,R,0.9914529914529915,K,0.6485148514851485,R,0.9534883720930233,K,0.8075471698113208,R
552,0.9961240310077519,K,0.7398634229620145,K,0.9700854700854701,K,0.46766169154228854,V,0.8313953488372093,K,0.8490566037735849,R
553,0.9922480620155039,G,0,-,0,-,0,-,0,-,0,-
554,0.9922480620155039,I,0.372674791533034,A,0.5641025641025641,T,0,-,0,-,0,-
555,0.9922480620155039,I,0,-,0,-,0.3118811881188119,V,0.5872093023255814,P,0.7593984962406015,V
556,0.8062015503875969,E,0.44185549380076955,K,0,-,0.3681592039800995,T,0.5930232558139535,V,0.9924528301886792,K
557,0.8372093023255814,G,0.8884598884598884,G,0.7905982905982906,S,0.865,G,0.9534883720930233,G,1.0,G
558,0.7674418604651163,E,0.4452773613193403,K,0.6239316239316239,Q,0.39,F,0.5872093023255814,I,0.9210526315789473,F
559,0.9961240310077519,P,0.7358935850675821,P,0,-,0,-,0,-,0,-
560,0.9961240310077519,T,0.3310492505353319,V,0.6493506493506493,T,0.47,H,0.5116279069767442,P,0.7406015037593985,S
561,0.9961389961389961,C,0.992284612087441,C,0.9914163090128756,C,0.99,C,0.9883720930232558,C,1.0,C
562,0.9961389961389961,C,0.9905842071474428,C,1.0,C,0.99,C,1.0,C,1.0,C
563,0.9922779922779923,F,0.55198973042362,F,0.9871794871794872,Y,0.985,F,1.0,F,0.7443609022556391,Y
564,0.972972972972973,E,0.7856531049250536,D,0.9316239316239316,E,0.4577114427860697,E,0.7151162790697675,E,0.9849624060150376,D
565,0.9922779922779923,C,0.9873634611265796,C,1.0,C,0.9901477832512315,C,0.9709302325581395,C,0.9736842105263158,C
566,0.7683397683397684,V,0.4295804794520548,I,0.6282051282051282,V,0.5517241379310345,V,0.6337209302325582,I,0.37218045112781956,I
567,0.6872586872586872,E,0,-,0.4444444444444444,N,0,-,0,-,0,-
568,0.9961240310077519,C,0.9914420196833548,C,0.9957264957264957,C,0.9851485148514851,C,0.9883720930232558,C,0.9962406015037594,C
569,0.7209302325581395,P,0.3889602053915276,P,0.7948717948717948,P,0.7745098039215687,A,0.813953488372093,P,0.5300751879699248,A
570,0.9688715953307393,D,0.6194746957078796,E,0.9829059829059829,E,0,-,0,-,0,-
571,1.0,G,0.7906430249946592,G,0.9786324786324786,N,0.7009803921568627,G,0.9825581395348837,G,0.7556390977443609,G
572,0.9961089494163424,E,0.6385106382978724,E,0.8205128205128205,H,0.9411764705882353,T,0.936046511627907,T,0.6179775280898876,T
573,0.937984496124031,Y,0.8187805396218398,I,0.9658119658119658,Y,0.9753694581280788,F,0.8615384615384616,F,0.6428571428571429,Y
574,0.9922480620155039,S,0.8272418189545261,S,0.8846153846153846,S,0.9802955665024631,L,0.9,L,0.4626865671641791,Q
575,0.8443579766536965,D,0.8389776357827476,N,0.9914529914529915,N,0.9702970297029703,N,0.9942196531791907,N,0.23220973782771537,S
576,0.7782101167315175,E,0.22465928449744463,Q,0.7008547008547008,Q,0.5665024630541872,K,0.378698224852071,Q,0.33962264150943394,N
577,0.7558139534883721,T,0.7312803206074667,T,0.9487179487179487,T,0.8578431372549019,S,0.7441860465116279,T,0.3660377358490566,P
578,0.9961538461538462,D,0.7662665824384081,D,0.9957446808510638,D,0.7621359223300971,D,0.8823529411764706,D,0.7752808988764045,D
579,0.9923664122137404,A,0.4365242399342646,S,0.8553719008264463,M,0,-,0,-,0,-
580,1.0,S,0,-,0,-,0.48058252427184467,Y,0.49122807017543857,Y,0.2574626865671642,L
581,0.767175572519084,A,0.250609756097561,E,0.4049586776859504,H,0.2766990291262136,R,0.34502923976608185,D,0.31343283582089554,Q
582,1.0,C,0.994925918408768,C,0.9958677685950413,C,0.9951219512195122,C,0.9941176470588236,C,1.0,C
583,0.6297709923664122,D,0.20316301703163017,V,0.5454545454545454,L,0.9317073170731708,Q,0.6432748538011696,Q,0.7620817843866171,T
584,1.0,K,0.3186145432448856,K,0.48760330578512395,L,0.6682926829268293,P,0.4619883040935672,P,0.3754646840148699,P
585,1.0,C,0.995949777237748,C,0.9793388429752066,C,1.0,C,1.0,C,0.9962825278810409,C
586,0.9581749049429658,P,0.7290570619182517,P,0.7892561983471075,N,0.6097560975609756,G,0.7309941520467836,P,0.40148698884758366,P
587,0.467680608365019,D,0.41257327673337374,E,0.44214876033057854,K,0.4634146341463415,K,0.4619883040935672,S,0.3940520446096654,Q
588,0.7832699619771863,D,0.43859649122807015,D,0.8577405857740585,T,0.6941747572815534,E,0.3,T,0.35315985130111527,D
589,0.5057034220532319,F,0.2634971796937953,Q,0.47520661157024796,H,0.6844660194174758,E,0.6549707602339181,E,0.8222222222222222,Q
590,1.0,W,0.5777822499496881,W,0.9793388429752066,W,1.0,W,0.9941520467836257,W,0.9814126394052045,W
591,1.0,S,0.434266156633783,S,0.7603305785123967,A,0.8019323671497585,A,1.0,S,0.9185185185185185,S
592,0.973384030418251,N,0.8317568927349567,N,0.9917355371900827,S,0,-,0,-,0,-
593,0.7984790874524715,E,0.15435701348359832,E,0,-,0.9178743961352657,P,0.5029239766081871,H,0.6666666666666666,P
594,1.0,N,0.27170191339375627,E,0,-,0.463768115942029,E,0.4093567251461988,R,0.2222222222222222,D
595,1.0,H,0.496885674100864,R,0,-,0.48792270531400966,G,0.2982456140350877,N,0.8111111111111111,R
596,1.0,T,0.49808968429519407,D,0.6570247933884298,T,0.47342995169082125,E,0.6744186046511628,T,0.8661710037174721,T
597,0.8403041825095057,S,0.1655283246283648,H,0.39669421487603307,T,0.5314009661835749,T,0.7558139534883721,S,0.40370370370370373,R
598,1.0,C,0.9945750452079566,C,1.0,C,1.0,C,0.9941860465116279,C,0.9888888888888889,C
599,0.7680608365019012,I,0.3326637203696264,I,0.4049586776859504,F,0.6908212560386473,F,0.6627906976744186,F,0.35185185185185186,F
600,0.46387832699619774,A,0.5410395344170179,P,0.44398340248962653,E,0.4492753623188406,P,0.5988372093023255,K,0.337037037037037,P
601,1.0,K,0.8563114589604656,K,0.9958677685950413,K,0.9758454106280193,R,0.9244186046511628,R,0.6518518518518519,R
602,0.6501901140684411,E,0.13251804330392944,T,0.45867768595041325,E,0.8888888888888888,T,0.40350877192982454,R,0.3062730627306273,R
603,0.9771863117870723,I,0.4026052104208417,V,0.49586776859504134,V,0.7902439024390244,V,0.6416184971098265,L,0.2693726937269373,P
604,0.9961977186311787,E,0.49619085805934243,E,0.5950413223140496,E,0.4830917874396135,V,0.4277456647398844,A,0.4666666666666667,R
605,0.9885931558935361,F,0.8887775551102205,F,0.5371900826446281,Y,0.6328502415458938,F,0.7034883720930233,F,0.6148148148148148,F
606,1.0,L,0.9905811623246493,L,0.8099173553719008,L,0.9759615384615384,L,0.7383720930232558,L,0.8905660377358491,L
607,0.8631178707224335,S,0.6954691259021651,S,0.3261802575107296,N,0.3285024154589372,T,0.5697674418604651,E,0.35471698113207545,A
608,1.0,W,0.627906976744186,Y,0.9914163090128756,W,0.9117647058823529,W,0.75,W,0.9777777777777777,W
609,0.973384030418251,T,0.3977226514843432,E,0.4678111587982833,N,0.375,H,0.47674418604651164,H,0.45185185185185184,G
610,1.0,E,0.6284339282133548,E,0.9297520661157025,D,0.5769230769230769,E,0.6453488372093024,E,0.5888888888888889,E
611,1.0,P,0.4423889000603258,P,0.39669421487603307,S,0.8076923076923077,P,0.5523255813953488,A,0.7222222222222222,P
612,1.0,F,0.6996593868964135,L,0.5454545454545454,F,0.3883495145631068,I,0.5174418604651163,P,0.2981132075471698,A
613,1.0,G,0.9174165166966607,G,0.9917355371900827,A,0.9227053140096618,S,0.6627906976744186,T,0.3712121212121212,V
614,0.9961977186311787,I,0.4601557819053325,I,0.6983471074380165,I,0.4782608695652174,W,0.6337209302325582,I,0.5492424242424242,L
615,0.9923954372623575,A,0.1922,I,0.5,L,0.5588235294117647,V,0.28654970760233917,V,0.23106060606060605,G
616,1.0,L,0.9250749250749251,L,0.9958677685950413,L,0.9710144927536232,L,0.3742690058479532,A,0.696969696969697,L
617,0.8060836501901141,T,0.3691570115860967,A,0.8553719008264463,L,0.463768115942029,A,0.30409356725146197,V,0.5795454545454546,L
618,0.844106463878327,L,0.21567059764141516,A,0.3512396694214876,A,0.5362318840579711,A,0.6549707602339181,L,0.6133828996282528,L
619,0.8136882129277566,F,0.18512594962015194,F,0.8884297520661157,L,0.48792270531400966,N,0.5730994152046783,A,0.3903345724907063,L
620,0.973384030418251,A,0.503499300139972,S,0.8388429752066116,S,0.5362318840579711,T,0.4678362573099415,A,0.2462686567164179,G
621,0.9619771863117871,V,0.5415667466027179,L,0.4628099173553719,A,0.7450980392156863,L,0.9064327485380117,L,0.6119402985074627,L
622,0.9505703422053232,L,0.23456543456543458,L,0.6694214876033058,L,0.6990291262135923,L,0.7485380116959064,G,0.27611940298507465,A
623,1.0,G,0.484503099380124,G,0.9958677685950413,G,0.7980769230769231,L,0.8527131782945736,F,0.7378277153558053,L
624,0.7908745247148289,I,0.3623275344931014,S,0.6859504132231405,I,0,-,0,-,0,-
625,0.7832699619771863,F,0.24885068958624826,L,0.44214876033057854,V,0.8701923076923077,L,0.8527131782945736,L,0.3754646840148699,G
626,0.973384030418251,L,0.4320446392985253,L,0.5330578512396694,L,0.7211538461538461,L,0.5581395348837209,S,0.654275092936803,L
627,0.9923954372623575,T,0.6397527910685805,T,0.7603305785123967,V,0.33653846153846156,L,0.7209302325581395,T,0.25650557620817843,V
628,0.5931558935361216,A,0.3426977485554891,A,0.8140495867768595,L,0.3300970873786408,A,0.7267441860465116,L,0.39776951672862454,L
629,0.9885931558935361,F,0.21415752741774677,L,0,-,0.7524271844660194,G,0.8682170542635659,A,0.3940520446096654,A
630,0.9885931558935361,V,0.6606253734315873,V,0.4107883817427386,A,0.7004830917874396,T,0.7751937984496124,I,0.43866171003717475,A
631,0.8365019011406845,L,0.5325243684105828,L,0.6322314049586777,I,0.8888888888888888,A,0.6744186046511628,L,0.4163568773234201,L
632,0.973384030418251,G,0.3713944698627412,G,0.5330578512396694,G,0.47342995169082125,G,0.59375,V,0.4052044609665427,G
633,0.9961977186311787,V,0.45503275759380585,I,0.7603305785123967,I,0.6956521739130435,L,0.5672514619883041,I,0.8029739776951673,L
634,0.9961977186311787,F,0.9497816593886463,F,1.0,F,0.8260869565217391,F,0.9883720930232558,F,0.9516728624535316,F
635,0.5057034220532319,I,0.2825655281969817,I,0.7768595041322314,T,0.6714975845410628,A,0.6162790697674418,W,0.4684014869888476,L
636,0.7870722433460076,K,0.44170771756978655,K,0.5228215767634855,R,0.47342995169082125,W,0.5872093023255814,R,0.29850746268656714,K
637,0.9885931558935361,F,0.5268795873834556,H,0.7644628099173554,N,0.5217391304347826,H,0.686046511627907,H,0.7397769516728625,H
638,0.9809885931558935,R,0.6000396589331747,R,0.7148760330578512,L,0.7874396135265701,L,0.48255813953488375,F,0.5539033457249071,R
639,0.9543726235741445,N,0.36523979389615535,D,0.6239669421487604,N,0.4251207729468599,D,0.6821705426356589,Q,0.35315985130111527,D
640,1.0,T,0.9070366699702676,T,0.9380165289256198,T,0.9855072463768116,T,0.9709302325581395,T,0.516728624535316,T
641,1.0,P,0.933994053518335,P,0.9545454545454546,P,0.9903381642512077,P,0.9883720930232558,P,0.9738805970149254,P
642,0.9847908745247148,I,0.7445673646779929,I,0.9128630705394191,V,0.9903381642512077,V,0.4941860465116279,M,0.8810408921933085,L
643,1.0,V,0.9472644677068931,V,1.0,V,0.7922705314009661,V,1.0,V,0.9516728624535316,V
644,1.0,K,0.5569820264665218,K,0.9710743801652892,K,0.529126213592233,K,0.8430232558139535,R,0.5650557620817844,Q
645,0.9961977186311787,A,0.9638625592417062,A,0.5495867768595041,A,1.0,S,0.9941860465116279,S,0.8880597014925373,A
646,0.935361216730038,T,0.95499407816818,N,0.7975206611570248,S,0.9902912621359223,A,1.0,A,0.7827715355805244,S
647,1.0,N,0.9614928909952607,N,0.9586776859504132,G,0.9951690821256038,G,1.0,G,1.0,G
648,1.0,R,0.4194312796208531,S,0.9735449735449735,L,0,-,0,-,0,-
649,1.0,E,0.4859794628751975,E,0.3739495798319328,T,0,-,0,-,0,-
650,1.0,L,0.941408561846518,L,0.65,V,0.49029126213592233,L,0.9122807017543859,M,0.6526717557251909,L
651,0.9961977186311787,S,0.859143815348195,S,0.8340248962655602,C,0.9854368932038835,C,0.9825581395348837,C,0.3435114503816794,A
652,0.9581749049429658,Y,0.5008880994671403,F,0.7717842323651453,Y,0.6844660194174758,F,0.9651162790697675,F,0.3893129770992366,C
653,0.8593155893536122,L,0.5007898894154819,L,0.5333333333333333,V,0.7874396135265701,L,0.9529411764705882,L,0.6030534351145038,F
654,1.0,L,0.9387230677999605,L,0.9128630705394191,I,0.9805825242718447,M,0.6823529411764706,M,0.449438202247191,A
655,1.0,L,0.9681692368525109,L,0.9958677685950413,L,0.9951456310679612,L,0.9534883720930233,L,0.8951310861423221,L
656,0.9923954372623575,F,0.2905458860759494,I,0.512396694214876,L,0.6780487804878049,G,0.30409356725146197,T,0.40074906367041196,L
657,1.0,S,0.8589515331355094,S,0.5,C,0.6780487804878049,S,0.4619883040935672,P,0.4307116104868914,C
658,1.0,L,0.9495149475351415,L,0.7603305785123967,H,0.9805825242718447,L,0.9476744186046512,L,0.9550561797752809,L
659,0.752851711026616,L,0.27812995245641836,T,0.6776859504132231,F,0.6650485436893204,A,0.6549707602339181,L,0.34831460674157305,G
660,0.9961977186311787,C,0.737217598097503,L,0.71900826446281,L,0.33495145631067963,A,0.4883720930232558,L,0.6179775280898876,L
661,1.0,C,0.838946117274168,C,0.4049586776859504,N,0.5097087378640777,S,0.5329341317365269,Y,0.8507462686567164,C
662,1.0,F,0.9466904478795085,F,0.9504132231404959,F,0,-,0,-,0,-
663,0.9923954372623575,S,0.9575985734099465,L,0.4297520661157025,A,0.4077669902912621,C,0.24705882352941178,L,0.7723880597014925,L
664,1.0,S,0.8405940594059406,C,0.9338842975206612,S,0.7718446601941747,S,0.27647058823529413,S,0.9253731343283582,S
665,1.0,S,0.7268766092295504,S,0.7603305785123967,T,0.6019417475728155,L,0.8579881656804734,V,0.37453183520599254,V
666,0.9923954372623575,L,0.8230509819480262,L,0.36363636363636365,G,0.558252427184466,Y,0.6804733727810651,P,0.6104868913857678,L
667,0.7604562737642585,F,0.504563492063492,L,0.9132231404958677,F,0.47804878048780486,C,0.5207100591715976,V,0.9438202247191011,L
668,1.0,F,0.9791583961889638,F,0.9917355371900827,F,0.5024630541871922,F,0.9397590361445783,Y,0.7415730337078652,F
669,0.9961977186311787,I,0.8454058344909704,I,0.6694214876033058,I,0.9463414634146341,F,0.611764705882353,V,0.4044943820224719,P
670,1.0,G,0.9666666666666667,G,0.7479338842975206,G,0.9560975609756097,G,0.8941176470588236,G,0.9662921348314607,G
671,0.9581749049429658,E,0.4021027573894069,R,0.731404958677686,E,0.6796116504854369,E,0.4588235294117647,P,0.3146067415730337,Q
672,1.0,P,0.9904799682665609,P,0.995850622406639,P,0.9902912621359223,P,0.9941176470588236,P,0.9962121212121212,P
673,0.9505703422053232,Q,0.2958109986102839,S,0.4256198347107438,Q,0.642512077294686,T,0.6976744186046512,T,0.49242424242424243,S
674,0.7604562737642585,D,0.1855383392928089,E,0.39669421487603307,D,0.2995169082125604,L,0.7054263565891473,V,0.3484848484848485,D
675,1.0,W,0,-,0,-,0,-,0,-,0,-
676,0.9467680608365019,T,0.4839928415191887,T,0.43983402489626555,T,0.4563106796116505,A,0.6647058823529411,T,0.30038022813688214,V
677,1.0,C,0.9962211614956245,C,0.975103734439834,C,0.9903381642512077,C,1.0,C,1.0,C
678,0.9809885931558935,R,0.3609950248756219,M,0,-,0.7729468599033816,L,0.47058823529411764,L,0.39097744360902253,L
679,0.9619771863117871,L,0.8556660039761431,L,0.7291666666666666,T,0.9130434782608695,L,0.5705882352941176,C,0.35580524344569286,L
680,1.0,R,0.7349781138081973,R,0.9833333333333333,R,0.6586538461538461,R,0.9470588235294117,R,0.9625468164794008,Q
681,1.0,Q,0.5593793515018898,Q,0.9874476987447699,Q,0.7115384615384616,Q,0.9612403100775194,Q,0.651685393258427,Q
682,1.0,P,0.5217823751740601,T,0.4041666666666667,T,0.4423076923076923,P,0.5891472868217055,A,0.7174721189591078,P
683,0.9923954372623575,A,0.538400318344608,A,0.8333333333333334,L,0.8737864077669902,L,0.36904761904761907,F,0.5481481481481482,L
684,1.0,F,0.9534235668789809,F,0.9541666666666667,F,0.9082125603864735,F,0.9467455621301775,F,0.1962962962962963,Y
685,1.0,G,0.7935085623257666,G,0.9833333333333333,G,0.4029126213592233,A,0.514792899408284,T,0.3851851851851852,H
686,0.9619771863117871,I,0.642899820752838,I,0.4041666666666667,V,0.5120772946859904,L,0.7928994082840237,L,0.6481481481481481,L
687,1.0,S,0.2976901632815611,T,0.9916666666666667,S,0,-,0,-,0,-
688,1.0,F,0.9942265578339637,F,0.9958333333333333,F,0.927536231884058,F,0.9341317365269461,F,0.6666666666666666,L
689,1.0,V,0.38179645488946423,V,0.7364016736401674,T,0.5314009661835749,T,0.8862275449101796,T,0.7296296296296296,T
690,1.0,L,0.5271240526525728,L,0.9621848739495799,L,0.5507246376811594,I,0.5089820359281437,V,0.5814814814814815,G
691,1.0,C,0.5301852958756724,C,0.9791666666666666,C,0.6328502415458938,F,0.9820359281437125,C,0.674074074074074,C
692,0.9961977186311787,I,0.4341239784731912,I,0.6541666666666667,I,0.9855072463768116,L,0.6766467065868264,I,0.725925925925926,L
693,1.0,S,0.954917215240375,S,0.9541666666666667,S,0.6990291262135923,S,0.7159763313609467,S,0.981549815498155,S
694,1.0,C,0.5850448654037886,C,0.9625,C,0.9611650485436893,C,0.9467455621301775,C,0.7022058823529411,T
695,1.0,I,0.5872382851445663,V,0.9916666666666667,I,0.5097087378640777,L,0.6331360946745562,I,0.4007352941176471,L
696,1.0,L,0.9681211396692568,L,0.9875,L,0.7524271844660194,T,0.5443786982248521,T,0.4852941176470588,F
697,0.9923664122137404,V,0.5088698425353797,A,0.2863070539419087,I,0.5,V,0.9289940828402367,V,0.43014705882352944,L
698,1.0,K,0.9852501494917282,K,0.995850622406639,K,0.9468599033816425,R,0.9761904761904762,R,0.3602941176470588,Q
699,1.0,T,0.953187250996016,T,0.950207468879668,S,0.8743961352657005,S,0.9763313609467456,S,0.4981549815498155,S
700,1.0,N,0,-,0,-,0,-,0,-,0,-
701,0.9923954372623575,R,0,-,0.950207468879668,K,0.9806763285024155,Q,0.9822485207100592,Q,0.5592592592592592,E
702,0.9657794676806084,V,0.974448794560066,V,0.995850622406639,I,0.5194174757281553,L,0.9881656804733728,I,0.8333333333333334,I
703,0.9923954372623575,L,0.8178557194101236,V,0.991701244813278,L,0.7317073170731707,V,0.8294117647058824,V,0.5092936802973977,F
704,1.0,L,0.34865671641791046,L,0.9833333333333333,L,0.4585365853658537,C,0.8622754491017964,C,0.35074626865671643,V
705,0.9923954372623575,V,0.866759609639514,A,1.0,A,0.9803921568627451,I,0.5238095238095238,I,0.43283582089552236,V
706,1.0,F,0.9627712522396974,F,1.0,F,0.9852941176470589,F,0.9940476190476191,F,0.5149253731343284,T
707,1.0,E,0.4369261477045908,K,0.7666666666666667,S,0.9901960784313726,K,0.9285714285714286,K,0.9477611940298507,E
708,1.0,A,0.7127316680096696,A,0,-,0.6390243902439025,S,0.9401197604790419,A,0.9063670411985019,P
709,1.0,K,0.7264207377866401,T,0,-,0.375609756097561,A,0.3532934131736527,S,0,-
710,1.0,I,0.3504682207611078,K,0,-,0.7745098039215687,K,0.6047904191616766,R,0.34831460674157305,S
711,1.0,P,0.976672171758877,P,0.9037656903765691,P,0.9852941176470589,P,0.9880239520958084,P,0.7677902621722846,A
712,1.0,T,0.5348651348651349,S,0,-,0.45588235294117646,T,0.8515625,R,0.2696629213483146,P
713,0.9885931558935361,S,0.37717987045341306,N,0,-,0.5024390243902439,F,0.9765625,A,0.2247191011235955,S
714,0.5381679389312977,L,0,-,0,-,0.8669950738916257,Y,0.984375,Y,0.4606741573033708,L
715,0.9770992366412213,H,0,-,0,-,0,-,0,-,0,-
716,0.9885496183206107,R,0,-,0.8208333333333333,Q,0.2549019607843137,D,0.3674698795180723,G,0.5676691729323309,L
717,0.9961832061068703,K,0.6195564516129032,K,0.5791666666666667,N,0.5862068965517241,A,0.49404761904761907,Y,0.27547169811320754,G
718,1.0,W,0.7497933884297521,W,0,-,0.9852216748768473,W,1.0,W,0.2803030303030303,W
719,0.9923664122137404,W,0,-,0,-,0,-,0,-,0,-
720,1.0,G,0.8972958918356734,G,0,-,0,-,0,-,0,-
721,0.9961832061068703,L,0,-,0,-,0,-,0,-,0,-
722,0.9961832061068703,N,0,-,0,-,0,-,0,-,0,-
723,1.0,L,0,-,0,-,0,-,0,-,0,-
724,1.0,Q,0,-,0,-,0,-,0,-,0,-
725,1.0,F,0,-,0,-,0,-,0,-,0,-
726,0.9923664122137404,L,0,-,0.6401673640167364,P,0.6318407960199005,L,0.813953488372093,V,0.8625954198473282,L
727,1.0,L,0.39900199600798403,I,0.7698744769874477,I,0.695,F,0.5808383233532934,F,0.35877862595419846,V
728,1.0,V,0.6471762123328677,V,0.497907949790795,V,0.6060606060606061,V,0.7305389221556886,V,0.8854961832061069,V
729,1.0,F,0.41413738019169327,L,0.3723849372384937,F,0.2222222222222222,V,0.6407185628742516,A,0.6806083650190115,L
730,0.9923664122137404,L,0.23155368926214756,I,0.6317991631799164,T,0.4494949494949495,I,0.30538922155688625,F,0.553030303030303,L
731,0.9007633587786259,C,0.5338932213557288,C,0.9831932773109243,C,0.649746192893401,S,0.39759036144578314,I,0.5037878787878788,C
732,0.9961832061068703,T,0.6086,T,0.803347280334728,T,0.7828282828282829,S,0.562874251497006,T,0.32954545454545453,C
733,0.9847328244274809,F,0.5286114445778312,L,0.8284518828451883,G,0.3484848484848485,A,0.3712574850299401,A,0.6325757575757576,L
734,0.5610687022900763,V,0.6186474589835934,I,0.7489539748953975,I,0.3939393939393939,A,0.6467065868263473,L,0.5265151515151515,V
735,1.0,Q,0.9498901976442403,Q,0.9829059829059829,Q,0.6582914572864321,Q,0.7604790419161677,K,0.5871212121212122,E
736,0.7824427480916031,I,0.4594,V,0.8661087866108786,V,0.7738693467336684,L,0.32335329341317365,V,0.6666666666666666,A
737,0.7519083969465649,V,0.2495990376904571,I,0.36401673640167365,V,0.6331658291457286,L,0.6227544910179641,V,0.3712121212121212,A
738,0.9770992366412213,I,0.6822635472905418,I,0.8284518828451883,I,0.7602040816326531,I,0.5029940119760479,I,0.7575757575757576,L
739,0.9961832061068703,C,0.9431658995397239,C,0.9833333333333333,C,0.6564102564102564,C,0.8294573643410853,V,0.9848484848484849,C
740,0.8365019011406845,V,0.2154861944777911,T,0.8333333333333334,T,0.6326530612244898,L,0.3875968992248062,V,0.32342007434944237,G
741,0.7756653992395437,I,0.27842273819055247,I,0.4583333333333333,L,0.3711340206185567,T,0.31547619047619047,G,0.6977611940298507,W
742,1.0,W,0.9628297362110312,W,0.9913419913419913,W,0.5699481865284974,W,0.43452380952380953,N,0.6431226765799256,Y
743,0.9961977186311787,L,0.8939060939060939,L,0.9166666666666666,L,0.6197916666666666,L,0.2976190476190476,I,0.6212121212121212,L
744,0.935361216730038,Y,0.20575309628445865,G,0.6401673640167364,I,0.5104166666666666,A,0.6407185628742516,L,0.2803030303030303,Q
745,0.7566539923954373,T,0.3324670131947221,T,0.45416666666666666,A,0.5364583333333334,V,0.39156626506024095,A,0.3193916349809886,A
746,0.9961977186311787,A,0.6441558441558441,S,0.4375,A,0.5544041450777202,W,0.5240963855421686,T,0.4291044776119403,G
747,1.0,P,0.8747252747252747,P,1.0,P,0.6649484536082474,T,0.3772455089820359,T,0.9365671641791045,P
748,1.0,P,0.9866160607271275,P,0.8166666666666667,P,0.8762886597938144,P,0.2934131736526946,P,0.4200743494423792,P
749,0.9011406844106464,S,0.6919848091145313,F,0.7291666666666666,R,0,-,0,-,0,-
750,1.0,S,0,-,0,-,0,-,0,-,0,-
751,0.9695817490494296,Y,0,-,0,-,0.48704663212435234,L,0.4375,N,0.39552238805970147,E
752,0.8897338403041825,R,0.675194883070158,P,0,-,0.9948717948717949,P,0.8855421686746988,P,0.3880597014925373,V
753,1.0,N,0.32892628205128205,D,0,-,0.5076923076923077,T,0.5120481927710844,T,0.6716417910447762,V
754,0.8631178707224335,H,0.35628502802241796,K,0,-,0.6410256410256411,R,0.28313253012048195,T,0.3754646840148699,T
755,0.7519083969465649,E,0.4802723813338674,N,0,-,0.5567010309278351,E,0.5333333333333333,R,0.6096654275092936,D
756,0.767175572519084,L,0.2302921168467387,T,0,-,0.7474226804123711,Y,0.34545454545454546,T,0.40148698884758366,W
757,0.9951219512195122,E,0.30270812437311934,H,0,-,0.4948453608247423,Q,0.6606060606060606,D,0.2527881040892193,K
758,1.0,D,0,-,0,-,0.36597938144329895,Q,0.515625,K,0.516728624535316,T
759,1.0,E,0.5280334728033472,K,0.49166666666666664,V,0.5743589743589743,L,0.592814371257485,I,0.7126865671641791,E
760,0.9771863117870723,I,0.8608381792660919,I,0.8666666666666667,I,0.6185567010309279,V,0.5149700598802395,M,0.34572490706319703,A
761,1.0,I,0.6958091036695409,I,0.775,I,0.6358974358974359,V,0.7724550898203593,I,0.6579925650557621,L
762,0.9961977186311787,F,0,-,0,-,0,-,0,-,0,-
763,0.9657794676806084,I,0.5220794861501405,L,0.8041666666666667,L,0.8775510204081632,L,0.7485029940119761,L,0.5427509293680297,L
764,0.9847908745247148,T,0.5726032892097874,E,0.925,E,0.7142857142857143,E,0.6766467065868264,S,0.40298507462686567,H
765,1.0,C,0.9953861584754263,C,0.9916666666666667,C,0.9948717948717949,C,1.0,C,1.0,C
766,0.7338403041825095,H,0.5366098294884654,N,0.3958333333333333,E,0.5128205128205128,T,0.562874251497006,N,0.30597014925373134,P
767,0.9961977186311787,E,0.36108324974924777,E,0.9875,E,0.5076923076923077,E,0.6405228758169934,P,0.5241635687732342,V
768,1.0,G,0.9404332129963899,G,1.0,G,0.40512820512820513,A,0.5947712418300654,N,0.2819548872180451,R
769,1.0,S,0.9644863563402889,S,0.991701244813278,S,0.5025641025641026,N,0.6807228915662651,Y,0.6988847583643123,S
770,0.779467680608365,L,0.2530096308186196,V,0.5333333333333333,I,0.8769230769230769,S,0.4578313253012048,R,0.6884615384615385,W
771,1.0,M,0.29919517102615695,V,0.49583333333333335,V,0.36923076923076925,L,0.26506024096385544,N,0.2899628252788104,V
772,0.9923954372623575,A,0.3913305237808549,G,0.9416666666666667,A,0.8697916666666666,G,0.3592814371257485,G,0.3420074349442379,S
773,1.0,L,0.9065757818765036,L,0.9916666666666667,L,0.47959183673469385,F,0.8604651162790697,T,0.6554307116104869,H
774,0.9961977186311787,G,0.9048286916449609,G,0.9083333333333333,G,0.45918367346938777,A,0.813953488372093,S,0.5430711610486891,G
775,0.9429657794676806,F,0.915213469633193,Y,0.9958333333333333,Y,0.8520408163265306,Y,0.7984496124031008,L,0.31954887218045114,T
776,0.9961977186311787,L,0.46391339214113875,I,0.9330543933054394,I,0,-,0,-,0,-
777,1.0,I,0,-,0.9666666666666667,A,0,-,0,-,0,-
778,0.9961977186311787,G,0.8986921320323853,G,0,-,0.46596858638743455,G,0.8346456692913385,L,0.42379182156133827,A
779,1.0,Y,0,-,0,-,0,-,0,-,0,-
780,0.9961977186311787,T,0,-,0,-,0,-,0,-,0,-
781,1.0,C,0,-,0,-,0,-,0,-,0,-
782,0.973384030418251,L,0.5719630830631081,L,0.4,I,0.8072916666666666,L,0.592814371257485,L,0.20817843866171004,C
783,1.0,L,0.9711133400200602,L,0.9833333333333333,L,0.9583333333333334,L,0.9580838323353293,L,0.7806691449814126,L
784,0.9961977186311787,A,0.892498997192138,A,0.9916666666666667,A,0.9468085106382979,S,0.718562874251497,S,0.9814126394052045,A
785,0.9961977186311787,A,0.31754315535929345,L,0.8125,F,0.5104166666666666,V,0.6265060240963856,V,0.5576208178438662,F
786,0.9125475285171103,I,0.3227619429947812,L,0.7333333333333333,I,0.5364583333333334,S,0.4879518072289157,L,0.4275092936802974,L
787,1.0,C,0.5416415813766807,S,0.9958333333333333,C,0.453125,C,0.6646706586826348,G,0.6617100371747212,C
788,1.0,F,0.8439630966706779,F,0.9958333333333333,F,0.9844559585492227,F,1.0,F,0.9628252788104089,F
789,0.9961977186311787,F,0.24242424242424243,T,0.775,I,0.5544041450777202,A,0.47904191616766467,S,0.6728624535315985,L
790,1.0,F,0.43152195708842994,L,0.7458333333333333,F,0.5223880597014925,C,0.9940476190476191,F,0.4944237918215613,C
791,1.0,A,0.9695207539602968,A,1.0,A,0.9651741293532339,S,0.7440476190476191,A,0.9814126394052045,T
792,1.0,F,0.9113162118780096,F,0.9375,F,0.945,Y,0.9761904761904762,Y,0.9925925925925926,F
793,1.0,K,0.8543591803937324,L,0.9833333333333333,K,0.5223880597014925,L,0.6190476190476191,M,0.5740740740740741,M
794,0.9885931558935361,S,0.8557943362120908,A,0.975,G,0.9896373056994818,G,0.9702380952380952,G,0.674074074074074,V
795,1.0,R,0.9672625025105442,R,0.9916666666666667,R,0.8955223880597015,K,0.9470588235294117,K,0.6022304832713755,Q
796,0.9961977186311787,K,0.5056202328382176,K,0.9874476987447699,K,0.8656716417910447,D,0.7176470588235294,E,0.40370370370370373,S
797,1.0,L,0.9851584436421982,L,0.9790794979079498,L,0.9554455445544554,L,0.9705882352941176,L,0.3851851851851852,P
798,1.0,P,0.9827482447342026,P,1.0,P,1.0,P,1.0,P,0.46296296296296297,P
799,1.0,E,0.8973124749298035,D,0.8,E,0.5615763546798029,E,0.6666666666666666,T,0.43333333333333335,G
800,1.0,N,0.40397350993377484,N,0.7583333333333333,N,0.8571428571428571,N,0.9064327485380117,N,0.33948339483394835,R
801,1.0,F,0.9674633460534244,F,1.0,Y,0.9504950495049505,Y,0.9649122807017544,Y,0.974169741697417,Y
802,0.7870722433460076,N,0.9596628537025887,N,1.0,N,0.8805970149253731,N,0.9588235294117647,N,0.955719557195572,N
803,1.0,E,0.990567930965282,E,0.9958333333333333,E,0.9504950495049505,E,0.9824561403508771,E,0.33210332103321033,L
804,1.0,A,0.9142570281124498,A,0.9916666666666667,A,0.9158415841584159,A,0.9941520467836257,A,0.977859778597786,A
805,1.0,K,0.949959807073955,K,0.9208333333333333,K,0.9753694581280788,K,0.9707602339181286,K,0.977859778597786,R
806,0.9961977186311787,F,0.6040619344460084,F,1.0,F,0,-,0,-,0,-
807,1.0,I,0.7803258901629451,I,0.9583333333333334,I,0.7268041237113402,V,0.9649122807017544,I,0.6037037037037037,I
808,1.0,T,0.942366026289181,T,1.0,T,0.9554455445544554,T,0.9883040935672515,T,0.9777777777777777,T
809,1.0,F,0.9856362532874773,F,0.9916666666666667,F,0.8613861386138614,F,0.5443786982248521,F,0.9296296296296296,F
810,0.9961977186311787,S,0.9601456605300425,S,0.8666666666666667,G,0.9653465346534653,S,0.5823529411764706,C,0.6481481481481481,A
811,1.0,M,0.9672396359959555,M,0.9833333333333333,M,0.9702970297029703,L,0.7411764705882353,M,0.4148148148148148,M
812,1.0,L,0.9619894864537,L,0.9875,L,0.6831683168316832,L,0.711764705882353,T,0.9666666666666667,L
813,1.0,I,0.4619289340101523,I,0.8583333333333333,I,0.495,L,0.6823529411764706,F,0.3925925925925926,A
814,1.0,F,0.988834754364596,F,0.9708333333333333,Y,0.505,N,0.6153846153846154,Y,0.9777777777777777,Y
815,1.0,F,0,-,0.8041666666666667,F,0.6180904522613065,F,0.9461538461538461,F,0.6444444444444445,F
816,0.9961977186311787,I,0,-,0,-,0,-,0,-,0,-
817,1.0,V,0.9788531923546157,V,0.875,I,0.47738693467336685,V,0.7230769230769231,T,0.562962962962963,I
818,1.0,W,0.9912512716174975,W,1.0,W,0.8291457286432161,W,0.6331360946745562,S,0.9446494464944649,W
819,0.9923954372623575,I,0.4614602399837299,I,0.7583333333333333,I,0.755,I,0.48823529411764705,I,0.5940959409594095,V
820,1.0,S,0.502442996742671,T,0.43333333333333335,T,0.39,A,0.5352941176470588,S,0.40148698884758366,S
821,0.9961977186311787,F,0.9649480334216426,F,1.0,F,0.785,F,0.7705882352941177,L,0.9516728624535316,F
822,0.9809885931558935,I,0.45671216133632103,I,0.8666666666666667,I,0.81,F,0.6529411764705882,C,0.48698884758364314,V
823,0.9961977186311787,P,0.9845308365560758,P,1.0,P,0.875,T,0.9117647058823529,T,0.7592592592592593,P
824,1.0,A,0.5943415428455119,A,0.75,V,0.39,T,0.6705882352941176,F,0.40977443609022557,I
825,1.0,Y,0.9680374592833876,Y,0.9416666666666667,Y,0.43283582089552236,A,0.6941176470588235,M,0.41263940520446096,F
826,0.7595419847328244,A,0.3415478615071283,V,0.6666666666666666,A,0.47761194029850745,V,0.7923076923076923,V,0.4185185185185185,L
827,0.9961832061068703,S,0.9526037428803905,S,0.9696969696969697,T,0,-,0,-,0,-
828,1.0,T,0.48413989426596177,S,0.9708333333333333,T,0,-,0,-,0,-
829,0.9885496183206107,Y,0,-,0.7708333333333334,F,0,-,0,-,0,-
830,1.0,G,0.9892057026476578,G,1.0,G,0.7772277227722773,G,0.9647058823529412,G,0.35687732342007433,V
831,1.0,K,0.9242516799022602,K,0.9125,K,0.46766169154228854,K,0.7514792899408284,V,0.3828996282527881,V
832,0.9923664122137404,F,0.37160367722165477,Y,0.9875,Y,0.57,Y,0.7352941176470589,L,0.2899628252788104,L
833,1.0,V,0.39751172751376707,M,0.7958333333333333,L,0.585,L,0.9846153846153847,V,0.4758364312267658,R
834,0.9961832061068703,S,0.8655102040816327,V,0.9291666666666667,P,0.43,P,0.711764705882353,T,0.4758364312267658,P
835,1.0,A,0.9105757452021234,A,0.9541666666666667,A,0.82,A,0.6,I,0.3940520446096654,A
836,1.0,V,0.8529712068613436,V,0.9875,V,0.4577114427860697,V,0.5384615384615384,L,0.6370370370370371,V
837,1.0,E,0.9363005308289097,E,0.9958333333333333,E,0.527363184079602,N,0.8992248062015504,D,0.725925925925926,Q
838,0.9809160305343512,V,0.6457481602616517,I,0.7583333333333333,I,0.6766169154228856,V,0.7751937984496124,L,0.44814814814814813,M
839,1.0,I,0.9799509001636661,F,0.7708333333333334,I,0.6169154228855721,L,0.813953488372093,L,0.562962962962963,G
840,1.0,A,0.6078591895210806,A,0.9291666666666667,V,0.7860696517412935,A,0.6745562130177515,V,0.4185185185185185,A
841,1.0,I,0.9687052566987114,I,0.7333333333333333,I,0.1977401129943503,I,0.6176470588235294,T,0.5,I
842,1.0,L,0.9497856705450092,L,0.9958333333333333,L,0.8686868686868687,L,0.7235294117647059,V,0.9629629629629629,L
843,0.9961832061068703,A,0.770140730165205,A,0.975,I,0.4595959595959596,S,0.6140350877192983,L,0.43333333333333335,L
844,0.7519083969465649,A,0.9881705078523353,S,0.9916666666666667,S,0.7437185929648241,S,0.7251461988304093,N,0.43333333333333335,C
845,1.0,S,0.8420408163265306,S,0.975,N,0.6565656565656566,L,0.863905325443787,L,0.2777777777777778,N
846,0.9961685823754789,F,0.38623366013071897,F,0.9916666666666667,Y,0.5,S,0.7325581395348837,L,0.7306273062730627,L
847,0.946360153256705,G,0.888820764357245,G,0.9666666666666667,G,0.5228426395939086,G,0.4069767441860465,G,0.9630996309963099,G
848,0.8659003831417624,L,0.8934560327198364,L,0.9708333333333333,I,0.4619289340101523,G,0,-,0.6457564575645757,I
849,1.0,L,0.8576978123083214,L,0.9623430962343096,L,0.6294416243654822,F,0.6823529411764706,I,0.7481481481481481,L
850,0.9731800766283525,A,0,-,0.8041666666666667,C,0,-,0,-,0.6074074074074074,A
851,1.0,C,0.7993434550677062,C,1.0,C,0,-,0,-,0,-
852,0.9961685823754789,I,0.8391651319828115,I,0,-,0,-,0.875968992248062,L,0,-
853,0.9923371647509579,F,0.9825926684415318,F,1.0,F,0.9504950495049505,F,0.9882352941176471,F,0.4981549815498155,Y
854,0.9961685823754789,F,0.3400576368876081,A,0.6166666666666667,F,0.7970297029702971,L,0.7352941176470589,G,0.5239852398523985,L
855,0.9923371647509579,N,0,-,0,-,0,-,0,-,0,-
856,1.0,K,0.9856645504812616,K,1.0,K,0.9211822660098522,K,1.0,K,0.8929889298892989,K
857,0.8778625954198473,V,0.9464505539597866,C,0.9916666666666667,C,0.5522388059701493,C,0.9881656804733728,C,0.9851851851851852,C
858,1.0,Y,0.7815005138746146,Y,0.99581589958159,Y,0.8706467661691543,Y,0.9408284023668639,Y,0.8745387453874539,Y
859,0.9923664122137404,I,0.8410024650780608,I,0.5,I,0.6237623762376238,V,0.5297619047619048,M,0.6273062730627307,L
860,0.9961832061068703,I,0.9047227926078029,I,0.9708333333333333,I,0.8663366336633663,I,0.8875739644970414,I,0.7970479704797048,L
861,1.0,L,0.7717927631578947,L,0.5666666666666667,L,0.7128712871287128,L,0.7041420118343196,L,0.7638376383763837,L
862,0.9389312977099237,F,0.6153529532825684,L,0.3625,C,0.43564356435643564,C,0.9467455621301775,F,0.2878228782287823,W
863,1.0,K,0.5480749433806876,R,0.9708333333333333,K,0.775,R,0.6167664670658682,Y,0.41697416974169743,K
864,0.9961832061068703,P,0.9411159151739757,P,0,-,0.93,P,0.9467455621301775,P,0.9629629629629629,P
865,0.9694656488549618,S,0,-,0,-,0,-,0,-,0,-
866,0.9961832061068703,R,0,-,0,-,0,-,0,-,0,-
867,1.0,N,0.961490939044481,N,0.9958333333333333,N,0.9402985074626866,N,0.9763313609467456,N,0.9888475836431226,N
868,1.0,T,0.5502372601609243,T,0.9958333333333333,T,0.445,T,0.9940828402366864,T,0.8843283582089553,T
869,0.9808429118773946,I,0,-,0,-,0,-,0,-,0,-
870,1.0,E,0,-,0,-,0,-,0,-,0,-
871,1.0,E,0,-,0,-,0,-,0,-,0,-
872,1.0,V,0,-,0,-,0,-,0,-,0,-
873,1.0,R,0.6215371797542179,K,0.9416666666666667,K,0,-,0,-,0,-
874,0.9731800766283525,C,0,-,0.8583333333333333,L,0.8,T,0.5503875968992248,P,0.4925925925925926,P
875,0.9923076923076923,S,0.550603915035402,K,0.8083333333333333,K,0.65,E,0.6627218934911243,A,0.5315985130111525,E
876,1.0,T,0,-,0.6208333333333333,M,0,-,0,-,0,-
877,0.9846153846153847,A,0,-,0.575,I,0,-,0,-,0,-
878,1.0,A,0,-,0.4149377593360996,S,0,-,0,-,0,-
879,1.0,H,0.4033066132264529,H,0.983402489626556,Y,0.8737373737373737,H,0.888235294117647,Y,0.40601503759398494,F
880,0.9653846153846154,A,0,-,0,-,0,-,0,-,0,-
881,1.0,F,0,-,0,-,0,-,0,-,0,-
882,0.9923076923076923,K,0,-,0,-,0,-,0,-,0,-
883,0.937984496124031,V,0,-,0,-,0,-,0,-,0,-
884,0.9961240310077519,A,0,-,0,-,0,-,0,-,0,-
885,1.0,A,0,-,0,-,0,-,0,-,0,-
886,0.7837837837837838,R,0,-,0,-,0,-,0,-,0,-
887,1.0,A,0,-,0.9377593360995851,S,0,-,0,-,0,-
888,0.9922779922779923,T,0,-,0.8067226890756303,S,0,-,0,-,0,-
889,0.9961389961389961,L,0.5149132321041214,L,0.4092827004219409,L,0.9494949494949495,F,0.9766081871345029,F,0.9514925373134329,F
890,0.8571428571428571,R,0,-,0.634453781512605,A,0.9545454545454546,Q,0.5380116959064327,N,0,-
891,0.7799227799227799,R,0,-,0,-,0,-,0,-,0,-
892,0.9227799227799228,S,0,-,0,-,0,-,0,-,0,-
893,0.7722007722007722,N,0,-,0,-,0,-,0,-,0,-
894,0.749034749034749,V,0,-,0,-,0,-,0,-,0,-
895,0.9691119691119691,S,0,-,0,-,0,-,0,-,0,-
896,0.9691119691119691,R,0,-,0,-,0,-,0,-,0,-
897,0.8918918918918919,K,0,-,0,-,0,-,0,-,0,-
898,0.8532818532818532,R,0,-,0,-,0,-,0,-,0,-
899,0.9922779922779923,S,0,-,0,-,0,-,0,-,0,-
900,0.48249027237354086,S,0,-,0,-,0.5454545454545454,A,0.6549707602339181,S,0,-
901,0.9961089494163424,S,0,-,0,-,0.5989847715736041,S,0.4853801169590643,M,0,-
902,0.78515625,L,0.6214941022280471,M,0.5271966527196653,V,0.9336734693877551,I,0.9651162790697675,I,0.7203065134099617,L
903,0.9765625,G,0,-,0.8613445378151261,S,0.9030612244897959,Q,0.9883720930232558,Q,0.3769230769230769,E
904,0.980544747081712,G,0,-,0.3776824034334764,G,0.4744897959183674,D,0.8692307692307693,G,0.49416342412451364,G
905,1.0,S,0,-,0.34763948497854075,K,0.958974358974359,Y,0.9461538461538461,Y,0.26744186046511625,G
906,0.7596899224806202,T,0,-,0.341991341991342,S,0.9387755102040817,T,0.9769230769230769,T,0.8429752066115702,P
907,0.7829457364341085,G,0,-,0.4541284403669725,S,0,-,0,-,0,-
908,0.9922779922779923,S,0,-,0.32407407407407407,V,0,-,0,-,0,-
909,0.8108108108108109,T,0,-,0.4212962962962963,Q,0,-,0,-,0,-
910,0.9961389961389961,P,0,-,0.365296803652968,K,0,-,0,-,0,-
911,0.9806201550387597,S,0,-,0.43171806167400884,S,0,-,0,-,0,-
912,0.9884169884169884,S,0,-,0.33771929824561403,K,0,-,0,-,0,-
913,0.972972972972973,S,0,-,0.35964912280701755,H,0,-,0,-,0,-
914,0.921875,I,0,-,0.4043478260869565,L,0,-,0,-,0,-
915,0.9883268482490273,S,0,-,0,-,0,-,0,-,0,-
916,0.7674418604651163,S,0,-,0,-,0.5714285714285714,R,0.695906432748538,M,0,-
917,0.9844961240310077,K,0.5183507023108291,K,0.4258373205741627,K,0.5736040609137056,R,0.5058139534883721,R,0,-
918,0.7713178294573644,S,0,-,0.384297520661157,E,0,-,0,-,0,-
919,0.9683794466403162,N,0,-,0,-,0,-,0,-,0,-
920,0.46215139442231074,S,0,-,0,-,0,-,0,-,0,-
921,0.7596899224806202,E,0,-,0,-,0,-,0,-,0,-
922,0.888030888030888,D,0,-,0,-,0,-,0,-,0,-
923,0.7265625,P,0,-,0,-,0,-,0,-,0,-
924,0.74609375,F,0,-,0,-,0,-,0,-,0,-
925,0.76953125,P,0,-,0,-,0,-,0,-,0,-
926,0.42412451361867703,Q,0,-,0,-,0,-,0,-,0,-
927,0.9533678756476683,P,0,-,0,-,0,-,0,-,0,-
928,0.546875,E,0,-,0,-,0,-,0,-,0,-
929,0,-,0,-,0,-,0,-,0,-,0,-
930,0,-,0,-,0,-,0,-,0,-,0,-
931,0,-,0,-,0,-,0,-,0,-,0,-
932,0,-,0,-,0,-,0,-,0,-,0,-
933,0,-,0,-,0,-,0,-,0,-,0,-
934,0,-,0,-,0,-,0,-,0,-,0,-
935,0,-,0,-,0,-,0,-,0,-,0,-
936,0,-,0,-,0,-,0,-,0,-,0,-
937,0,-,0,-,0,-,0,-,0,-,0,-
938,0,-,0,-,0,-,0,-,0,-,0,-
939,0,-,0,-,0,-,0,-,0,-,0,-
940,0.4669421487603306,S,0,-,0,-,0,-,0,-,0,-
941,0.3278008298755187,Q,0,-,0,-,0,-,0,-,0,-
942,0.6584362139917695,E,0,-,0,-,0,-,0,-,0,-
943,0,-,0,-,0,-,0,-,0,-,0,-
944,0,-,0,-,0,-,0,-,0,-,0,-
945,0,-,0,-,0,-,0,-,0,-,0,-
946,0,-,0,-,0,-,0,-,0,-,0,-
947,0,-,0,-,0,-,0,-,0,-,0,-
948,0,-,0,-,0,-,0,-,0,-,0,-
949,0,-,0,-,0,-,0,-,0,-,0,-
950,0,-,0,-,0,-,0,-,0,-,0,-
951,0,-,0,-,0,-,0,-,0,-,0,-
952,0,-,0,-,0,-,0,-,0,-,0,-
953,0,-,0,-,0,-,0,-,0,-,0,-
954,0,-,0,-,0,-,0,-,0,-,0,-
955,0.5416666666666666,Q,0,-,0,-,0,-,0,-,0,-
956,0,-,0,-,0,-,0,-,0,-,0,-
957,0.8578947368421053,Q,0,-,0,-,0,-,0,-,0,-
958,0.8272251308900523,Q,0,-,0,-,0,-,0,-,0,-
959,0.8958333333333334,Q,0,-,0,-,0,-,0,-,0,-
960,0.49321266968325794,P,0,-,0,-,0,-,0,-,0,-
961,0.509009009009009,R,0,-,0,-,0,-,0,-,0,-
962,0.7677165354330708,C,0,-,0,-,0,-,0,-,0,-
963,0.8700787401574803,K,0,-,0,-,0,-,0,-,0,-
964,0.7782101167315175,Q,0,-,0,-,0,-,0,-,0,-
965,0.7649402390438247,K,0,-,0.30357142857142855,N,0,-,0,-,0,-
966,0.9960629921259843,V,0,-,0.30493273542600896,V,0,-,0,-,0,-
967,0.5433070866141733,S,0,-,0.4099099099099099,S,0,-,0,-,0,-
968,0.9921259842519685,F,0,-,0,-,0,-,0,-,0,-
969,0.9803921568627451,G,0,-,0,-,0,-,0,-,0,-
970,0.9568627450980393,S,0,-,0,-,0,-,0,-,0,-
971,0.9921259842519685,G,0,-,0,-,0,-,0,-,0,-
972,0.9881889763779528,T,0,-,0,-,0,-,0,-,0,-
973,0.9921259842519685,V,0,-,0,-,0,-,0,-,0,-
974,0.9251968503937008,T,0,-,0,-,0,-,0,-,0,-
975,0.5335968379446641,L,0,-,0,-,0,-,0,-,0,-
976,1.0,S,0,-,0.4724770642201835,K,0,-,0,-,0.41106719367588934,E
977,0.968503937007874,L,0,-,0.6485148514851485,T,0,-,0,-,0.6414342629482072,E
978,0.9960629921259843,S,0,-,0.4520547945205479,L,0,-,0,-,0,-
979,0.9960629921259843,F,0,-,0,-,0,-,0,-,0,-
980,0.5118110236220472,E,0,-,0,-,0,-,0,-,0,-
981,0.9960629921259843,E,0,-,0,-,0,-,0,-,0,-
982,0.7401574803149606,P,0,-,0.45045045045045046,P,0,-,0,-,0,-
983,0.7362204724409449,Q,0,-,0.7589285714285714,R,0.34536082474226804,C,0.43609022556390975,R,0,-
984,0.83399209486166,K,0,-,0.8266666666666667,K,0.46236559139784944,G,0.706766917293233,D,0.42424242424242425,E
985,0.6126482213438735,N,0,-,0,-,0.5047619047619047,S,0,-,0.252212389380531,T
986,0.7380952380952381,A,0,-,0,-,0.44761904761904764,T,0,-,0.711864406779661,Q
987,0.549800796812749,M,0,-,0,-,0,-,0,-,0.39195979899497485,G
988,0.7171314741035857,A,0,-,0,-,0,-,0,-,0,-
989,0.5153061224489796,H,0,-,0,-,0,-,0,-,0,-
990,0.9175257731958762,R,0,-,0,-,0,-,0,-,0,-
991,0.9175257731958762,N,0,-,0,-,0,-,0,-,0,-
992,0.5233160621761658,S,0,-,0,-,0,-,0,-,0,-
993,0.4307692307692308,T,0,-,0,-,0,-,0,-,0,-
994,0.5663265306122449,H,0,-,0.9466666666666667,R,0,-,0,-,0,-
995,0.5228426395939086,Q,0,-,0.31555555555555553,I,0,-,0,-,0,-
996,0.885,N,0,-,0.8280542986425339,S,0,-,0,-,0,-
997,0.985,S,0,-,0.9646017699115044,S,0,-,0,-,0,-
998,0.98,L,0,-,0.8533333333333334,I,0,-,0,-,0,-
999,1.0,E,0,-,0,-,0,-,0,-,0,-
1000,0.865,A,0,-,0,-,0,-,0,-,0,-
1001,0.93,Q,0,-,0,-,0,-,0,-,0,-
1002,0.47738693467336685,K,0,-,0,-,0,-,0,-,0,-
1003,0.8492462311557789,S,0,-,0,-,0,-,0,-,0,-
1004,0.417910447761194,D,0,-,0,-,0,-,0,-,0,-
1005,0.8571428571428571,D,0,-,0,-,0,-,0,-,0,-
1006,0.42857142857142855,S,0,-,0,-,0,-,0,-,0,-
1007,0.9556650246305419,L,0,-,0,-,0,-,0,-,0,-
1008,0.4039408866995074,T,0,-,0,-,0,-,0,-,0,-
1009,0.8970588235294118,R,0,-,0,-,0,-,0,-,0,-
1010,0.946078431372549,H,0,-,0,-,0,-,0,-,0,-
1011,0.553921568627451,Q,0,-,0,-,0,-,0,-,0,-
1012,0.9509803921568627,A,0,-,0,-,0,-,0,-,0,-
1013,0.9852216748768473,L,0,-,0,-,0,-,0,-,0,-
1014,0.9702970297029703,L,0,-,0,-,0,-,0,-,0,-
1015,0.9752475247524752,P,0,-,0,-,0,-,0,-,0,-
1016,0.9802955665024631,L,0,-,0,-,0,-,0,-,0,-
1017,0.9507389162561576,Q,0,-,0,-,0,-,0,-,0,-
1018,0.4729064039408867,C,0,-,0,-,0,-,0,-,0,-
1019,0.4482758620689655,G,0,-,0,-,0,-,0,-,0,-
1020,0.8669950738916257,E,0,-,0,-,0,-,0,-,0,-
1021,0.37745098039215685,L,0,-,0,-,0,-,0,-,0,-
1022,0.5124378109452736,D,0,-,0,-,0,-,0,-,0,-
1023,0.5572139303482587,S,0,-,0,-,0,-,0,-,0,-
1024,0.7892156862745098,E,0,-,0,-,0,-,0,-,0,-
1025,0.4852941176470588,L,0,-,0,-,0,-,0,-,0,-
1026,0.3333333333333333,T,0,-,0,-,0,-,0,-,0,-
1027,0.4068627450980392,F,0,-,0,-,0,-,0,-,0,-
1028,0.5862068965517241,Q,0,-,0,-,0,-,0,-,0,-
1029,0.8817733990147784,E,0,-,0,-,0,-,0,-,0,-
1030,0.7142857142857143,T,0,-,0,-,0,-,0,-,0,-
1031,0.5198019801980198,G,0,-,0,-,0,-,0,-,0,-
1032,0.5323383084577115,L,0,-,0,-,0,-,0,-,0,-
1033,0.9203980099502488,Q,0,-,0,-,0,-,0,-,0,-
1034,0.5270935960591133,G,0,-,0,-,0,-,0,-,0,-
1035,0.4876847290640394,P,0,-,0,-,0,-,0,-,0,-
1036,0.7213930348258707,V,0,-,0,-,0,-,0,-,0,-
1037,0.42786069651741293,G,0,-,0,-,0,-,0,-,0,-
1038,0.8861386138613861,G,0,-,0,-,0,-,0,-,0,-
1039,0.8472906403940886,D,0,-,0,-,0,-,0,-,0,-
1040,0,-,0,-,0,-,0,-,0,-,0,-
1041,0.3582089552238806,Q,0,-,0,-,0,-,0,-,0,-
1042,0.5124378109452736,P,0,-,0,-,0,-,0,-,0,-
1043,0.9,E,0,-,0,-,0,-,0,-,0,-
1044,0,-,0,-,0,-,0,-,0,-,0,-
1045,0.8465346534653465,E,0,-,0,-,0,-,0,-,0,-
1046,0.3891625615763547,D,0,-,0,-,0,-,0,-,0,-
1047,0.8768472906403941,P,0,-,0,-,0,-,0,-,0,-
1048,0.5879396984924623,E,0,-,0,-,0,-,0,-,0,-
1049,0.9393939393939394,E,0,-,0,-,0,-,0,-,0,-
1050,0.38,M,0,-,0,-,0,-,0,-,0,-
1051,0.5174129353233831,S,0,-,0,-,0,-,0,-,0,-
1052,0.9408866995073891,P,0,-,0,-,0,-,0,-,0,-
1053,0.5467980295566502,A,0,-,0,-,0,-,0,-,0,-
1054,0.9310344827586207,L,0,-,0,-,0,-,0,-,0,-
1055,0.565,V,0,-,0,-,0,-,0,-,0,-
1056,0.5073891625615764,V,0,-,0,-,0,-,0,-,0,-
1057,0.5763546798029556,S,0,-,0,-,0,-,0,-,0,-
1058,0.6206896551724138,N,0,-,0,-,0,-,0,-,0,-
1059,0.9362745098039216,S,0,-,0,-,0,-,0,-,0,-
1060,0.7303921568627451,R,0,-,0,-,0,-,0,-,0,-
1061,0.5490196078431373,S,0,-,0,-,0,-,0,-,0,-
1062,0.9554455445544554,F,0,-,0,-,0,-,0,-,0,-
1063,0.6019900497512438,V,0,-,0,-,0,-,0,-,0,-
1064,0.5841584158415841,I,0,-,0,-,0,-,0,-,0,-
1065,0.6287128712871287,S,0,-,0,-,0,-,0,-,0,-
1066,0.8811881188118812,G,0,-,0,-,0,-,0,-,0,-
1067,0.9430051813471503,G,0,-,0,-,0,-,0,-,0,-
1068,0.9326424870466321,G,0,-,0,-,0,-,0,-,0,-
1069,0.9746192893401016,S,0,-,0,-,0,-,0,-,0,-
1070,0,-,0,-,0,-,0,-,0,-,0,-
1071,0.8811881188118812,V,0,-,0,-,0,-,0,-,0,-
1072,0.9158415841584159,T,0,-,0,-,0,-,0,-,0,-
1073,0.9801980198019802,E,0,-,0,-,0,-,0,-,0,-
1074,0.9653465346534653,N,0,-,0,-,0,-,0,-,0,-
1075,0.36318407960199006,T,0,-,0,-,0,-,0,-,0,-
1076,0.5323383084577115,L,0,-,0,-,0,-,0,-,0,-
1077,0.7810945273631841,H,0,-,0,-,0,-,0,-,0,-
1078,0.95,S,0,-,0,-,0,-,0,-,0,-
