position,aa_0,CaSR_a0,GPRC6A_a0,TAS1R1_a0,TAS1R2_a0,TAS1R3_a0,CaSR_like_a0,zimmerman_polarity_a0,average_flexibility_a0,dayhoff_a0,avg_buried_area_a0,hydropathicity_a0,atomic_weight_ratio_a0,molecular_weight_a0,bulkiness_a0,tm_tendency_a0,VFT,CR,TM,ICL,ECL,Cytoplasmic,aa_1,zimmerman_polarity_a1,average_flexibility_a1,dayhoff_a1,avg_buried_area_a1,hydropathicity_a1,atomic_weight_ratio_a1,molecular_weight_a1,bulkiness_a1,tm_tendency_a1,consequence
173,L,1.0,0.0,0.1069182389937107,0.0,0.11057692307692307,0.04374389051808407,0.13,0.37,40.0,164.1,3.8,0.0,131.0,21.4,1.82,1,0,0,0,0,0,F,0.0,0.0,0.0,0.0,0.0,0.0036656891495601175,0.35,0.31,41.0,194.1,2.8,0.0,165.0,19.8,1.98,gain-of-function
601,K,1.0,0.9948186528497409,0.0,0.028985507246376812,0.009259259259259259,0.8587556447566482,49.5,0.47,56.0,115.5,-3.9,0.33,146.0,15.71,-3.46,0,1,0,0,0,0,N,0.0,0.0,0.0,0.007246376811594203,0.0,0.0010035122930255895,3.38,0.46,134.0,103.3,-3.5,1.33,132.0,12.82,-1.62,loss-of-function
245,Q,1.0,0.026737967914438502,0.0,0.0,0.009900990099009901,0.018107277075503928,3.53,0.49,93.0,119.2,-3.5,0.89,146.0,14.45,-1.84,1,0,0,0,0,0,R,0.0,0.0,0.0,0.04,0.009900990099009901,0.32832251451998634,52.0,0.53,65.0,162.2,-4.5,0.65,174.0,14.28,-2.57,gain-of-function
887,A,1.0,0.05181347150259067,0.0,0.0,0.0,0.09946236559139784,0.0,0.36,100.0,86.6,1.8,0.0,89.0,11.5,0.38,0,0,0,0,0,1,D,0.0,0.0,0.0,0.0,0.0,0.0007331378299120235,49.7,0.51,106.0,97.8,-3.5,1.38,133.0,11.68,-3.27,loss-of-function
345,N,0.9950248756218906,0.9555555555555556,0.16339869281045752,0.15217391304347827,0.26108374384236455,0.26093951093951095,3.38,0.46,134.0,103.3,-3.5,1.33,132.0,12.82,-1.62,1,0,0,0,0,0,I,0.0,0.0,0.006535947712418301,0.0,0.0049261083743842365,0.00933075933075933,0.13,0.46,96.0,158.0,4.5,0.0,131.0,21.4,1.97,loss-of-function
131,C,1.0,0.9887640449438202,0.0,0.0,0.0,0.9594017094017094,1.48,0.35,20.0,132.3,2.5,2.75,121.0,13.46,-0.3,1,0,0,0,0,0,S,0.0,0.011235955056179775,0.0,0.0,0.0,0.004273504273504274,1.67,0.51,120.0,85.6,-0.8,1.42,105.0,9.47,-0.53,gain-of-function
582,C,1.0,0.9948186528497409,0.9938650306748467,0.9926470588235294,1.0,0.9951801116184678,1.48,0.35,20.0,132.3,2.5,2.75,121.0,13.46,-0.3,0,1,0,0,0,0,Y,0.0,0.0051813471502590676,0.006134969325153374,0.0,0.0,0.0012683916793505834,1.61,0.42,41.0,177.7,-1.3,0.2,181.0,18.03,0.49,loss-of-function
551,R,1.0,0.0106951871657754,0.6196319018404908,0.0364963503649635,0.8066037735849056,0.7427275153456098,52.0,0.53,65.0,162.2,-4.5,0.65,174.0,14.28,-2.57,1,0,0,0,0,0,K,0.0,0.9893048128342246,0.26993865030674846,0.9635036496350365,0.04245283018867924,0.015745930077395248,49.5,0.47,56.0,115.5,-3.9,0.33,146.0,15.71,-3.46,loss-of-function
166,S,1.0,0.8823529411764706,0.9937106918238994,0.296875,0.9951923076923077,0.06915933528836754,1.67,0.51,120.0,85.6,-0.8,1.42,105.0,9.47,-0.53,1,0,0,0,0,0,G,0.0,0.10695187165775401,0.0,0.0,0.0,0.005865102639296188,0.0,0.54,49.0,62.9,-0.4,0.74,75.0,3.4,-0.19,loss-of-function
595,H,1.0,0.0,0.012121212121212121,0.0,0.009259259259259259,0.05474635861376193,51.6,0.32,66.0,155.8,-3.2,0.58,155.0,13.69,-1.44,0,1,0,0,0,0,Y,0.0,0.0,0.0,0.0,0.0,0.0,1.61,0.42,41.0,177.7,-1.3,0.2,181.0,18.03,0.49,loss-of-function
171,S,0.9950248756218906,0.005376344086021506,0.0,0.21875,0.004807692307692308,0.016373411534701857,1.67,0.51,120.0,85.6,-0.8,1.42,105.0,9.47,-0.53,1,0,0,0,0,0,N,0.0,0.0,0.0,0.046875,0.009615384615384616,0.0012218963831867058,3.38,0.46,134.0,103.3,-3.5,1.33,132.0,12.82,-1.62,loss-of-function
221,P,1.0,0.0,0.0,0.0,0.0,0.0006121824303642485,1.58,0.51,56.0,92.9,-1.6,0.39,115.0,17.43,-1.44,1,0,0,0,0,0,L,0.0,0.43575418994413406,0.4012738853503185,0.0,0.0,0.030609121518212427,0.13,0.37,40.0,164.1,3.8,0.0,131.0,21.4,1.82,gain-of-function
701,R,0.9952380952380953,0.0,0.006060606060606061,0.0,0.004608294930875576,0.0,52.0,0.53,65.0,162.2,-4.5,0.65,174.0,14.28,-2.57,0,0,1,0,0,0,P,0.0,0.0,0.0,0.0,0.0,0.0004887585532746823,1.58,0.51,56.0,92.9,-1.6,0.39,115.0,17.43,-1.44,loss-of-function
831,K,1.0,0.927461139896373,0.45962732919254656,0.19402985074626866,0.2777777777777778,0.9236058059587471,49.5,0.47,56.0,115.5,-3.9,0.33,146.0,15.71,-3.46,0,0,1,0,0,0,T,0.0,0.0,0.06832298136645963,0.007462686567164179,0.046296296296296294,0.004074357015533486,1.66,0.44,97.0,106.5,-0.7,0.71,119.0,15.77,-0.32,gain-of-function
208,W,1.0,0.9838709677419355,1.0,1.0,0.9951690821256038,0.9908424908424909,2.1,0.31,18.0,224.6,-0.9,0.13,204.0,21.67,1.53,1,0,0,0,0,0,S,0.0,0.0,0.0,0.0,0.0,0.0006105006105006105,1.67,0.51,120.0,85.6,-0.8,1.42,105.0,9.47,-0.53,loss-of-function
869,I,0.9855769230769231,0.0,0.0,0.0,0.0,0.011485826001955034,0.13,0.46,96.0,158.0,4.5,0.0,131.0,21.4,1.97,0,0,0,0,0,1,M,0.0,0.0,0.0,0.0,0.0,0.0007331378299120235,1.43,0.3,94.0,172.9,1.9,0.0,149.0,16.25,1.4,loss-of-function
829,Y,0.9904306220095693,0.0,0.0,0.0,0.0,0.00024437927663734115,1.61,0.42,41.0,177.7,-1.3,0.2,181.0,18.03,0.49,0,0,0,0,1,0,C,0.0,0.0,0.0,0.0,0.0,0.0,1.48,0.35,20.0,132.3,2.5,2.75,121.0,13.46,-0.3,gain-of-function
175,S,1.0,1.0,0.7987421383647799,0.25806451612903225,0.9710144927536232,0.7509351620947631,1.67,0.51,120.0,85.6,-0.8,1.42,105.0,9.47,-0.53,1,0,0,0,0,0,I,0.0,0.0,0.0,0.0,0.0,0.004364089775561097,0.13,0.46,96.0,158.0,4.5,0.0,131.0,21.4,1.97,loss-of-function
773,L,1.0,0.9948186528497409,0.3057324840764331,0.0,0.04225352112676056,0.9076114171256885,0.13,0.37,40.0,164.1,3.8,0.0,131.0,21.4,1.82,0,0,1,0,0,0,R,0.0,0.0,0.0,0.0,0.0,0.0002503755633450175,52.0,0.53,65.0,162.2,-4.5,0.65,174.0,14.28,-2.57,gain-of-function
613,G,1.0,0.0,0.0,0.23357664233576642,0.0,0.9145,0.0,0.54,49.0,62.9,-0.4,0.74,75.0,3.4,-0.19,0,0,1,0,0,0,R,0.0,0.0,0.0,0.0,0.0,0.0005,52.0,0.53,65.0,162.2,-4.5,0.65,174.0,14.28,-2.57,loss-of-function
127,E,0.9900497512437811,0.0,0.0,0.0,0.0,0.0,49.9,0.5,102.0,113.9,-3.5,0.92,147.0,13.57,-2.9,1,0,0,0,0,0,G,0.004975124378109453,0.0,0.0,0.0,0.0,0.0007331378299120235,0.0,0.54,49.0,62.9,-0.4,0.74,75.0,3.4,-0.19,gain-of-function
835,A,1.0,0.9585492227979274,0.825,0.2074074074074074,0.41203703703703703,0.9121776870053613,0.0,0.36,100.0,86.6,1.8,0.0,89.0,11.5,0.38,0,0,1,0,0,0,T,0.0,0.0051813471502590676,0.03125,0.02962962962962963,0.05555555555555555,0.01148838396732193,1.66,0.44,97.0,106.5,-0.7,0.71,119.0,15.77,-0.32,gain-of-function
845,S,1.0,0.015544041450777202,0.0,0.0,0.1712962962962963,0.844818785094436,1.67,0.51,120.0,85.6,-0.8,1.42,105.0,9.47,-0.53,0,0,1,0,0,0,N,0.0,0.9792746113989638,0.0,0.0,0.2638888888888889,0.009954058192955589,3.38,0.46,134.0,103.3,-3.5,1.33,132.0,12.82,-1.62,gain-of-function
1,M,0.9949494949494949,1.0,0.9384615384615385,0.9243697478991597,0.9154228855721394,0.27346041055718473,1.43,0.3,94.0,172.9,1.9,0.0,149.0,16.25,1.4,1,0,0,0,0,0,R,0.0,0.0,0.0,0.0,0.004975124378109453,0.0009775171065493646,52.0,0.53,65.0,162.2,-4.5,0.65,174.0,14.28,-2.57,loss-of-function
802,N,0.7952380952380952,1.0,0.8633540372670807,0.9558823529411765,0.9539170506912442,0.958594730238394,3.38,0.46,134.0,103.3,-3.5,1.33,132.0,12.82,-1.62,0,0,1,0,0,0,I,0.0,0.0,0.006211180124223602,0.0,0.0,0.0002509410288582183,0.13,0.46,96.0,158.0,4.5,0.0,131.0,21.4,1.97,gain-of-function
767,E,0.9952380952380953,0.9844559585492227,0.532051282051282,0.0,0.009302325581395349,0.36197394789579157,49.9,0.5,102.0,113.9,-3.5,0.92,147.0,13.57,-2.9,0,0,0,0,1,0,Q,0.0,0.0051813471502590676,0.07051282051282051,0.0,0.0,0.00751503006012024,3.53,0.49,93.0,119.2,-3.5,0.89,146.0,14.45,-1.84,gain-of-function
640,T,1.0,0.9326424870466321,0.9818181818181818,0.9635036496350365,0.5231481481481481,0.905552801189886,1.66,0.44,97.0,106.5,-0.7,0.71,119.0,15.77,-0.32,0,0,0,1,0,0,I,0.0,0.0,0.0,0.0,0.004629629629629629,0.0037183936539414973,0.13,0.46,96.0,158.0,4.5,0.0,131.0,21.4,1.97,loss-of-function
227,R,0.7910447761194029,0.0,0.006329113924050633,0.10852713178294573,0.0,0.1466222356861557,52.0,0.53,65.0,162.2,-4.5,0.65,174.0,14.28,-2.57,1,0,0,0,0,0,G,0.0,0.0,0.0,0.14728682170542637,0.0,0.003332323538321721,0.0,0.54,49.0,62.9,-0.4,0.74,75.0,3.4,-0.19,loss-of-function
128,F,1.0,0.7142857142857143,0.17567567567567569,0.0,0.0,0.04423264907135875,0.35,0.31,41.0,194.1,2.8,0.0,165.0,19.8,1.98,1,0,0,0,0,0,L,0.0,0.027472527472527472,0.3108108108108108,0.0390625,0.0,0.001466275659824047,0.13,0.37,40.0,164.1,3.8,0.0,131.0,21.4,1.82,gain-of-function
69,R,1.0,0.016483516483516484,0.0,0.23622047244094488,0.0,0.3869851159570786,52.0,0.53,65.0,162.2,-4.5,0.65,174.0,14.28,-2.57,1,0,0,0,0,0,H,0.0,0.02197802197802198,0.9054054054054054,0.0,0.0048543689320388345,0.036690896503980615,51.6,0.32,66.0,155.8,-3.2,0.58,155.0,13.69,-1.44,loss-of-function
888,T,0.9951456310679612,0.010471204188481676,0.0,0.0,0.0,0.0004887585532746823,1.66,0.44,97.0,106.5,-0.7,0.71,119.0,15.77,-0.32,0,0,0,0,0,1,M,0.0,0.0,0.0,0.0,0.0,0.0,1.43,0.3,94.0,172.9,1.9,0.0,149.0,16.25,1.4,gain-of-function
218,Y,1.0,0.6827956989247311,0.9873417721518988,0.9224806201550387,0.9855769230769231,0.5999386879215205,1.61,0.42,41.0,177.7,-1.3,0.2,181.0,18.03,0.49,1,0,0,0,0,0,S,0.0,0.0,0.0,0.0,0.0,0.0407725321888412,1.67,0.51,120.0,85.6,-0.8,1.42,105.0,9.47,-0.53,loss-of-function
747,P,1.0,1.0,0.2948717948717949,0.24242424242424243,0.9255813953488372,0.873003992015968,1.58,0.51,56.0,92.9,-1.6,0.39,115.0,17.43,-1.44,0,0,0,0,1,0,L,0.0,0.0,0.0,0.0,0.0,0.001746506986027944,0.13,0.37,40.0,164.1,3.8,0.0,131.0,21.4,1.82,loss-of-function
253,Q,0.8059701492537313,0.0,0.46496815286624205,0.05384615384615385,0.3121951219512195,0.14931573802541545,3.53,0.49,93.0,119.2,-3.5,0.89,146.0,14.45,-1.84,1,0,0,0,0,0,H,0.004975124378109453,0.0053475935828877,0.1337579617834395,0.0,0.00975609756097561,0.010263929618768328,51.6,0.32,66.0,155.8,-3.2,0.58,155.0,13.69,-1.44,loss-of-function
509,G,1.0,0.0,0.9875776397515528,0.24242424242424243,1.0,0.9763620639953877,0.0,0.54,49.0,62.9,-0.4,0.74,75.0,3.4,-0.19,1,0,0,0,0,0,R,0.0,0.0,0.0,0.0,0.0,0.0002882675122513693,52.0,0.53,65.0,162.2,-4.5,0.65,174.0,14.28,-2.57,loss-of-function
397,G,1.0,0.0051813471502590676,0.0,0.021739130434782608,0.0,0.7061728395061728,0.0,0.54,49.0,62.9,-0.4,0.74,75.0,3.4,-0.19,1,0,0,0,0,0,R,0.0,0.0,0.0,0.0,0.0,0.018827160493827162,52.0,0.53,65.0,162.2,-4.5,0.65,174.0,14.28,-2.57,loss-of-function
140,A,1.0,0.9945652173913043,0.9161290322580645,0.9457364341085271,0.9808612440191388,0.6234360695758315,0.0,0.36,100.0,86.6,1.8,0.0,89.0,11.5,0.38,1,0,0,0,0,0,V,0.0,0.005434782608695652,0.01935483870967742,0.0,0.014354066985645933,0.0778150747635032,0.13,0.39,74.0,141.0,4.2,0.0,117.0,21.57,1.46,loss-of-function
816,I,0.9952380952380953,0.0,0.0,0.0,0.0,0.0,0.13,0.46,96.0,158.0,4.5,0.0,131.0,21.4,1.97,0,0,1,0,0,0,T,0.004761904761904762,0.0,0.0,0.0,0.0,0.0,1.66,0.44,97.0,106.5,-0.7,0.71,119.0,15.77,-0.32,loss-of-function
66,R,1.0,0.04945054945054945,0.0,0.0,0.0,0.2739491691104594,52.0,0.53,65.0,162.2,-4.5,0.65,174.0,14.28,-2.57,1,0,0,0,0,0,H,0.0,0.0,0.0,0.0,0.004878048780487805,0.002688172043010753,51.6,0.32,66.0,155.8,-3.2,0.58,155.0,13.69,-1.44,loss-of-function
131,C,1.0,0.9887640449438202,0.0,0.0,0.0,0.9594017094017094,1.48,0.35,20.0,132.3,2.5,2.75,121.0,13.46,-0.3,1,0,0,0,0,0,F,0.0,0.0,0.0,0.0,0.0,0.0018315018315018315,0.35,0.31,41.0,194.1,2.8,0.0,165.0,19.8,1.98,gain-of-function
816,I,0.9952380952380953,0.0,0.0,0.0,0.0,0.0,0.13,0.46,96.0,158.0,4.5,0.0,131.0,21.4,1.97,0,0,1,0,0,0,V,0.0,0.0,0.0,0.0,0.0,0.00024437927663734115,0.13,0.39,74.0,141.0,4.2,0.0,117.0,21.57,1.46,loss-of-function
556,E,0.8097560975609757,0.0,0.0,0.06569343065693431,0.0,0.335556148306215,49.9,0.5,102.0,113.9,-3.5,0.92,147.0,13.57,-2.9,1,0,0,0,0,0,K,0.0,0.0,0.006172839506172839,0.0,0.9952830188679245,0.4457188583622299,49.5,0.47,56.0,115.5,-3.9,0.33,146.0,15.71,-3.46,gain-of-function
185,R,1.0,0.956989247311828,0.9685534591194969,0.9612403100775194,0.9903381642512077,0.677070457354759,52.0,0.53,65.0,162.2,-4.5,0.65,174.0,14.28,-2.57,1,0,0,0,0,0,G,0.0,0.0,0.0,0.0,0.0,0.0006180469715698393,0.0,0.54,49.0,62.9,-0.4,0.74,75.0,3.4,-0.19,loss-of-function
778,G,1.0,0.0,0.4805194805194805,0.0,0.3395348837209302,0.8976357495453364,0.0,0.54,49.0,62.9,-0.4,0.74,75.0,3.4,-0.19,0,0,1,0,0,0,R,0.0,0.0,0.0,0.0,0.0,0.0005196154845414394,52.0,0.53,65.0,162.2,-4.5,0.65,174.0,14.28,-2.57,loss-of-function
638,R,0.9857142857142858,0.13471502590673576,0.0,0.0364963503649635,0.5370370370370371,0.6000992309600596,52.0,0.53,65.0,162.2,-4.5,0.65,174.0,14.28,-2.57,0,0,0,1,0,0,L,0.0,0.7046632124352331,0.793939393939394,0.13138686131386862,0.2916666666666667,0.013644257008186554,0.13,0.37,40.0,164.1,3.8,0.0,131.0,21.4,1.82,loss-of-function
191,E,0.9950248756218906,0.08064516129032258,0.08176100628930817,0.11627906976744186,0.009615384615384616,0.036412512218963834,49.9,0.5,102.0,113.9,-3.5,0.92,147.0,13.57,-2.9,1,0,0,0,0,0,K,0.0,0.026881720430107527,0.6352201257861635,0.03875968992248062,0.5,0.024926686217008796,49.5,0.47,56.0,115.5,-3.9,0.33,146.0,15.71,-3.46,gain-of-function
231,E,0.9353233830845771,0.053763440860215055,0.0,0.007246376811594203,0.0,0.12878787878787878,49.9,0.5,102.0,113.9,-3.5,0.92,147.0,13.57,-2.9,1,0,0,0,0,0,K,0.0,0.05913978494623656,0.0,0.17391304347826086,0.0,0.045454545454545456,49.5,0.47,56.0,115.5,-3.9,0.33,146.0,15.71,-3.46,loss-of-function
585,C,1.0,0.9844559585492227,1.0,1.0,1.0,0.996454798683211,1.48,0.35,20.0,132.3,2.5,2.75,121.0,13.46,-0.3,0,1,0,0,0,0,F,0.0,0.0,0.0,0.0,0.0,0.0005064573309698658,0.35,0.31,41.0,194.1,2.8,0.0,165.0,19.8,1.98,loss-of-function
568,C,0.9951219512195122,0.9946524064171123,0.9937888198757764,0.9927007299270073,1.0,0.9911976527073887,1.48,0.35,20.0,132.3,2.5,2.75,121.0,13.46,-0.3,0,1,0,0,0,0,Y,0.0,0.0,0.0,0.0072992700729927005,0.0,0.00026673779674579886,1.61,0.42,41.0,177.7,-1.3,0.2,181.0,18.03,0.49,loss-of-function
553,G,0.9951219512195122,0.0,0.0,0.0,0.0,0.0,0.0,0.54,49.0,62.9,-0.4,0.74,75.0,3.4,-0.19,1,0,0,0,0,0,R,0.0,0.0,0.0,0.0,0.0,0.00024437927663734115,52.0,0.53,65.0,162.2,-4.5,0.65,174.0,14.28,-2.57,loss-of-function
742,W,1.0,0.989247311827957,0.5612903225806452,0.007518796992481203,0.009302325581395349,0.9605690042425755,2.1,0.31,18.0,224.6,-0.9,0.13,204.0,21.67,1.53,0,0,1,0,0,0,R,0.0,0.0,0.27741935483870966,0.0,0.0,0.0014973795857249812,52.0,0.53,65.0,162.2,-4.5,0.65,174.0,14.28,-2.57,loss-of-function
612,F,1.0,0.5544041450777202,0.006097560975609756,0.0,0.0,0.0057644110275689225,0.35,0.31,41.0,194.1,2.8,0.0,165.0,19.8,1.98,0,0,1,0,0,0,S,0.0,0.0,0.0,0.12408759124087591,0.014018691588785047,0.004761904761904762,1.67,0.51,120.0,85.6,-0.8,1.42,105.0,9.47,-0.53,gain-of-function
165,V,0.7910447761194029,0.7593582887700535,0.15723270440251572,0.2734375,0.6826923076923077,0.4303049159925327,0.13,0.39,74.0,141.0,4.2,0.0,117.0,21.57,1.46,1,0,0,0,0,0,D,0.0,0.0,0.0,0.0,0.0,0.0,49.7,0.51,106.0,97.8,-3.5,1.38,133.0,11.68,-3.27,loss-of-function
760,I,0.9761904761904762,0.8704663212435233,0.34838709677419355,0.21212121212121213,0.009302325581395349,0.8615423134702053,0.13,0.46,96.0,158.0,4.5,0.0,131.0,21.4,1.97,0,0,0,0,1,0,N,0.0,0.0,0.0,0.007575757575757576,0.0,0.0007511266900350526,3.38,0.46,134.0,103.3,-3.5,1.33,132.0,12.82,-1.62,loss-of-function
670,G,1.0,0.7409326424870466,0.9570552147239264,0.9111111111111111,0.9719626168224299,0.96575682382134,0.0,0.54,49.0,62.9,-0.4,0.74,75.0,3.4,-0.19,0,0,0,0,1,0,E,0.0,0.0,0.0,0.0,0.004672897196261682,0.0009925558312655087,49.9,0.5,102.0,113.9,-3.5,0.92,147.0,13.57,-2.9,loss-of-function
827,S,0.9952153110047847,0.0,0.0,0.0,0.0,0.9514242115971516,1.67,0.51,120.0,85.6,-0.8,1.42,105.0,9.47,-0.53,0,0,1,0,0,0,R,0.004784688995215311,0.0,0.0,0.0,0.0,0.000508646998982706,52.0,0.53,65.0,162.2,-4.5,0.65,174.0,14.28,-2.57,loss-of-function
571,G,1.0,0.0,0.6993865030674846,0.9854014598540146,0.7358490566037735,0.792332268370607,0.0,0.54,49.0,62.9,-0.4,0.74,75.0,3.4,-0.19,0,1,0,0,0,0,W,0.0,0.0,0.0,0.0,0.0,0.0007987220447284345,2.1,0.31,18.0,224.6,-0.9,0.13,204.0,21.67,1.53,loss-of-function
811,M,1.0,0.9896373056994818,0.006172839506172839,0.7333333333333333,0.4351851851851852,0.9678643724696356,1.43,0.3,94.0,172.9,1.9,0.0,149.0,16.25,1.4,0,0,1,0,0,0,V,0.0,0.0,0.0,0.022222222222222223,0.023148148148148147,0.0007591093117408907,0.13,0.39,74.0,141.0,4.2,0.0,117.0,21.57,1.46,gain-of-function
768,G,1.0,1.0,0.03205128205128205,0.19327731092436976,0.018691588785046728,0.941397445529677,0.0,0.54,49.0,62.9,-0.4,0.74,75.0,3.4,-0.19,0,0,0,0,1,0,V,0.0,0.0,0.0641025641025641,0.0,0.0,0.005509641873278237,0.13,0.39,74.0,141.0,4.2,0.0,117.0,21.57,1.46,loss-of-function
124,N,0.9851485148514851,0.9594594594594594,0.2462686567164179,0.1326530612244898,0.784688995215311,0.37316715542521994,3.38,0.46,134.0,103.3,-3.5,1.33,132.0,12.82,-1.62,1,0,0,0,0,0,K,0.0,0.0,0.0,0.0,0.0,0.014418377321603127,49.5,0.47,56.0,115.5,-3.9,0.33,146.0,15.71,-3.46,gain-of-function
127,E,0.9900497512437811,0.0,0.0,0.0,0.0,0.0,49.9,0.5,102.0,113.9,-3.5,0.92,147.0,13.57,-2.9,1,0,0,0,0,0,K,0.0,0.0,0.0,0.0,0.0,0.0,49.5,0.47,56.0,115.5,-3.9,0.33,146.0,15.71,-3.46,gain-of-function
795,R,1.0,1.0,0.012422360248447204,0.044444444444444446,0.03255813953488372,0.9643484810444388,52.0,0.53,65.0,162.2,-4.5,0.65,174.0,14.28,-2.57,0,0,1,0,0,0,P,0.0,0.0,0.0,0.0,0.009302325581395349,0.00025106703489831785,1.58,0.51,56.0,92.9,-1.6,0.39,115.0,17.43,-1.44,loss-of-function
136,P,1.0,0.0,0.0,0.0,0.0,0.00024437927663734115,1.58,0.51,56.0,92.9,-1.6,0.39,115.0,17.43,-1.44,1,0,0,0,0,0,L,0.0,0.0,0.0,0.0,0.0,0.0,0.13,0.37,40.0,164.1,3.8,0.0,131.0,21.4,1.82,gain-of-function
27,Q,0.9899497487437185,0.0,0.21428571428571427,0.00819672131147541,0.1890547263681592,0.00855327468230694,3.53,0.49,93.0,119.2,-3.5,0.89,146.0,14.45,-1.84,1,0,0,0,0,0,P,0.0,0.9325842696629213,0.6142857142857143,0.32786885245901637,0.4577114427860697,0.06451612903225806,1.58,0.51,56.0,92.9,-1.6,0.39,115.0,17.43,-1.44,loss-of-function
215,D,1.0,1.0,0.5534591194968553,0.27906976744186046,0.821256038647343,0.6792164064891337,49.7,0.51,106.0,97.8,-3.5,1.38,133.0,11.68,-3.27,1,0,0,0,0,0,G,0.0,0.0,0.0,0.20155038759689922,0.004830917874396135,0.008264462809917356,0.0,0.54,49.0,62.9,-0.4,0.74,75.0,3.4,-0.19,loss-of-function
116,A,1.0,0.08196721311475409,0.28846153846153844,0.5503875968992248,0.4354066985645933,0.009928637914986037,0.0,0.36,100.0,86.6,1.8,0.0,89.0,11.5,0.38,1,0,0,0,0,0,P,0.0,0.00546448087431694,0.0,0.0,0.0,0.004033509152963078,1.58,0.51,56.0,92.9,-1.6,0.39,115.0,17.43,-1.44,gain-of-function
218,Y,1.0,0.6827956989247311,0.9873417721518988,0.9224806201550387,0.9855769230769231,0.5999386879215205,1.61,0.42,41.0,177.7,-1.3,0.2,181.0,18.03,0.49,1,0,0,0,0,0,C,0.0,0.0,0.0,0.031007751937984496,0.0,0.00030656039239730225,1.48,0.35,20.0,132.3,2.5,2.75,121.0,13.46,-0.3,loss-of-function
734,M,0.44976076555023925,0.005208333333333333,0.0,0.0,0.014150943396226415,0.012243878060969516,1.43,0.3,94.0,172.9,1.9,0.0,149.0,16.25,1.4,0,0,1,0,0,0,R,0.0,0.0,0.0,0.0,0.0,0.0,52.0,0.53,65.0,162.2,-4.5,0.65,174.0,14.28,-2.57,loss-of-function
546,C,1.0,0.989010989010989,0.9815950920245399,0.9779411764705882,0.9953271028037384,0.9876873661670236,1.48,0.35,20.0,132.3,2.5,2.75,121.0,13.46,-0.3,1,0,0,0,0,0,S,0.0,0.0,0.006134969325153374,0.007352941176470588,0.0,0.0010706638115631692,1.67,0.51,120.0,85.6,-0.8,1.42,105.0,9.47,-0.53,loss-of-function
143,G,1.0,1.0,0.9935897435897436,0.9924242424242424,1.0,0.5904203323558163,0.0,0.54,49.0,62.9,-0.4,0.74,75.0,3.4,-0.19,1,0,0,0,0,0,E,0.0,0.0,0.00641025641025641,0.0,0.0,0.01270772238514174,49.9,0.5,102.0,113.9,-3.5,0.92,147.0,13.57,-2.9,loss-of-function
555,I,0.9902439024390244,0.0,0.1901840490797546,0.0,0.21226415094339623,0.00024437927663734115,0.13,0.46,96.0,158.0,4.5,0.0,131.0,21.4,1.97,1,0,0,0,0,0,T,0.0,0.0,0.018404907975460124,0.0,0.0,0.0,1.66,0.44,97.0,106.5,-0.7,0.71,119.0,15.77,-0.32,loss-of-function
159,L,0.9900990099009901,0.972972972972973,0.04516129032258064,0.8372093023255814,0.009615384615384616,0.4314965371875941,0.13,0.37,40.0,164.1,3.8,0.0,131.0,21.4,1.82,1,0,0,0,0,0,F,0.0049504950495049506,0.0,0.0,0.015503875968992248,0.8990384615384616,0.012947907256850346,0.35,0.31,41.0,194.1,2.8,0.0,165.0,19.8,1.98,loss-of-function
591,S,1.0,0.23834196891191708,0.18181818181818182,1.0,0.9166666666666666,0.43227593152064453,1.67,0.51,120.0,85.6,-0.8,1.42,105.0,9.47,-0.53,0,1,0,0,0,0,C,0.0,0.0,0.0,0.0,0.0,0.0,1.48,0.35,20.0,132.3,2.5,2.75,121.0,13.46,-0.3,loss-of-function
47,K,0.9848484848484849,0.006369426751592357,0.02976190476190476,0.0,0.0,0.13636363636363635,49.5,0.47,56.0,115.5,-3.9,0.33,146.0,15.71,-3.46,1,0,0,0,0,0,N,0.005050505050505051,0.012738853503184714,0.0,0.0,0.010256410256410256,0.013196480938416423,3.38,0.46,134.0,103.3,-3.5,1.33,132.0,12.82,-1.62,gain-of-function
509,G,1.0,0.0,0.9875776397515528,0.24242424242424243,1.0,0.9763620639953877,0.0,0.54,49.0,62.9,-0.4,0.74,75.0,3.4,-0.19,1,0,0,0,0,0,E,0.0,0.0,0.0,0.0,0.0,0.0017296050735082155,49.9,0.5,102.0,113.9,-3.5,0.92,147.0,13.57,-2.9,loss-of-function
173,L,1.0,0.0,0.1069182389937107,0.0,0.11057692307692307,0.04374389051808407,0.13,0.37,40.0,164.1,3.8,0.0,131.0,21.4,1.82,1,0,0,0,0,0,P,0.0,0.0,0.006289308176100629,0.0,0.0,0.0019550342130987292,1.58,0.51,56.0,92.9,-1.6,0.39,115.0,17.43,-1.44,loss-of-function
185,R,1.0,0.956989247311828,0.9685534591194969,0.9612403100775194,0.9903381642512077,0.677070457354759,52.0,0.53,65.0,162.2,-4.5,0.65,174.0,14.28,-2.57,1,0,0,0,0,0,Q,0.0,0.005376344086021506,0.0,0.0,0.0,0.2657601977750309,3.53,0.49,93.0,119.2,-3.5,0.89,146.0,14.45,-1.84,loss-of-function
417,S,0.9950248756218906,0.0,0.40993788819875776,0.25,0.03349282296650718,0.24486803519061584,1.67,0.51,120.0,85.6,-0.8,1.42,105.0,9.47,-0.53,1,0,0,0,0,0,C,0.0,0.0,0.0,0.0,0.0,0.00024437927663734115,1.48,0.35,20.0,132.3,2.5,2.75,121.0,13.46,-0.3,loss-of-function
623,G,1.0,0.9948186528497409,0.0,0.0,0.004672897196261682,0.48575712143928035,0.0,0.54,49.0,62.9,-0.4,0.74,75.0,3.4,-0.19,0,0,1,0,0,0,D,0.0,0.0,0.0,0.0,0.0,0.0,49.7,0.51,106.0,97.8,-3.5,1.38,133.0,11.68,-3.27,loss-of-function
678,R,0.9809523809523809,0.0051813471502590676,0.0,0.0,0.2863849765258216,0.0472636815920398,52.0,0.53,65.0,162.2,-4.5,0.65,174.0,14.28,-2.57,0,0,1,0,0,0,H,0.0,0.0,0.0,0.0,0.023474178403755867,0.001990049751243781,51.6,0.32,66.0,155.8,-3.2,0.58,155.0,13.69,-1.44,loss-of-function
151,T,0.9950248756218906,0.005434782608695652,0.038461538461538464,0.0703125,0.019138755980861243,0.1574074074074074,1.66,0.44,97.0,106.5,-0.7,0.71,119.0,15.77,-0.32,1,0,0,0,0,0,M,0.0,0.717391304347826,0.0,0.25,0.03349282296650718,0.0787037037037037,1.43,0.3,94.0,172.9,1.9,0.0,149.0,16.25,1.4,gain-of-function
544,R,0.7598039215686274,0.03225806451612903,0.12962962962962962,0.051470588235294115,0.5305164319248826,0.008842443729903537,52.0,0.53,65.0,162.2,-4.5,0.65,174.0,14.28,-2.57,1,0,0,0,0,0,Q,0.0,0.3010752688172043,0.030864197530864196,0.029411764705882353,0.051643192488262914,0.04608788853161844,3.53,0.49,93.0,119.2,-3.5,0.89,146.0,14.45,-1.84,gain-of-function
883,V,0.9365853658536586,0.0,0.0,0.0,0.0,0.0004887585532746823,0.13,0.39,74.0,141.0,4.2,0.0,117.0,21.57,1.46,0,0,0,0,0,1,M,0.0,0.0,0.0,0.0,0.0,0.0,1.43,0.3,94.0,172.9,1.9,0.0,149.0,16.25,1.4,gain-of-function
137,S,0.9751243781094527,0.9395604395604396,0.0,0.18840579710144928,0.0,0.24462540716612377,1.67,0.51,120.0,85.6,-0.8,1.42,105.0,9.47,-0.53,1,0,0,0,0,0,P,0.0,0.01098901098901099,0.0,0.007246376811594203,0.0,0.13061889250814332,1.58,0.51,56.0,92.9,-1.6,0.39,115.0,17.43,-1.44,loss-of-function
493,N,1.0,0.0,0.08695652173913043,0.0,0.037383177570093455,0.8958691910499139,3.38,0.46,134.0,103.3,-3.5,1.33,132.0,12.82,-1.62,1,0,0,0,0,0,K,0.0,0.0,0.07453416149068323,0.029411764705882353,0.004672897196261682,0.009179575444635685,49.5,0.47,56.0,115.5,-3.9,0.33,146.0,15.71,-3.46,loss-of-function
791,A,1.0,1.0,0.0,0.7669172932330827,0.004651162790697674,0.9699248120300752,0.0,0.36,100.0,86.6,1.8,0.0,89.0,11.5,0.38,0,0,1,0,0,0,P,0.0,0.0,0.0,0.0,0.0,0.0002506265664160401,1.58,0.51,56.0,92.9,-1.6,0.39,115.0,17.43,-1.44,loss-of-function
697,V,0.9904306220095693,0.22279792746113988,0.5182926829268293,0.9402985074626866,0.06880733944954129,0.12649402390438247,0.13,0.39,74.0,141.0,4.2,0.0,117.0,21.57,1.46,0,0,1,0,0,0,M,0.0,0.26424870466321243,0.042682926829268296,0.022388059701492536,0.0,0.000747011952191235,1.43,0.3,94.0,172.9,1.9,0.0,149.0,16.25,1.4,loss-of-function
806,F,0.9952380952380953,1.0,0.0,0.0,0.0,0.602061337355455,0.35,0.31,41.0,194.1,2.8,0.0,165.0,19.8,1.98,0,0,1,0,0,0,S,0.0,0.0,0.023809523809523808,0.021739130434782608,0.0,0.017848164906988435,1.67,0.51,120.0,85.6,-0.8,1.42,105.0,9.47,-0.53,gain-of-function
40,I,0.9238578680203046,0.5977653631284916,0.06993006993006994,0.1984126984126984,0.2864321608040201,0.17546432062561096,0.13,0.46,96.0,158.0,4.5,0.0,131.0,21.4,1.97,1,0,0,0,0,0,F,0.0,0.00558659217877095,0.006993006993006993,0.0,0.2663316582914573,0.06867057673509286,0.35,0.31,41.0,194.1,2.8,0.0,165.0,19.8,1.98,loss-of-function
51,L,1.0,0.0,0.0,0.0,0.0,0.0007331378299120235,0.13,0.37,40.0,164.1,3.8,0.0,131.0,21.4,1.82,1,0,0,0,0,0,R,0.0,0.0,0.0,0.0,0.0,0.00024437927663734115,52.0,0.53,65.0,162.2,-4.5,0.65,174.0,14.28,-2.57,loss-of-function
150,S,1.0,0.6086956521739131,0.15384615384615385,0.0,0.05263157894736842,0.44025539677713593,1.67,0.51,120.0,85.6,-0.8,1.42,105.0,9.47,-0.53,1,0,0,0,0,0,C,0.0,0.0,0.0,0.0,0.20574162679425836,0.029796290665855884,1.48,0.35,20.0,132.3,2.5,2.75,121.0,13.46,-0.3,loss-of-function
430,A,0.995049504950495,0.9833333333333333,0.30246913580246915,0.96875,0.9809523809523809,0.7455819622181596,0.0,0.36,100.0,86.6,1.8,0.0,89.0,11.5,0.38,1,0,0,0,0,0,V,0.0,0.0,0.0,0.0078125,0.0,0.017672151127361365,0.13,0.39,74.0,141.0,4.2,0.0,117.0,21.57,1.46,loss-of-function
190,D,1.0,0.9946236559139785,0.9811320754716981,0.0,0.9711538461538461,0.8125193678339014,49.7,0.51,106.0,97.8,-3.5,1.38,133.0,11.68,-3.27,1,0,0,0,0,0,E,0.0,0.005376344086021506,0.0,0.023255813953488372,0.0,0.09916330957545708,49.9,0.5,102.0,113.9,-3.5,0.92,147.0,13.57,-2.9,loss-of-function
570,D,0.9754901960784313,0.0,0.0,0.028985507246376812,0.0,0.18951290923609262,49.7,0.51,106.0,97.8,-3.5,1.38,133.0,11.68,-3.27,0,1,0,0,0,0,G,0.0,0.0,0.0,0.0,0.0,0.011977641735427202,0.0,0.54,49.0,62.9,-0.4,0.74,75.0,3.4,-0.19,loss-of-function
1019,G,0.4573170731707317,0.0,0.0,0.0,0.0,0.0007331378299120235,0.0,0.54,49.0,62.9,-0.4,0.74,75.0,3.4,-0.19,0,0,0,0,0,1,R,0.03048780487804878,0.0,0.0,0.0,0.0,0.0,52.0,0.53,65.0,162.2,-4.5,0.65,174.0,14.28,-2.57,loss-of-function
55,P,0.9949494949494949,0.9777777777777777,0.9574468085106383,0.9765625,0.9798994974874372,0.5383675464320625,1.58,0.51,56.0,92.9,-1.6,0.39,115.0,17.43,-1.44,1,0,0,0,0,0,L,0.0,0.005555555555555556,0.014184397163120567,0.0,0.005025125628140704,0.007086999022482893,0.13,0.37,40.0,164.1,3.8,0.0,131.0,21.4,1.82,loss-of-function
351,F,1.0,0.23204419889502761,0.0,0.17391304347826086,0.0,0.7014276846679082,0.35,0.31,41.0,194.1,2.8,0.0,165.0,19.8,1.98,1,0,0,0,0,0,V,0.0,0.0,0.0,0.007246376811594203,0.0,0.03569211669770329,0.13,0.39,74.0,141.0,4.2,0.0,117.0,21.57,1.46,loss-of-function
228,E,0.7910447761194029,0.016129032258064516,0.34810126582278483,0.22131147540983606,0.0,0.30706274628675356,49.9,0.5,102.0,113.9,-3.5,0.92,147.0,13.57,-2.9,1,0,0,0,0,0,Q,0.0,0.8870967741935484,0.17088607594936708,0.21311475409836064,0.0048543689320388345,0.11154895422855411,3.53,0.49,93.0,119.2,-3.5,0.89,146.0,14.45,-1.84,gain-of-function
158,G,0.995049504950495,0.0,0.4645161290322581,0.0,0.46153846153846156,0.612443095599393,0.0,0.54,49.0,62.9,-0.4,0.74,75.0,3.4,-0.19,1,0,0,0,0,0,R,0.0,0.0,0.0,0.0,0.0,0.020030349013657057,52.0,0.53,65.0,162.2,-4.5,0.65,174.0,14.28,-2.57,loss-of-function
886,R,0.7864077669902912,0.0,0.0,0.0,0.0,0.0004887585532746823,52.0,0.53,65.0,162.2,-4.5,0.65,174.0,14.28,-2.57,0,0,0,0,0,1,W,0.0,0.0,0.0,0.0,0.0,0.0,2.1,0.31,18.0,224.6,-0.9,0.13,204.0,21.67,1.53,loss-of-function
104,V,1.0,0.9180327868852459,0.0,0.0078125,0.0,0.10606060606060606,0.13,0.39,74.0,141.0,4.2,0.0,117.0,21.57,1.46,1,0,0,0,0,0,P,0.0,0.00546448087431694,0.33121019108280253,0.0,0.7,0.04936461388074291,1.58,0.51,56.0,92.9,-1.6,0.39,115.0,17.43,-1.44,loss-of-function
743,L,0.9952380952380953,0.9119170984455959,0.6168831168831169,0.13533834586466165,0.6462264150943396,0.8939356126778139,0.13,0.37,40.0,164.1,3.8,0.0,131.0,21.4,1.82,0,0,1,0,0,0,P,0.0,0.0,0.0,0.0,0.0,0.0,1.58,0.51,56.0,92.9,-1.6,0.39,115.0,17.43,-1.44,loss-of-function
53,S,0.7878787878787878,0.12222222222222222,0.0,0.008,0.23115577889447236,0.0021994134897360706,1.67,0.51,120.0,85.6,-0.8,1.42,105.0,9.47,-0.53,1,0,0,0,0,0,P,0.0,0.0,0.0,0.008,0.005025125628140704,0.0004887585532746823,1.58,0.51,56.0,92.9,-1.6,0.39,115.0,17.43,-1.44,loss-of-function
782,L,0.9666666666666667,0.13471502590673576,0.8051948051948052,0.6136363636363636,0.09767441860465116,0.5694315004659832,0.13,0.37,40.0,164.1,3.8,0.0,131.0,21.4,1.82,0,0,1,0,0,0,R,0.0,0.0,0.0,0.0,0.0,0.0,52.0,0.53,65.0,162.2,-4.5,0.65,174.0,14.28,-2.57,loss-of-function
562,C,0.9951456310679612,1.0,0.9875776397515528,1.0,1.0,0.9914552736982644,1.48,0.35,20.0,132.3,2.5,2.75,121.0,13.46,-0.3,0,1,0,0,0,0,Y,0.0,0.0,0.0,0.0,0.0,0.001068090787716956,1.61,0.42,41.0,177.7,-1.3,0.2,181.0,18.03,0.49,loss-of-function
807,I,1.0,0.9585492227979274,0.1794871794871795,0.9779411764705882,0.6018518518518519,0.7814935881317576,0.13,0.46,96.0,158.0,4.5,0.0,131.0,21.4,1.97,0,0,1,0,0,0,N,0.0,0.0,0.0,0.0,0.0,0.0,3.38,0.46,134.0,103.3,-3.5,1.33,132.0,12.82,-1.62,loss-of-function
465,R,0.9901960784313726,0.12903225806451613,0.2962962962962963,0.26717557251908397,0.18604651162790697,0.20109953703703703,52.0,0.53,65.0,162.2,-4.5,0.65,174.0,14.28,-2.57,1,0,0,0,0,0,Q,0.0,0.010752688172043012,0.037037037037037035,0.04580152671755725,0.03255813953488372,0.14872685185185186,3.53,0.49,93.0,119.2,-3.5,0.89,146.0,14.45,-1.84,loss-of-function
461,L,1.0,0.9838709677419355,0.9197530864197531,0.9769230769230769,0.9392523364485982,0.6461405030355594,0.13,0.37,40.0,164.1,3.8,0.0,131.0,21.4,1.82,1,0,0,0,0,0,P,0.0,0.0,0.0,0.0,0.009345794392523364,0.0,1.58,0.51,56.0,92.9,-1.6,0.39,115.0,17.43,-1.44,loss-of-function
151,T,0.9950248756218906,0.005434782608695652,0.038461538461538464,0.0703125,0.019138755980861243,0.1574074074074074,1.66,0.44,97.0,106.5,-0.7,0.71,119.0,15.77,-0.32,1,0,0,0,0,0,R,0.0,0.0,0.0,0.0390625,0.004784688995215311,0.015123456790123457,52.0,0.53,65.0,162.2,-4.5,0.65,174.0,14.28,-2.57,gain-of-function
680,R,1.0,0.9792746113989638,0.6506024096385542,0.9555555555555556,0.009345794392523364,0.738740980343369,52.0,0.53,65.0,162.2,-4.5,0.65,174.0,14.28,-2.57,0,0,1,0,0,0,H,0.0,0.0,0.024096385542168676,0.007407407407407408,0.004672897196261682,0.002239363025628266,51.6,0.32,66.0,155.8,-3.2,0.58,155.0,13.69,-1.44,loss-of-function
820,S,1.0,0.0051813471502590676,0.3,0.5555555555555556,0.4046511627906977,0.2858233647238483,1.67,0.51,120.0,85.6,-0.8,1.42,105.0,9.47,-0.53,0,0,1,0,0,0,A,0.0,0.0,0.4,0.02962962962962963,0.018604651162790697,0.17688979384067194,0.0,0.36,100.0,86.6,1.8,0.0,89.0,11.5,0.38,loss-of-function
839,I,1.0,0.772020725388601,0.0,0.0,0.004629629629629629,0.0010227563283047815,0.13,0.46,96.0,158.0,4.5,0.0,131.0,21.4,1.97,0,0,1,0,0,0,T,0.0,0.025906735751295335,0.006211180124223602,0.0,0.013888888888888888,0.0,1.66,0.44,97.0,106.5,-0.7,0.71,119.0,15.77,-0.32,gain-of-function
465,R,0.9901960784313726,0.12903225806451613,0.2962962962962963,0.26717557251908397,0.18604651162790697,0.20109953703703703,52.0,0.53,65.0,162.2,-4.5,0.65,174.0,14.28,-2.57,1,0,0,0,0,0,W,0.0,0.021505376344086023,0.0,0.45038167938931295,0.0,0.00028935185185185184,2.1,0.31,18.0,224.6,-0.9,0.13,204.0,21.67,1.53,loss-of-function
213,A,1.0,0.40860215053763443,0.03773584905660377,0.08527131782945736,0.03398058252427184,0.17609096496619545,0.0,0.36,100.0,86.6,1.8,0.0,89.0,11.5,0.38,1,0,0,0,0,0,E,0.0,0.0,0.0,0.0,0.0,0.00030731407498463427,49.9,0.5,102.0,113.9,-3.5,0.92,147.0,13.57,-2.9,loss-of-function
530,W,1.0,0.0,0.9937888198757764,1.0,0.7162790697674418,0.9663915094339622,2.1,0.31,18.0,224.6,-0.9,0.13,204.0,21.67,1.53,1,0,0,0,0,0,G,0.0,0.0,0.006211180124223602,0.0,0.004651162790697674,0.00029481132075471697,0.0,0.54,49.0,62.9,-0.4,0.74,75.0,3.4,-0.19,loss-of-function
825,Y,1.0,0.9378238341968912,0.32298136645962733,0.07407407407407407,0.35185185185185186,0.9681771894093686,1.61,0.42,41.0,177.7,-1.3,0.2,181.0,18.03,0.49,0,0,1,0,0,0,P,0.0,0.0,0.0,0.0,0.0,0.0,1.58,0.51,56.0,92.9,-1.6,0.39,115.0,17.43,-1.44,gain-of-function
634,F,1.0,1.0,0.8303030303030303,0.9927007299270073,0.9629629629629629,0.9498385895207351,0.35,0.31,41.0,194.1,2.8,0.0,165.0,19.8,1.98,0,0,1,0,0,0,S,0.0,0.0,0.0,0.0072992700729927005,0.004629629629629629,0.00024832381425378696,1.67,0.51,120.0,85.6,-0.8,1.42,105.0,9.47,-0.53,loss-of-function
849,L,1.0,0.9635416666666666,0.3057324840764331,0.22962962962962963,0.7731481481481481,0.8548057259713702,0.13,0.37,40.0,164.1,3.8,0.0,131.0,21.4,1.82,0,0,1,0,0,0,P,0.0,0.0,0.0,0.0,0.0,0.0,1.58,0.51,56.0,92.9,-1.6,0.39,115.0,17.43,-1.44,loss-of-function
81,I,1.0,0.772972972972973,0.9934640522875817,0.9534883720930233,0.9760765550239234,0.9474342928660826,0.13,0.46,96.0,158.0,4.5,0.0,131.0,21.4,1.97,1,0,0,0,0,0,T,0.0,0.0,0.0,0.0,0.0,0.002190237797246558,1.66,0.44,97.0,106.5,-0.7,0.71,119.0,15.77,-0.32,loss-of-function
110,A,1.0,0.7103825136612022,0.949685534591195,0.0,0.009569377990430622,0.34285714285714286,0.0,0.36,100.0,86.6,1.8,0.0,89.0,11.5,0.38,1,0,0,0,0,0,T,0.0,0.0,0.0,0.0,0.009569377990430622,0.05745007680491551,1.66,0.44,97.0,106.5,-0.7,0.71,119.0,15.77,-0.32,loss-of-function
809,F,1.0,0.9896373056994818,0.8695652173913043,0.5447761194029851,0.9444444444444444,0.9860794735509998,0.35,0.31,41.0,194.1,2.8,0.0,165.0,19.8,1.98,0,0,1,0,0,0,I,0.0,0.0,0.0,0.0,0.032407407407407406,0.002531004808909137,0.13,0.46,96.0,158.0,4.5,0.0,131.0,21.4,1.97,loss-of-function
748,P,1.0,0.8134715025906736,0.8782051282051282,0.2878787878787879,0.4232558139534884,0.9860314292841108,1.58,0.51,56.0,92.9,-1.6,0.39,115.0,17.43,-1.44,0,0,0,0,1,0,L,0.0,0.010362694300518135,0.0,0.13636363636363635,0.0,0.001995510102269893,0.13,0.37,40.0,164.1,3.8,0.0,131.0,21.4,1.82,loss-of-function
469,F,0.8627450980392157,0.7204301075268817,0.9874213836477987,0.9923664122137404,0.7407407407407407,0.8614177803602556,0.35,0.31,41.0,194.1,2.8,0.0,165.0,19.8,1.98,1,0,0,0,0,0,C,0.0,0.0,0.0,0.0,0.0,0.0002905287623474724,1.48,0.35,20.0,132.3,2.5,2.75,121.0,13.46,-0.3,loss-of-function
296,S,1.0,1.0,0.5886075949367089,0.7209302325581395,0.7019230769230769,0.6776212832550861,1.67,0.51,120.0,85.6,-0.8,1.42,105.0,9.47,-0.53,1,0,0,0,0,0,N,0.0,0.0,0.0,0.0,0.0,0.010328638497652582,3.38,0.46,134.0,103.3,-3.5,1.33,132.0,12.82,-1.62,loss-of-function
861,L,1.0,0.5647668393782384,0.6832298136645962,0.7238805970149254,0.7788018433179723,0.7735460627895008,0.13,0.37,40.0,164.1,3.8,0.0,131.0,21.4,1.82,0,0,1,0,0,0,P,0.0,0.0,0.006211180124223602,0.0,0.0,0.0002573340195573855,1.58,0.51,56.0,92.9,-1.6,0.39,115.0,17.43,-1.44,loss-of-function
824,A,1.0,0.0,0.05625,0.02962962962962963,0.004672897196261682,0.5958259099007381,0.0,0.36,100.0,86.6,1.8,0.0,89.0,11.5,0.38,0,0,1,0,0,0,P,0.0,0.0,0.0,0.0,0.0,0.0007635530669381522,1.58,0.51,56.0,92.9,-1.6,0.39,115.0,17.43,-1.44,gain-of-function
817,V,1.0,0.0051813471502590676,0.48427672955974843,0.01904761904761905,0.3611111111111111,0.9781226151106589,0.13,0.39,74.0,141.0,4.2,0.0,117.0,21.57,1.46,0,0,1,0,0,0,I,0.0,0.8652849740932642,0.2830188679245283,0.12380952380952381,0.5925925925925926,0.014245738997710507,0.13,0.46,96.0,158.0,4.5,0.0,131.0,21.4,1.97,loss-of-function
582,C,1.0,0.9948186528497409,0.9938650306748467,0.9926470588235294,1.0,0.9951801116184678,1.48,0.35,20.0,132.3,2.5,2.75,121.0,13.46,-0.3,0,1,0,0,0,0,F,0.0,0.0,0.0,0.0,0.0,0.0005073566717402334,0.35,0.31,41.0,194.1,2.8,0.0,165.0,19.8,1.98,loss-of-function
161,Y,0.9850746268656716,0.0,0.21153846153846154,0.0,0.0,0.44247521778311805,1.61,0.42,41.0,177.7,-1.3,0.2,181.0,18.03,0.49,1,0,0,0,0,0,C,0.004975124378109453,0.0,0.0,0.010101010101010102,0.0,0.0033042955842595375,1.48,0.35,20.0,132.3,2.5,2.75,121.0,13.46,-0.3,loss-of-function
263,T,0.9104477611940298,0.0,0.056962025316455694,0.4846153846153846,0.0,0.5711159737417943,1.66,0.44,97.0,106.5,-0.7,0.71,119.0,15.77,-0.32,1,0,0,0,0,0,M,0.0,0.0,0.0,0.03076923076923077,0.0,0.0034385745545482964,1.43,0.3,94.0,172.9,1.9,0.0,149.0,16.25,1.4,loss-of-function
220,R,1.0,0.9608938547486033,0.17721518987341772,0.7054263565891473,0.7115384615384616,0.08195211786372007,52.0,0.53,65.0,162.2,-4.5,0.65,174.0,14.28,-2.57,1,0,0,0,0,0,W,0.0,0.0,0.006329113924050633,0.0,0.009615384615384616,0.0,2.1,0.31,18.0,224.6,-0.9,0.13,204.0,21.67,1.53,loss-of-function
116,A,1.0,0.08196721311475409,0.28846153846153844,0.5503875968992248,0.4354066985645933,0.009928637914986037,0.0,0.36,100.0,86.6,1.8,0.0,89.0,11.5,0.38,1,0,0,0,0,0,T,0.0,0.0,0.019230769230769232,0.007751937984496124,0.4880382775119617,0.17747440273037543,1.66,0.44,97.0,106.5,-0.7,0.71,119.0,15.77,-0.32,gain-of-function
419,N,1.0,0.0,0.9130434782608695,0.1328125,0.01932367149758454,0.6213441194772868,3.38,0.46,134.0,103.3,-3.5,1.33,132.0,12.82,-1.62,1,0,0,0,0,0,S,0.0,0.0,0.07453416149068323,0.5390625,0.30917874396135264,0.11978842563783447,1.67,0.51,120.0,85.6,-0.8,1.42,105.0,9.47,-0.53,gain-of-function
828,T,1.0,0.9637305699481865,0.0,0.0,0.009174311926605505,0.42232392575642,1.66,0.44,97.0,106.5,-0.7,0.71,119.0,15.77,-0.32,0,0,1,0,0,0,I,0.0,0.015544041450777202,0.0,0.0,0.0,0.006102212051868803,0.13,0.46,96.0,158.0,4.5,0.0,131.0,21.4,1.97,loss-of-function
610,E,1.0,0.010362694300518135,0.608433734939759,0.6861313868613139,0.6175115207373272,0.6308001003260597,49.9,0.5,102.0,113.9,-3.5,0.92,147.0,13.57,-2.9,0,0,1,0,0,0,G,0.0,0.0,0.0,0.0,0.0,0.010785051417105593,0.0,0.54,49.0,62.9,-0.4,0.74,75.0,3.4,-0.19,gain-of-function
19,A,0.7817258883248731,0.0,0.0,0.0,0.0,0.002932551319648094,0.0,0.36,100.0,86.6,1.8,0.0,89.0,11.5,0.38,1,0,0,0,0,0,P,0.0,0.0,0.0,0.0,0.0,0.0012218963831867058,1.58,0.51,56.0,92.9,-1.6,0.39,115.0,17.43,-1.44,loss-of-function
358,C,1.0,0.9859154929577465,0.6369047619047619,0.952755905511811,0.9952380952380953,0.9731607199242185,1.48,0.35,20.0,132.3,2.5,2.75,121.0,13.46,-0.3,1,0,0,0,0,0,S,0.0,0.0,0.0,0.023622047244094488,0.0,0.001894537417113988,1.67,0.51,120.0,85.6,-0.8,1.42,105.0,9.47,-0.53,loss-of-function
21,G,1.0,0.0,0.011904761904761904,0.0,0.0,0.00024437927663734115,0.0,0.54,49.0,62.9,-0.4,0.74,75.0,3.4,-0.19,1,0,0,0,0,0,R,0.0,0.0,0.0,0.0,0.0,0.003176930596285435,52.0,0.53,65.0,162.2,-4.5,0.65,174.0,14.28,-2.57,loss-of-function
774,G,0.9952380952380953,0.9015544041450777,0.03821656050955414,0.11538461538461539,0.539906103286385,0.9029029029029029,0.0,0.54,49.0,62.9,-0.4,0.74,75.0,3.4,-0.19,0,0,1,0,0,0,S,0.0,0.03626943005181347,0.0,0.8076923076923077,0.018779342723004695,0.052802802802802806,1.67,0.51,120.0,85.6,-0.8,1.42,105.0,9.47,-0.53,loss-of-function
800,N,1.0,0.7512953367875648,0.8580246913580247,0.9191176470588235,0.0,0.4049172102358254,3.38,0.46,134.0,103.3,-3.5,1.33,132.0,12.82,-1.62,0,0,0,1,0,0,T,0.0,0.0,0.0,0.03676470588235294,0.009216589861751152,0.24535875564475665,1.66,0.44,97.0,106.5,-0.7,0.71,119.0,15.77,-0.32,gain-of-function
174,L,1.0,0.9946236559139785,0.9811320754716981,0.8125,0.6908212560386473,0.8562519488618646,0.13,0.37,40.0,164.1,3.8,0.0,131.0,21.4,1.82,1,0,0,0,0,0,R,0.0,0.0,0.006289308176100629,0.0,0.0,0.0037418147801683817,52.0,0.53,65.0,162.2,-4.5,0.65,174.0,14.28,-2.57,loss-of-function
133,E,0.6732673267326733,0.0,0.0,0.007246376811594203,0.0,0.046526655896607434,49.9,0.5,102.0,113.9,-3.5,0.92,147.0,13.57,-2.9,1,0,0,0,0,0,V,0.0,0.0,0.0,0.007246376811594203,0.0,0.05460420032310178,0.13,0.39,74.0,141.0,4.2,0.0,117.0,21.57,1.46,gain-of-function
798,P,1.0,1.0,1.0,1.0,0.44907407407407407,0.982442939553549,1.58,0.51,56.0,92.9,-1.6,0.39,115.0,17.43,-1.44,0,0,0,1,0,0,T,0.0,0.0,0.0,0.0,0.0,0.00025081514923501377,1.66,0.44,97.0,106.5,-0.7,0.71,119.0,15.77,-0.32,loss-of-function
735,Q,1.0,0.9788359788359788,0.6392405063291139,0.2196969696969697,0.37264150943396224,0.9498753117206983,3.53,0.49,93.0,119.2,-3.5,0.89,146.0,14.45,-1.84,0,0,1,0,0,0,P,0.0,0.0,0.0,0.0,0.0047169811320754715,0.000997506234413965,1.58,0.51,56.0,92.9,-1.6,0.39,115.0,17.43,-1.44,gain-of-function
158,G,0.995049504950495,0.0,0.4645161290322581,0.0,0.46153846153846156,0.612443095599393,0.0,0.54,49.0,62.9,-0.4,0.74,75.0,3.4,-0.19,1,0,0,0,0,0,E,0.0,0.0,0.0,0.0,0.0,0.08679817905918058,49.9,0.5,102.0,113.9,-3.5,0.92,147.0,13.57,-2.9,loss-of-function
69,R,1.0,0.016483516483516484,0.0,0.23622047244094488,0.0,0.3869851159570786,52.0,0.53,65.0,162.2,-4.5,0.65,174.0,14.28,-2.57,1,0,0,0,0,0,C,0.0,0.0,0.06756756756756757,0.0,0.0,0.004845967462789893,1.48,0.35,20.0,132.3,2.5,2.75,121.0,13.46,-0.3,loss-of-function
351,F,1.0,0.23204419889502761,0.0,0.17391304347826086,0.0,0.7014276846679082,0.35,0.31,41.0,194.1,2.8,0.0,165.0,19.8,1.98,1,0,0,0,0,0,I,0.0,0.0,0.0,0.0,0.0,0.01675977653631285,0.13,0.46,96.0,158.0,4.5,0.0,131.0,21.4,1.97,loss-of-function
681,Q,1.0,0.9947916666666666,0.7228915662650602,0.9615384615384616,0.677570093457944,0.5588162148719225,3.53,0.49,93.0,119.2,-3.5,0.89,146.0,14.45,-1.84,0,0,1,0,0,0,H,0.0,0.0,0.024096385542168676,0.009615384615384616,0.004672897196261682,0.3941805521014673,51.6,0.32,66.0,155.8,-3.2,0.58,155.0,13.69,-1.44,gain-of-function
138,T,1.0,0.005434782608695652,0.09032258064516129,0.0,0.023923444976076555,0.026516306004266993,1.66,0.44,97.0,106.5,-0.7,0.71,119.0,15.77,-0.32,1,0,0,0,0,0,M,0.0,0.0,0.04516129032258064,0.0,0.009569377990430622,0.01676318195672051,1.43,0.3,94.0,172.9,1.9,0.0,149.0,16.25,1.4,loss-of-function
178,N,0.9900497512437811,0.043010752688172046,0.012658227848101266,0.016129032258064516,0.004830917874396135,0.04089915704027474,3.38,0.46,134.0,103.3,-3.5,1.33,132.0,12.82,-1.62,1,0,0,0,0,0,Y,0.0,0.0,0.012658227848101266,0.0,0.0,0.01935685295035904,1.61,0.42,41.0,177.7,-1.3,0.2,181.0,18.03,0.49,gain-of-function
832,F,0.9952153110047847,0.0051813471502590676,0.2625,0.022222222222222223,0.041666666666666664,0.29867143587123146,0.35,0.31,41.0,194.1,2.8,0.0,165.0,19.8,1.98,0,0,1,0,0,0,S,0.0,0.0,0.0125,0.0,0.0787037037037037,0.0258048032703117,1.67,0.51,120.0,85.6,-0.8,1.42,105.0,9.47,-0.53,gain-of-function
569,P,0.7365853658536585,0.7967914438502673,0.06097560975609756,0.8248175182481752,0.11320754716981132,0.39220917822838847,1.58,0.51,56.0,92.9,-1.6,0.39,115.0,17.43,-1.44,0,1,0,0,0,0,H,0.0,0.0,0.0,0.0,0.0,0.0010672358591248667,51.6,0.32,66.0,155.8,-3.2,0.58,155.0,13.69,-1.44,gain-of-function
90,N,1.0,0.12021857923497267,0.6862745098039216,0.2248062015503876,0.014423076923076924,0.6932668329177057,3.38,0.46,134.0,103.3,-3.5,1.33,132.0,12.82,-1.62,1,0,0,0,0,0,T,0.0,0.0,0.0,0.0,0.0,0.0012468827930174563,1.66,0.44,97.0,106.5,-0.7,0.71,119.0,15.77,-0.32,loss-of-function
77,A,1.0,0.5380434782608695,0.5131578947368421,0.7364341085271318,0.8672985781990521,0.8600500939261114,0.0,0.36,100.0,86.6,1.8,0.0,89.0,11.5,0.38,1,0,0,0,0,0,V,0.0,0.005434782608695652,0.0,0.015503875968992248,0.009478672985781991,0.009079524107701941,0.13,0.39,74.0,141.0,4.2,0.0,117.0,21.57,1.46,loss-of-function
690,L,1.0,0.9581151832460733,0.012121212121212121,0.045112781954887216,0.05092592592592592,0.5279023418036871,0.13,0.37,40.0,164.1,3.8,0.0,131.0,21.4,1.82,0,0,1,0,0,0,R,0.0,0.0,0.0,0.0,0.004629629629629629,0.0,52.0,0.53,65.0,162.2,-4.5,0.65,174.0,14.28,-2.57,loss-of-function
837,E,1.0,0.9948186528497409,0.006211180124223602,0.01904761904761905,0.009259259259259259,0.9351544549400052,49.9,0.5,102.0,113.9,-3.5,0.92,147.0,13.57,-2.9,0,0,1,0,0,0,D,0.0,0.0,0.012422360248447204,0.8857142857142857,0.0,0.0012764871074802144,49.7,0.51,106.0,97.8,-3.5,1.38,133.0,11.68,-3.27,gain-of-function
423,A,0.9950248756218906,0.9888888888888889,1.0,0.890625,0.9855769230769231,0.8372943327239488,0.0,0.36,100.0,86.6,1.8,0.0,89.0,11.5,0.38,1,0,0,0,0,0,K,0.0,0.0,0.0,0.0,0.0,0.0009140767824497258,49.5,0.47,56.0,115.5,-3.9,0.33,146.0,15.71,-3.46,loss-of-function
844,A,0.7703349282296651,0.0,0.03773584905660377,0.0,0.004629629629629629,0.0020408163265306124,0.0,0.36,100.0,86.6,1.8,0.0,89.0,11.5,0.38,0,0,1,0,0,0,T,0.0,0.0,0.14465408805031446,0.0,0.18055555555555555,0.0005102040816326531,1.66,0.44,97.0,106.5,-0.7,0.71,119.0,15.77,-0.32,gain-of-function
297,E,1.0,0.0,0.9873417721518988,0.7692307692307693,0.642512077294686,0.5892689049262629,49.9,0.5,102.0,113.9,-3.5,0.92,147.0,13.57,-2.9,1,0,0,0,0,0,K,0.0,0.0,0.0,0.0,0.0,0.01882648258550361,49.5,0.47,56.0,115.5,-3.9,0.33,146.0,15.71,-3.46,loss-of-function
222,G,0.9950248756218906,0.00558659217877095,0.9363057324840764,0.21705426356589147,0.7740384615384616,0.4320685434516524,0.0,0.54,49.0,62.9,-0.4,0.74,75.0,3.4,-0.19,1,0,0,0,0,0,E,0.0,0.0,0.0,0.0,0.0,0.004589963280293758,49.9,0.5,102.0,113.9,-3.5,0.92,147.0,13.57,-2.9,loss-of-function
339,P,0.9950248756218906,0.8766233766233766,0.27976190476190477,0.5579710144927537,0.4306930693069307,0.8788167938931297,1.58,0.51,56.0,92.9,-1.6,0.39,115.0,17.43,-1.44,1,0,0,0,0,0,T,0.0,0.0,0.0,0.0,0.009900990099009901,0.018765903307888042,1.66,0.44,97.0,106.5,-0.7,0.71,119.0,15.77,-0.32,loss-of-function
123,L,0.995049504950495,0.0,0.0,0.0,0.0,0.011974584555229716,0.13,0.37,40.0,164.1,3.8,0.0,131.0,21.4,1.82,1,0,0,0,0,0,S,0.0,0.0,0.0,0.0,0.0,0.031036168132942327,1.67,0.51,120.0,85.6,-0.8,1.42,105.0,9.47,-0.53,gain-of-function
604,E,0.9952380952380953,0.5906735751295337,0.21212121212121213,0.2463768115942029,0.08333333333333333,0.4987462387161484,49.9,0.5,102.0,113.9,-3.5,0.92,147.0,13.57,-2.9,0,1,0,0,0,0,K,0.0,0.010362694300518135,0.0,0.021739130434782608,0.2037037037037037,0.0022567703109327986,49.5,0.47,56.0,115.5,-3.9,0.33,146.0,15.71,-3.46,gain-of-function
767,E,0.9952380952380953,0.9844559585492227,0.532051282051282,0.0,0.009302325581395349,0.36197394789579157,49.9,0.5,102.0,113.9,-3.5,0.92,147.0,13.57,-2.9,0,0,0,0,1,0,K,0.0,0.0051813471502590676,0.1346153846153846,0.05042016806722689,0.0,0.17710420841683366,49.5,0.47,56.0,115.5,-3.9,0.33,146.0,15.71,-3.46,gain-of-function
82,N,1.0,0.9837837837837838,1.0,0.9689922480620154,1.0,0.9824780976220275,3.38,0.46,134.0,103.3,-3.5,1.33,132.0,12.82,-1.62,1,0,0,0,0,0,K,0.0,0.0,0.0,0.0,0.0,0.0025031289111389237,49.5,0.47,56.0,115.5,-3.9,0.33,146.0,15.71,-3.46,loss-of-function
29,K,0.7839195979899497,0.0,0.0,0.0,0.0,0.0,49.5,0.47,56.0,115.5,-3.9,0.33,146.0,15.71,-3.46,1,0,0,0,0,0,E,0.005025125628140704,0.0,0.0,0.0,0.0,0.00024437927663734115,49.9,0.5,102.0,113.9,-3.5,0.92,147.0,13.57,-2.9,gain-of-function
437,C,1.0,1.0,1.0,1.0,1.0,0.46994134897360706,1.48,0.35,20.0,132.3,2.5,2.75,121.0,13.46,-0.3,1,0,0,0,0,0,R,0.0,0.0,0.0,0.0,0.0,0.004643206256109482,52.0,0.53,65.0,162.2,-4.5,0.65,174.0,14.28,-2.57,loss-of-function
146,G,1.0,0.0,0.0,0.015151515151515152,0.02403846153846154,0.3057184750733138,0.0,0.54,49.0,62.9,-0.4,0.74,75.0,3.4,-0.19,1,0,0,0,0,0,D,0.0,0.0,0.02564102564102564,0.0,0.009615384615384616,0.0036656891495601175,49.7,0.51,106.0,97.8,-3.5,1.38,133.0,11.68,-3.27,loss-of-function
582,C,1.0,0.9948186528497409,0.9938650306748467,0.9926470588235294,1.0,0.9951801116184678,1.48,0.35,20.0,132.3,2.5,2.75,121.0,13.46,-0.3,0,1,0,0,0,0,R,0.0,0.0,0.0,0.0,0.0,0.0002536783358701167,52.0,0.53,65.0,162.2,-4.5,0.65,174.0,14.28,-2.57,loss-of-function
80,E,0.9950248756218906,0.010810810810810811,0.9084967320261438,0.9,0.8038277511961722,0.9343134188301533,49.9,0.5,102.0,113.9,-3.5,0.92,147.0,13.57,-2.9,1,0,0,0,0,0,D,0.0,0.0,0.0,0.0,0.0,0.007194244604316547,49.7,0.51,106.0,97.8,-3.5,1.38,133.0,11.68,-3.27,loss-of-function
542,C,1.0,0.9623655913978495,0.9877300613496932,0.9926470588235294,0.9906542056074766,0.9914301017675415,1.48,0.35,20.0,132.3,2.5,2.75,121.0,13.46,-0.3,1,0,0,0,0,0,Y,0.0,0.0,0.0,0.0,0.0,0.0002678093197643278,1.61,0.42,41.0,177.7,-1.3,0.2,181.0,18.03,0.49,loss-of-function
410,D,0.9950248756218906,0.027624309392265192,0.030534351145038167,0.2992125984251969,0.0,0.6827889447236181,49.7,0.51,106.0,97.8,-3.5,1.38,133.0,11.68,-3.27,1,0,0,0,0,0,E,0.0,0.7734806629834254,0.061068702290076333,0.6692913385826772,0.0,0.22047738693467336,49.9,0.5,102.0,113.9,-3.5,0.92,147.0,13.57,-2.9,gain-of-function
748,P,1.0,0.8134715025906736,0.8782051282051282,0.2878787878787879,0.4232558139534884,0.9860314292841108,1.58,0.51,56.0,92.9,-1.6,0.39,115.0,17.43,-1.44,0,0,0,0,1,0,R,0.0,0.05699481865284974,0.0,0.0,0.004651162790697674,0.0007483162883512097,52.0,0.53,65.0,162.2,-4.5,0.65,174.0,14.28,-2.57,loss-of-function
60,C,0.9949748743718593,0.994475138121547,0.9645390070921985,0.9919354838709677,0.9849246231155779,0.4022482893450635,1.48,0.35,20.0,132.3,2.5,2.75,121.0,13.46,-0.3,1,0,0,0,0,0,F,0.0,0.0,0.0,0.0,0.005025125628140704,0.001466275659824047,0.35,0.31,41.0,194.1,2.8,0.0,165.0,19.8,1.98,loss-of-function
220,R,1.0,0.9608938547486033,0.17721518987341772,0.7054263565891473,0.7115384615384616,0.08195211786372007,52.0,0.53,65.0,162.2,-4.5,0.65,174.0,14.28,-2.57,1,0,0,0,0,0,P,0.0,0.0,0.0,0.0,0.0,0.0012277470841006752,1.58,0.51,56.0,92.9,-1.6,0.39,115.0,17.43,-1.44,loss-of-function
661,C,1.0,0.0,0.16463414634146342,0.18181818181818182,0.8511627906976744,0.8351103396974957,1.48,0.35,20.0,132.3,2.5,2.75,121.0,13.46,-0.3,0,0,1,0,0,0,Y,0.0,0.0,0.0,0.5378787878787878,0.009302325581395349,0.001239771881973717,1.61,0.42,41.0,177.7,-1.3,0.2,181.0,18.03,0.49,loss-of-function
164,Q,1.0,0.9516129032258065,0.25316455696202533,0.7480916030534351,0.9521531100478469,0.5349050826699326,3.53,0.49,93.0,119.2,-3.5,0.89,146.0,14.45,-1.84,1,0,0,0,0,0,K,0.0,0.0,0.0,0.0,0.004784688995215311,0.01132884262094305,49.5,0.47,56.0,115.5,-3.9,0.33,146.0,15.71,-3.46,loss-of-function
26,A,0.9899497487437185,0.0,0.0,0.0,0.0,0.0004887585532746823,0.0,0.36,100.0,86.6,1.8,0.0,89.0,11.5,0.38,1,0,0,0,0,0,G,0.0,0.0,0.0,0.0,0.0,0.0,0.0,0.54,49.0,62.9,-0.4,0.74,75.0,3.4,-0.19,loss-of-function
550,T,0.9902439024390244,0.0,0.0,0.0,0.0,0.44560557341907825,1.66,0.44,97.0,106.5,-0.7,0.71,119.0,15.77,-0.32,1,0,0,0,0,0,I,0.0,0.016042780748663103,0.0,0.0,0.0,0.0010718113612004287,0.13,0.46,96.0,158.0,4.5,0.0,131.0,21.4,1.97,loss-of-function
101,C,1.0,0.994535519125683,0.987012987012987,0.984251968503937,0.9952380952380953,0.4696969696969697,1.48,0.35,20.0,132.3,2.5,2.75,121.0,13.46,-0.3,1,0,0,0,0,0,W,0.0,0.0,0.006493506493506494,0.0,0.0,0.0,2.1,0.31,18.0,224.6,-0.9,0.13,204.0,21.67,1.53,loss-of-function
125,L,1.0,0.0,0.0,0.0,0.0,0.0,0.13,0.37,40.0,164.1,3.8,0.0,131.0,21.4,1.82,1,0,0,0,0,0,F,0.0,0.006756756756756757,0.0,0.0,0.0,0.0,0.35,0.31,41.0,194.1,2.8,0.0,165.0,19.8,1.98,gain-of-function
183,F,1.0,0.9946236559139785,0.9937106918238994,0.23076923076923078,1.0,0.688331785824822,0.35,0.31,41.0,194.1,2.8,0.0,165.0,19.8,1.98,1,0,0,0,0,0,L,0.0,0.005376344086021506,0.0,0.34615384615384615,0.0,0.18848653667595172,0.13,0.37,40.0,164.1,3.8,0.0,131.0,21.4,1.82,loss-of-function
218,Y,1.0,0.6827956989247311,0.9873417721518988,0.9224806201550387,0.9855769230769231,0.5999386879215205,1.61,0.42,41.0,177.7,-1.3,0.2,181.0,18.03,0.49,1,0,0,0,0,0,H,0.0,0.0,0.0,0.0,0.004807692307692308,0.015021459227467811,51.6,0.32,66.0,155.8,-3.2,0.58,155.0,13.69,-1.44,loss-of-function
227,R,0.7910447761194029,0.0,0.006329113924050633,0.10852713178294573,0.0,0.1466222356861557,52.0,0.53,65.0,162.2,-4.5,0.65,174.0,14.28,-2.57,1,0,0,0,0,0,L,0.0,0.04838709677419355,0.006329113924050633,0.06201550387596899,0.18932038834951456,0.21114813692820358,0.13,0.37,40.0,164.1,3.8,0.0,131.0,21.4,1.82,loss-of-function
418,Y,1.0,0.0,0.5493827160493827,0.6456692913385826,0.0430622009569378,0.6048613275163602,1.61,0.42,41.0,177.7,-1.3,0.2,181.0,18.03,0.49,1,0,0,0,0,0,C,0.0,0.0,0.0,0.0,0.0,0.00373948270489249,1.48,0.35,20.0,132.3,2.5,2.75,121.0,13.46,-0.3,loss-of-function
220,R,1.0,0.9608938547486033,0.17721518987341772,0.7054263565891473,0.7115384615384616,0.08195211786372007,52.0,0.53,65.0,162.2,-4.5,0.65,174.0,14.28,-2.57,1,0,0,0,0,0,Q,0.0,0.027932960893854747,0.3924050632911392,0.03875968992248062,0.24519230769230768,0.0678330263965623,3.53,0.49,93.0,119.2,-3.5,0.89,146.0,14.45,-1.84,loss-of-function
119,K,1.0,0.0,0.0,0.01,0.004784688995215311,0.0,49.5,0.47,56.0,115.5,-3.9,0.33,146.0,15.71,-3.46,1,0,0,0,0,0,I,0.0,0.0,0.0,0.0,0.0,0.0004887585532746823,0.13,0.46,96.0,158.0,4.5,0.0,131.0,21.4,1.97,gain-of-function
616,L,1.0,1.0,0.9757575757575757,0.23357664233576642,0.7230046948356808,0.927554334249313,0.13,0.37,40.0,164.1,3.8,0.0,131.0,21.4,1.82,0,0,1,0,0,0,V,0.0,0.0,0.0,0.1678832116788321,0.03286384976525822,0.0069947539345490885,0.13,0.39,74.0,141.0,4.2,0.0,117.0,21.57,1.46,gain-of-function
1005,D,0.8466257668711656,0.0,0.0,0.0,0.0,0.020039100684261974,49.7,0.51,106.0,97.8,-3.5,1.38,133.0,11.68,-3.27,0,0,0,0,0,1,N,0.0,0.0,0.0,0.0,0.0,0.0004887585532746823,3.38,0.46,134.0,103.3,-3.5,1.33,132.0,12.82,-1.62,loss-of-function
727,L,1.0,0.020833333333333332,0.05660377358490566,0.18796992481203006,0.33649289099526064,0.06114299975043674,0.13,0.37,40.0,164.1,3.8,0.0,131.0,21.4,1.82,0,0,1,0,0,0,Q,0.0,0.0,0.0,0.0,0.0,0.0,3.53,0.49,93.0,119.2,-3.5,0.89,146.0,14.45,-1.84,gain-of-function
509,G,1.0,0.0,0.9875776397515528,0.24242424242424243,1.0,0.9763620639953877,0.0,0.54,49.0,62.9,-0.4,0.74,75.0,3.4,-0.19,1,0,0,0,0,0,A,0.0,0.9731182795698925,0.006211180124223602,0.75,0.0,0.007783222830786971,0.0,0.36,100.0,86.6,1.8,0.0,89.0,11.5,0.38,loss-of-function
836,V,1.0,0.9896373056994818,0.4906832298136646,0.05925925925925926,0.6435185185185185,0.8557201225740552,0.13,0.39,74.0,141.0,4.2,0.0,117.0,21.57,1.46,0,0,1,0,0,0,L,0.0,0.0,0.062111801242236024,0.5555555555555556,0.0,0.010214504596527068,0.13,0.37,40.0,164.1,3.8,0.0,131.0,21.4,1.82,gain-of-function
236,C,1.0,0.9946236559139785,1.0,1.0,1.0,0.9908031882280809,1.48,0.35,20.0,132.3,2.5,2.75,121.0,13.46,-0.3,1,0,0,0,0,0,G,0.0,0.0,0.0,0.0,0.0,0.0009196811771919068,0.0,0.54,49.0,62.9,-0.4,0.74,75.0,3.4,-0.19,loss-of-function
271,S,0.7910447761194029,0.0111731843575419,0.8607594936708861,0.7175572519083969,0.4187192118226601,0.01466275659824047,1.67,0.51,120.0,85.6,-0.8,1.42,105.0,9.47,-0.53,1,0,0,0,0,0,F,0.0,0.0,0.0,0.0,0.0,0.0024437927663734115,0.35,0.31,41.0,194.1,2.8,0.0,165.0,19.8,1.98,loss-of-function
788,F,1.0,0.9948186528497409,0.9805194805194806,1.0,0.9627906976744186,0.849624060150376,0.35,0.31,41.0,194.1,2.8,0.0,165.0,19.8,1.98,0,0,1,0,0,0,L,0.0,0.0051813471502590676,0.012987012987012988,0.0,0.027906976744186046,0.10927318295739348,0.13,0.37,40.0,164.1,3.8,0.0,131.0,21.4,1.82,gain-of-function
844,A,0.7703349282296651,0.0,0.03773584905660377,0.0,0.004629629629629629,0.0020408163265306124,0.0,0.36,100.0,86.6,1.8,0.0,89.0,11.5,0.38,0,0,1,0,0,0,P,0.0,0.0,0.012578616352201259,0.0,0.0,0.0012755102040816326,1.58,0.51,56.0,92.9,-1.6,0.39,115.0,17.43,-1.44,gain-of-function
680,R,1.0,0.9792746113989638,0.6506024096385542,0.9555555555555556,0.009345794392523364,0.738740980343369,52.0,0.53,65.0,162.2,-4.5,0.65,174.0,14.28,-2.57,0,0,1,0,0,0,C,0.0,0.0,0.0,0.0,0.0,0.009952724558347848,1.48,0.35,20.0,132.3,2.5,2.75,121.0,13.46,-0.3,loss-of-function
801,F,1.0,0.0,0.04938271604938271,0.007352941176470588,0.0,0.9663485685585133,0.35,0.31,41.0,194.1,2.8,0.0,165.0,19.8,1.98,0,0,0,1,0,0,L,0.0,0.0,0.0,0.0,0.004608294930875576,0.0007533902561526871,0.13,0.37,40.0,164.1,3.8,0.0,131.0,21.4,1.82,loss-of-function
504,V,0.8029556650246306,0.0058823529411764705,0.0,0.0,0.0,0.0,0.13,0.39,74.0,141.0,4.2,0.0,117.0,21.57,1.46,1,0,0,0,0,0,M,0.13793103448275862,0.0,0.0,0.0,0.0,0.0,1.43,0.3,94.0,172.9,1.9,0.0,149.0,16.25,1.4,loss-of-function
728,V,1.0,0.515625,0.6178343949044586,0.7575757575757576,0.8957345971563981,0.6502868545772013,0.13,0.39,74.0,141.0,4.2,0.0,117.0,21.57,1.46,0,0,1,0,0,0,F,0.0,0.0,0.0,0.030303030303030304,0.0,0.002993265153404839,0.35,0.31,41.0,194.1,2.8,0.0,165.0,19.8,1.98,loss-of-function
781,C,1.0,0.0,0.0,0.0,0.0,0.00024437927663734115,1.48,0.35,20.0,132.3,2.5,2.75,121.0,13.46,-0.3,0,0,1,0,0,0,R,0.0,0.0,0.0,0.0,0.0,0.0,52.0,0.53,65.0,162.2,-4.5,0.65,174.0,14.28,-2.57,loss-of-function
707,E,1.0,0.0051813471502590676,0.0,0.007518796992481203,0.9534883720930233,0.0017452006980802793,49.9,0.5,102.0,113.9,-3.5,0.92,147.0,13.57,-2.9,0,0,0,1,0,0,V,0.0,0.0,0.0,0.0,0.0,0.004487658937920718,0.13,0.39,74.0,141.0,4.2,0.0,117.0,21.57,1.46,loss-of-function
145,T,0.8009950248756219,0.09239130434782608,0.0,0.0,0.0,0.2416871921182266,1.66,0.44,97.0,106.5,-0.7,0.71,119.0,15.77,-0.32,1,0,0,0,0,0,I,0.0,0.0,0.0,0.0,0.0,0.019704433497536946,0.13,0.46,96.0,158.0,4.5,0.0,131.0,21.4,1.97,loss-of-function
298,A,1.0,0.0,0.13924050632911392,0.18461538461538463,0.7004830917874396,0.2844574780058651,0.0,0.36,100.0,86.6,1.8,0.0,89.0,11.5,0.38,1,0,0,0,0,0,T,0.0,0.0,0.0,0.046153846153846156,0.03864734299516908,0.017839687194525906,1.66,0.44,97.0,106.5,-0.7,0.71,119.0,15.77,-0.32,loss-of-function
799,E,1.0,0.7979274611398963,0.5617283950617284,0.0,0.0,0.0055151667084482325,49.9,0.5,102.0,113.9,-3.5,0.92,147.0,13.57,-2.9,0,0,0,1,0,0,K,0.0,0.0,0.012345679012345678,0.2867647058823529,0.24537037037037038,0.0007520681875156681,49.5,0.47,56.0,115.5,-3.9,0.33,146.0,15.71,-3.46,gain-of-function
190,D,1.0,0.9946236559139785,0.9811320754716981,0.0,0.9711538461538461,0.8125193678339014,49.7,0.51,106.0,97.8,-3.5,1.38,133.0,11.68,-3.27,1,0,0,0,0,0,G,0.0,0.0,0.006289308176100629,0.015503875968992248,0.004807692307692308,0.013634955066625348,0.0,0.54,49.0,62.9,-0.4,0.74,75.0,3.4,-0.19,loss-of-function
163,P,0.9950248756218906,0.967741935483871,1.0,0.9923076923076923,0.9808612440191388,0.9528445390933983,1.58,0.51,56.0,92.9,-1.6,0.39,115.0,17.43,-1.44,1,0,0,0,0,0,R,0.0,0.0,0.0,0.0,0.0,0.001216915120170368,52.0,0.53,65.0,162.2,-4.5,0.65,174.0,14.28,-2.57,loss-of-function
228,E,0.7910447761194029,0.016129032258064516,0.34810126582278483,0.22131147540983606,0.0,0.30706274628675356,49.9,0.5,102.0,113.9,-3.5,0.92,147.0,13.57,-2.9,1,0,0,0,0,0,K,0.14925373134328357,0.0,0.16455696202531644,0.19672131147540983,0.21844660194174756,0.11730827523491967,49.5,0.47,56.0,115.5,-3.9,0.33,146.0,15.71,-3.46,gain-of-function
118,N,1.0,0.0,0.00641025641025641,0.11538461538461539,0.17703349282296652,0.011974584555229716,3.38,0.46,134.0,103.3,-3.5,1.33,132.0,12.82,-1.62,1,0,0,0,0,0,K,0.0,0.0,0.09615384615384616,0.023076923076923078,0.24880382775119617,0.014907135874877811,49.5,0.47,56.0,115.5,-3.9,0.33,146.0,15.71,-3.46,gain-of-function
272,S,0.9601990049751243,0.0446927374301676,0.46835443037974683,0.015267175572519083,0.44878048780487806,0.11272609819121447,1.67,0.51,120.0,85.6,-0.8,1.42,105.0,9.47,-0.53,1,0,0,0,0,0,I,0.0,0.0,0.006329113924050633,0.0,0.01951219512195122,0.016795865633074936,0.13,0.46,96.0,158.0,4.5,0.0,131.0,21.4,1.97,loss-of-function
752,R,0.8904761904761904,0.0,0.0,0.0,0.0,0.0004991265285749938,52.0,0.53,65.0,162.2,-4.5,0.65,174.0,14.28,-2.57,0,0,0,0,1,0,C,0.0,0.0,0.0,0.0,0.0,0.0,1.48,0.35,20.0,132.3,2.5,2.75,121.0,13.46,-0.3,loss-of-function
832,F,0.9952153110047847,0.0051813471502590676,0.2625,0.022222222222222223,0.041666666666666664,0.29867143587123146,0.35,0.31,41.0,194.1,2.8,0.0,165.0,19.8,1.98,0,0,1,0,0,0,L,0.0,0.0,0.00625,0.7555555555555555,0.3101851851851852,0.0258048032703117,0.13,0.37,40.0,164.1,3.8,0.0,131.0,21.4,1.82,gain-of-function
122,S,0.995049504950495,0.0,0.0,0.0,0.0,0.03543499511241447,1.67,0.51,120.0,85.6,-0.8,1.42,105.0,9.47,-0.53,1,0,0,0,0,0,C,0.0,0.0,0.0,0.0,0.0,0.00024437927663734115,1.48,0.35,20.0,132.3,2.5,2.75,121.0,13.46,-0.3,gain-of-function
867,N,1.0,0.9948186528497409,0.9254658385093167,0.9776119402985075,0.9906976744186047,0.9633737425844725,3.38,0.46,134.0,103.3,-3.5,1.33,132.0,12.82,-1.62,0,0,0,0,0,1,I,0.0,0.0,0.0,0.0,0.0,0.0033531080732525148,0.13,0.46,96.0,158.0,4.5,0.0,131.0,21.4,1.97,loss-of-function
589,F,0.5238095238095238,0.0,0.0,0.0,0.0,0.26435045317220546,0.35,0.31,41.0,194.1,2.8,0.0,165.0,19.8,1.98,0,1,0,0,0,0,L,0.0,0.0051813471502590676,0.0,0.0,0.0,0.020644511581067473,0.13,0.37,40.0,164.1,3.8,0.0,131.0,21.4,1.82,gain-of-function
37,L,1.0,0.9428571428571428,0.7021276595744681,0.96,0.9801980198019802,0.17790811339198437,0.13,0.37,40.0,164.1,3.8,0.0,131.0,21.4,1.82,1,0,0,0,0,0,P,0.0,0.0,0.0070921985815602835,0.0,0.0049504950495049506,0.0009775171065493646,1.58,0.51,56.0,92.9,-1.6,0.39,115.0,17.43,-1.44,loss-of-function
680,R,1.0,0.9792746113989638,0.6506024096385542,0.9555555555555556,0.009345794392523364,0.738740980343369,52.0,0.53,65.0,162.2,-4.5,0.65,174.0,14.28,-2.57,0,0,1,0,0,0,G,0.0,0.0,0.012048192771084338,0.0,0.004672897196261682,0.001492908683752177,0.0,0.54,49.0,62.9,-0.4,0.74,75.0,3.4,-0.19,gain-of-function
557,G,0.8536585365853658,0.20855614973262032,0.8695652173913043,0.9562043795620438,1.0,0.8895131086142322,0.0,0.54,49.0,62.9,-0.4,0.74,75.0,3.4,-0.19,1,0,0,0,0,0,E,0.0,0.0,0.0,0.014598540145985401,0.0,0.03210272873194221,49.9,0.5,102.0,113.9,-3.5,0.92,147.0,13.57,-2.9,loss-of-function
1074,N,0.9691358024691358,0.0,0.0,0.0,0.0,0.0,3.38,0.46,134.0,103.3,-3.5,1.33,132.0,12.82,-1.62,0,0,0,0,0,1,D,0.006172839506172839,0.0,0.0,0.0,0.0,0.0,49.7,0.51,106.0,97.8,-3.5,1.38,133.0,11.68,-3.27,loss-of-function
302,S,0.9850746268656716,0.06666666666666667,0.25157232704402516,0.09230769230769231,0.47596153846153844,0.31098936513051884,1.67,0.51,120.0,85.6,-0.8,1.42,105.0,9.47,-0.53,1,0,0,0,0,0,F,0.0,0.0,0.0,0.0,0.0,0.018047051240734774,0.35,0.31,41.0,194.1,2.8,0.0,165.0,19.8,1.98,loss-of-function
127,E,0.9900497512437811,0.0,0.0,0.0,0.0,0.0,49.9,0.5,102.0,113.9,-3.5,0.92,147.0,13.57,-2.9,1,0,0,0,0,0,A,0.0,0.0,0.0,0.0,0.0,0.0,0.0,0.36,100.0,86.6,1.8,0.0,89.0,11.5,0.38,gain-of-function
81,I,1.0,0.772972972972973,0.9934640522875817,0.9534883720930233,0.9760765550239234,0.9474342928660826,0.13,0.46,96.0,158.0,4.5,0.0,131.0,21.4,1.97,1,0,0,0,0,0,M,0.0,0.03783783783783784,0.0,0.007751937984496124,0.0,0.004067584480600751,1.43,0.3,94.0,172.9,1.9,0.0,149.0,16.25,1.4,loss-of-function
178,N,0.9900497512437811,0.043010752688172046,0.012658227848101266,0.016129032258064516,0.004830917874396135,0.04089915704027474,3.38,0.46,134.0,103.3,-3.5,1.33,132.0,12.82,-1.62,1,0,0,0,0,0,T,0.0,0.026881720430107527,0.0,0.03225806451612903,0.01932367149758454,0.1189509834530128,1.66,0.44,97.0,106.5,-0.7,0.71,119.0,15.77,-0.32,loss-of-function
149,V,0.4427860696517413,0.34782608695652173,0.00641025641025641,0.0,0.07177033492822966,0.026881720430107527,0.13,0.39,74.0,141.0,4.2,0.0,117.0,21.57,1.46,1,0,0,0,0,0,L,0.0,0.010869565217391304,0.1346153846153846,0.0,0.6698564593301436,0.04887585532746823,0.13,0.37,40.0,164.1,3.8,0.0,131.0,21.4,1.82,loss-of-function
765,C,1.0,0.9896373056994818,0.9935483870967742,1.0,1.0,0.9944889779559118,1.48,0.35,20.0,132.3,2.5,2.75,121.0,13.46,-0.3,0,0,0,0,1,0,R,0.0,0.0,0.0064516129032258064,0.0,0.0,0.000501002004008016,52.0,0.53,65.0,162.2,-4.5,0.65,174.0,14.28,-2.57,loss-of-function
551,R,1.0,0.0106951871657754,0.6196319018404908,0.0364963503649635,0.8066037735849056,0.7427275153456098,52.0,0.53,65.0,162.2,-4.5,0.65,174.0,14.28,-2.57,1,0,0,0,0,0,G,0.0,0.0,0.0,0.0,0.0,0.0018681611956231651,0.0,0.54,49.0,62.9,-0.4,0.74,75.0,3.4,-0.19,loss-of-function
129,C,1.0,0.0,0.0,0.0,0.0,0.0,1.48,0.35,20.0,132.3,2.5,2.75,121.0,13.46,-0.3,1,0,0,0,0,0,Y,0.0,0.0,0.0,0.007246376811594203,0.0,0.00024437927663734115,1.61,0.42,41.0,177.7,-1.3,0.2,181.0,18.03,0.49,gain-of-function
820,S,1.0,0.0051813471502590676,0.3,0.5555555555555556,0.4046511627906977,0.2858233647238483,1.67,0.51,120.0,85.6,-0.8,1.42,105.0,9.47,-0.53,0,0,1,0,0,0,F,0.0,0.0051813471502590676,0.0,0.14074074074074075,0.26046511627906976,0.0012725884448969204,0.35,0.31,41.0,194.1,2.8,0.0,165.0,19.8,1.98,gain-of-function
225,K,0.9950248756218906,0.0,0.012738853503184714,0.0,0.0,0.02376599634369287,49.5,0.47,56.0,115.5,-3.9,0.33,146.0,15.71,-3.46,1,0,0,0,0,0,T,0.0,0.40860215053763443,0.05732484076433121,0.007751937984496124,0.04854368932038835,0.1291895185862279,1.66,0.44,97.0,106.5,-0.7,0.71,119.0,15.77,-0.32,loss-of-function
809,F,1.0,0.9896373056994818,0.8695652173913043,0.5447761194029851,0.9444444444444444,0.9860794735509998,0.35,0.31,41.0,194.1,2.8,0.0,165.0,19.8,1.98,0,0,1,0,0,0,L,0.0,0.0051813471502590676,0.012422360248447204,0.44776119402985076,0.004629629629629629,0.007339913945836497,0.13,0.37,40.0,164.1,3.8,0.0,131.0,21.4,1.82,loss-of-function
31,D,1.0,0.5224719101123596,0.8848920863309353,0.9508196721311475,0.9405940594059405,0.4743401759530792,49.7,0.51,106.0,97.8,-3.5,1.38,133.0,11.68,-3.27,1,0,0,0,0,0,G,0.0,0.0,0.007194244604316547,0.0,0.0049504950495049506,0.002688172043010753,0.0,0.54,49.0,62.9,-0.4,0.74,75.0,3.4,-0.19,loss-of-function
212,I,0.835820895522388,0.8333333333333334,0.06289308176100629,0.015503875968992248,0.2669902912621359,0.3244648318042814,0.13,0.46,96.0,158.0,4.5,0.0,131.0,21.4,1.97,1,0,0,0,0,0,T,0.0,0.0,0.0,0.0,0.0,0.0015290519877675841,1.66,0.44,97.0,106.5,-0.7,0.71,119.0,15.77,-0.32,loss-of-function
657,S,1.0,0.5129533678756477,0.6932515337423313,0.07352941176470588,0.22429906542056074,0.8625897499381034,1.67,0.51,120.0,85.6,-0.8,1.42,105.0,9.47,-0.53,0,0,1,0,0,0,Y,0.0,0.0,0.0,0.0,0.0,0.0004951720722951226,1.61,0.42,41.0,177.7,-1.3,0.2,181.0,18.03,0.49,loss-of-function
463,H,0.7941176470588235,0.010752688172043012,0.030864197530864196,0.0,0.19626168224299065,0.40700028926815157,51.6,0.32,66.0,155.8,-3.2,0.58,155.0,13.69,-1.44,1,0,0,0,0,0,Q,0.20588235294117646,0.03225806451612903,0.25925925925925924,0.2824427480916031,0.0794392523364486,0.10673994793173272,3.53,0.49,93.0,119.2,-3.5,0.89,146.0,14.45,-1.84,loss-of-function
830,G,1.0,1.0,0.7530864197530864,0.9703703703703703,0.009259259259259259,0.9895568008150789,0.0,0.54,49.0,62.9,-0.4,0.74,75.0,3.4,-0.19,0,0,1,0,0,0,S,0.0,0.0,0.024691358024691357,0.0,0.037037037037037035,0.0015282730514518594,1.67,0.51,120.0,85.6,-0.8,1.42,105.0,9.47,-0.53,gain-of-function
101,C,1.0,0.994535519125683,0.987012987012987,0.984251968503937,0.9952380952380953,0.4696969696969697,1.48,0.35,20.0,132.3,2.5,2.75,121.0,13.46,-0.3,1,0,0,0,0,0,R,0.0,0.0,0.0,0.0,0.0,0.00024437927663734115,52.0,0.53,65.0,162.2,-4.5,0.65,174.0,14.28,-2.57,loss-of-function
212,I,0.835820895522388,0.8333333333333334,0.06289308176100629,0.015503875968992248,0.2669902912621359,0.3244648318042814,0.13,0.46,96.0,158.0,4.5,0.0,131.0,21.4,1.97,1,0,0,0,0,0,S,0.0,0.0,0.0,0.0,0.0,0.0,1.67,0.51,120.0,85.6,-0.8,1.42,105.0,9.47,-0.53,loss-of-function
704,L,1.0,0.9792746113989638,0.012269938650306749,0.0,0.3302325581395349,0.3472532935620184,0.13,0.37,40.0,164.1,3.8,0.0,131.0,21.4,1.82,0,0,1,0,0,0,P,0.0,0.0,0.0,0.0,0.0,0.0004971414367387521,1.58,0.51,56.0,92.9,-1.6,0.39,115.0,17.43,-1.44,loss-of-function
42,F,0.9949494949494949,0.0,0.0,0.0,0.0,0.36192570869990226,0.35,0.31,41.0,194.1,2.8,0.0,165.0,19.8,1.98,1,0,0,0,0,0,S,0.0,0.0,0.0,0.0,0.0,0.003421309872922776,1.67,0.51,120.0,85.6,-0.8,1.42,105.0,9.47,-0.53,loss-of-function
645,A,0.9952380952380953,0.5699481865284974,0.0,0.0,0.9116279069767442,0.9629355077835434,0.0,0.36,100.0,86.6,1.8,0.0,89.0,11.5,0.38,0,0,0,1,0,0,D,0.0,0.0,0.0,0.0,0.0,0.0004941932295527551,49.7,0.51,106.0,97.8,-3.5,1.38,133.0,11.68,-3.27,loss-of-function
178,N,0.9900497512437811,0.043010752688172046,0.012658227848101266,0.016129032258064516,0.004830917874396135,0.04089915704027474,3.38,0.46,134.0,103.3,-3.5,1.33,132.0,12.82,-1.62,1,0,0,0,0,0,D,0.0,0.0,0.0,0.008064516129032258,0.04830917874396135,0.04152357165157665,49.7,0.51,106.0,97.8,-3.5,1.38,133.0,11.68,-3.27,loss-of-function
828,T,1.0,0.9637305699481865,0.0,0.0,0.009174311926605505,0.42232392575642,1.66,0.44,97.0,106.5,-0.7,0.71,119.0,15.77,-0.32,0,0,1,0,0,0,N,0.0,0.0051813471502590676,0.0,0.0,0.0,0.0015255530129672007,3.38,0.46,134.0,103.3,-3.5,1.33,132.0,12.82,-1.62,gain-of-function
514,Y,0.7389162561576355,0.0,0.0,0.036231884057971016,0.0,0.0004887585532746823,1.61,0.42,41.0,177.7,-1.3,0.2,181.0,18.03,0.49,1,0,0,0,0,0,C,0.0,0.0,0.0,0.0,0.0,0.0,1.48,0.35,20.0,132.3,2.5,2.75,121.0,13.46,-0.3,gain-of-function
432,Q,0.995049504950495,0.08333333333333333,0.0,0.03125,0.0,0.07753116448768622,3.53,0.49,93.0,119.2,-3.5,0.89,146.0,14.45,-1.84,1,0,0,0,0,0,R,0.0,0.40555555555555556,0.018518518518518517,0.0,0.0,0.007601094557616297,52.0,0.53,65.0,162.2,-4.5,0.65,174.0,14.28,-2.57,loss-of-function
205,R,0.7661691542288557,0.021505376344086023,0.05660377358490566,0.49230769230769234,0.05314009661835749,0.09121415497254423,52.0,0.53,65.0,162.2,-4.5,0.65,174.0,14.28,-2.57,1,0,0,0,0,0,C,0.0,0.0,0.0,0.015384615384615385,0.0,0.0003050640634533252,1.48,0.35,20.0,132.3,2.5,2.75,121.0,13.46,-0.3,loss-of-function
221,P,1.0,0.0,0.0,0.0,0.0,0.0006121824303642485,1.58,0.51,56.0,92.9,-1.6,0.39,115.0,17.43,-1.44,1,0,0,0,0,0,Q,0.0,0.0,0.29936305732484075,0.031007751937984496,0.47115384615384615,0.17110498928680748,3.53,0.49,93.0,119.2,-3.5,0.89,146.0,14.45,-1.84,loss-of-function
693,S,1.0,0.9481865284974094,0.6829268292682927,0.7388059701492538,0.9815668202764977,0.9523928215353938,1.67,0.51,120.0,85.6,-0.8,1.42,105.0,9.47,-0.53,0,0,1,0,0,0,L,0.0,0.0,0.012195121951219513,0.0,0.0,0.0,0.13,0.37,40.0,164.1,3.8,0.0,131.0,21.4,1.82,loss-of-function
536,E,0.9901477832512315,0.06486486486486487,0.006211180124223602,0.13740458015267176,0.13615023474178403,0.2576508306616147,49.9,0.5,102.0,113.9,-3.5,0.92,147.0,13.57,-2.9,1,0,0,0,0,0,D,0.0,0.0,0.006211180124223602,0.0,0.0,0.006703584960652871,49.7,0.51,106.0,97.8,-3.5,1.38,133.0,11.68,-3.27,loss-of-function
26,A,0.9899497487437185,0.0,0.0,0.0,0.0,0.0004887585532746823,0.0,0.36,100.0,86.6,1.8,0.0,89.0,11.5,0.38,1,0,0,0,0,0,S,0.0,0.0,0.0,0.0,0.0,0.0007331378299120235,1.67,0.51,120.0,85.6,-0.8,1.42,105.0,9.47,-0.53,loss-of-function
734,M,0.44976076555023925,0.005208333333333333,0.0,0.0,0.014150943396226415,0.012243878060969516,1.43,0.3,94.0,172.9,1.9,0.0,149.0,16.25,1.4,0,0,1,0,0,0,T,0.0,0.005208333333333333,0.2229299363057325,0.0,0.2028301886792453,0.010494752623688156,1.66,0.44,97.0,106.5,-0.7,0.71,119.0,15.77,-0.32,gain-of-function
573,Y,0.9414634146341463,0.9625668449197861,0.0,0.13333333333333333,0.6431924882629108,0.0013245033112582781,1.61,0.42,41.0,177.7,-1.3,0.2,181.0,18.03,0.49,0,1,0,0,0,0,C,0.0,0.0,0.0,0.0,0.0,0.0005298013245033113,1.48,0.35,20.0,132.3,2.5,2.75,121.0,13.46,-0.3,loss-of-function
722,N,1.0,0.0,0.0,0.0,0.0,0.0,3.38,0.46,134.0,103.3,-3.5,1.33,132.0,12.82,-1.62,0,0,1,0,0,0,S,0.0,0.0,0.0,0.0,0.0,0.0,1.67,0.51,120.0,85.6,-0.8,1.42,105.0,9.47,-0.53,gain-of-function
67,G,1.0,0.1813186813186813,0.9391891891891891,0.9896907216494846,0.9611650485436893,0.10899315738025415,0.0,0.54,49.0,62.9,-0.4,0.74,75.0,3.4,-0.19,1,0,0,0,0,0,V,0.0,0.3241758241758242,0.0,0.0,0.02912621359223301,0.008064516129032258,0.13,0.39,74.0,141.0,4.2,0.0,117.0,21.57,1.46,loss-of-function
288,I,0.9353233830845771,0.0,0.0,0.0,0.0,0.1478494623655914,0.13,0.46,96.0,158.0,4.5,0.0,131.0,21.4,1.97,1,0,0,0,0,0,V,0.04975124378109453,0.015544041450777202,0.0,0.0,0.0,0.1989247311827957,0.13,0.39,74.0,141.0,4.2,0.0,117.0,21.57,1.46,loss-of-function
561,C,0.9951456310679612,0.9893048128342246,0.9875776397515528,0.9854014598540146,1.0,0.9914461373964181,1.48,0.35,20.0,132.3,2.5,2.75,121.0,13.46,-0.3,0,1,0,0,0,0,G,0.0,0.0,0.0,0.014598540145985401,0.0,0.0002673082063619353,0.0,0.54,49.0,62.9,-0.4,0.74,75.0,3.4,-0.19,loss-of-function
221,P,1.0,0.0,0.0,0.0,0.0,0.0006121824303642485,1.58,0.51,56.0,92.9,-1.6,0.39,115.0,17.43,-1.44,1,0,0,0,0,0,S,0.0,0.25139664804469275,0.006369426751592357,0.0,0.02403846153846154,0.05325987144168962,1.67,0.51,120.0,85.6,-0.8,1.42,105.0,9.47,-0.53,loss-of-function
677,C,1.0,0.9740932642487047,0.9878787878787879,1.0,1.0,0.9967669733897041,1.48,0.35,20.0,132.3,2.5,2.75,121.0,13.46,-0.3,0,0,1,0,0,0,Y,0.0,0.0,0.0,0.0,0.0,0.0,1.61,0.42,41.0,177.7,-1.3,0.2,181.0,18.03,0.49,loss-of-function
777,I,1.0,0.0,0.0,0.0,0.0,0.0,0.13,0.46,96.0,158.0,4.5,0.0,131.0,21.4,1.97,0,0,1,0,0,0,L,0.0,0.0,0.0,0.08695652173913043,0.0,0.0,0.13,0.37,40.0,164.1,3.8,0.0,131.0,21.4,1.82,loss-of-function
716,R,0.9904306220095693,0.0051813471502590676,0.25308641975308643,0.022727272727272728,0.16355140186915887,0.22189638318670576,52.0,0.53,65.0,162.2,-4.5,0.65,174.0,14.28,-2.57,0,0,0,1,0,0,C,0.0,0.0,0.0,0.007575757575757576,0.06074766355140187,0.00024437927663734115,1.48,0.35,20.0,132.3,2.5,2.75,121.0,13.46,-0.3,loss-of-function
757,E,0.9940119760479041,0.0,0.057692307692307696,0.0,0.08837209302325581,0.05488721804511278,49.9,0.5,102.0,113.9,-3.5,0.92,147.0,13.57,-2.9,0,0,0,0,1,0,K,0.0,0.0,0.08333333333333333,0.007633587786259542,0.27906976744186046,0.13609022556390976,49.5,0.47,56.0,115.5,-3.9,0.33,146.0,15.71,-3.46,gain-of-function
661,C,1.0,0.0,0.16463414634146342,0.18181818181818182,0.8511627906976744,0.8351103396974957,1.48,0.35,20.0,132.3,2.5,2.75,121.0,13.46,-0.3,0,0,1,0,0,0,W,0.0,0.0,0.0,0.0,0.0,0.0002479543763947434,2.1,0.31,18.0,224.6,-0.9,0.13,204.0,21.67,1.53,loss-of-function
972,T,0.9900990099009901,0.0,0.0,0.0,0.0,0.00024437927663734115,1.66,0.44,97.0,106.5,-0.7,0.71,119.0,15.77,-0.32,0,0,0,0,0,1,M,0.0049504950495049506,0.0051813471502590676,0.0,0.0,0.0,0.00024437927663734115,1.43,0.3,94.0,172.9,1.9,0.0,149.0,16.25,1.4,loss-of-function
765,C,1.0,0.9896373056994818,0.9935483870967742,1.0,1.0,0.9944889779559118,1.48,0.35,20.0,132.3,2.5,2.75,121.0,13.46,-0.3,0,0,0,0,1,0,W,0.0,0.0051813471502590676,0.0,0.0,0.0,0.000250501002004008,2.1,0.31,18.0,224.6,-0.9,0.13,204.0,21.67,1.53,loss-of-function
926,Q,0.4411764705882353,0.0,0.0,0.0,0.0,0.00024437927663734115,3.53,0.49,93.0,119.2,-3.5,0.89,146.0,14.45,-1.84,0,0,0,0,0,1,R,0.0,0.0,0.0,0.0,0.013761467889908258,0.00024437927663734115,52.0,0.53,65.0,162.2,-4.5,0.65,174.0,14.28,-2.57,loss-of-function
824,A,1.0,0.0,0.05625,0.02962962962962963,0.004672897196261682,0.5958259099007381,0.0,0.36,100.0,86.6,1.8,0.0,89.0,11.5,0.38,0,0,1,0,0,0,S,0.0,0.0,0.01875,0.014814814814814815,0.004672897196261682,0.028251463476711633,1.67,0.51,120.0,85.6,-0.8,1.42,105.0,9.47,-0.53,gain-of-function
125,L,1.0,0.0,0.0,0.0,0.0,0.0,0.13,0.37,40.0,164.1,3.8,0.0,131.0,21.4,1.82,1,0,0,0,0,0,P,0.0,0.0,0.0,0.0,0.0,0.0,1.58,0.51,56.0,92.9,-1.6,0.39,115.0,17.43,-1.44,gain-of-function
459,Q,0.9950738916256158,0.06666666666666667,0.7950310559006211,0.5757575757575758,0.7619047619047619,0.7140686721361288,3.53,0.49,93.0,119.2,-3.5,0.89,146.0,14.45,-1.84,1,0,0,0,0,0,R,0.0,0.0,0.006211180124223602,0.09848484848484848,0.0,0.007292616226071103,52.0,0.53,65.0,162.2,-4.5,0.65,174.0,14.28,-2.57,loss-of-function
881,F,1.0,0.0051813471502590676,0.0,0.0,0.0,0.0004887585532746823,0.35,0.31,41.0,194.1,2.8,0.0,165.0,19.8,1.98,0,0,0,0,0,1,L,0.0,0.0,0.0,0.0,0.0,0.00024437927663734115,0.13,0.37,40.0,164.1,3.8,0.0,131.0,21.4,1.82,loss-of-function
802,N,0.7952380952380952,1.0,0.8633540372670807,0.9558823529411765,0.9539170506912442,0.958594730238394,3.38,0.46,134.0,103.3,-3.5,1.33,132.0,12.82,-1.62,0,0,1,0,0,0,S,0.0,0.0,0.049689440993788817,0.007352941176470588,0.02304147465437788,0.013801756587202008,1.67,0.51,120.0,85.6,-0.8,1.42,105.0,9.47,-0.53,loss-of-function
